date,home_team,away_team,home_score,away_score,tournament,neutral
2014-09-16,Olympiakos Piraeus,Club Atlético de Madrid,3,2,uefa.cl,FALSE
2014-09-16,Juventus,Malmö FF,2,0,uefa.cl,FALSE
2014-09-16,Real Madrid CF,FC Basel 1893,5,1,uefa.cl,FALSE
2014-09-16,Liverpool,PFC Ludogorets Razgrad,2,1,uefa.cl,FALSE
2014-09-16,AS Monaco,Bayer 04 Leverkusen,1,0,uefa.cl,FALSE
2014-09-16,SL Benfica,Zenit St. Petersburg,0,2,uefa.cl,FALSE
2014-09-16,Borussia Dortmund,Arsenal,2,0,uefa.cl,FALSE
2014-09-16,Galatasaray,RSC Anderlecht,1,1,uefa.cl,FALSE
2014-09-17,AS Roma,CSKA Moskva,5,1,uefa.cl,FALSE
2014-09-17,FC Bayern München,Manchester City,1,0,uefa.cl,FALSE
2014-09-17,AFC Ajax,Paris Saint-Germain,1,1,uefa.cl,FALSE
2014-09-17,FC Barcelona,APOEL Nikosia,1,0,uefa.cl,FALSE
2014-09-17,Chelsea,FC Schalke 04,1,1,uefa.cl,FALSE
2014-09-17,NK Maribor,Sporting CP,1,1,uefa.cl,FALSE
2014-09-17,Athletic Club,Shakhtar Donetsk,0,0,uefa.cl,FALSE
2014-09-17,FC Porto,BATE Borisov,6,0,uefa.cl,FALSE
2014-09-30,CSKA Moskva,FC Bayern München,0,1,uefa.cl,FALSE
2014-09-30,Manchester City,AS Roma,1,1,uefa.cl,FALSE
2014-09-30,APOEL Nikosia,AFC Ajax,1,1,uefa.cl,FALSE
2014-09-30,Paris Saint-Germain,FC Barcelona,3,2,uefa.cl,FALSE
2014-09-30,Sporting CP,Chelsea,0,1,uefa.cl,FALSE
2014-09-30,FC Schalke 04,NK Maribor,1,1,uefa.cl,FALSE
2014-09-30,BATE Borisov,Athletic Club,2,1,uefa.cl,FALSE
2014-09-30,Shakhtar Donetsk,FC Porto,2,2,uefa.cl,FALSE
2014-10-01,Club Atlético de Madrid,Juventus,1,0,uefa.cl,FALSE
2014-10-01,Malmö FF,Olympiakos Piraeus,2,0,uefa.cl,FALSE
2014-10-01,FC Basel 1893,Liverpool,1,0,uefa.cl,FALSE
2014-10-01,PFC Ludogorets Razgrad,Real Madrid CF,1,2,uefa.cl,FALSE
2014-10-01,Zenit St. Petersburg,AS Monaco,0,0,uefa.cl,FALSE
2014-10-01,Bayer 04 Leverkusen,SL Benfica,3,1,uefa.cl,FALSE
2014-10-01,Arsenal,Galatasaray,4,1,uefa.cl,FALSE
2014-10-01,RSC Anderlecht,Borussia Dortmund,0,3,uefa.cl,FALSE
2014-10-21,CSKA Moskva,Manchester City,2,2,uefa.cl,FALSE
2014-10-21,AS Roma,FC Bayern München,1,7,uefa.cl,FALSE
2014-10-21,FC Barcelona,AFC Ajax,3,1,uefa.cl,FALSE
2014-10-21,APOEL Nikosia,Paris Saint-Germain,0,1,uefa.cl,FALSE
2014-10-21,Chelsea,NK Maribor,6,0,uefa.cl,FALSE
2014-10-21,FC Schalke 04,Sporting CP,4,3,uefa.cl,FALSE
2014-10-21,FC Porto,Athletic Club,2,1,uefa.cl,FALSE
2014-10-21,BATE Borisov,Shakhtar Donetsk,0,7,uefa.cl,FALSE
2014-10-22,Club Atlético de Madrid,Malmö FF,5,0,uefa.cl,FALSE
2014-10-22,Olympiakos Piraeus,Juventus,1,0,uefa.cl,FALSE
2014-10-22,PFC Ludogorets Razgrad,FC Basel 1893,1,0,uefa.cl,FALSE
2014-10-22,Liverpool,Real Madrid CF,0,3,uefa.cl,FALSE
2014-10-22,AS Monaco,SL Benfica,0,0,uefa.cl,FALSE
2014-10-22,Bayer 04 Leverkusen,Zenit St. Petersburg,2,0,uefa.cl,FALSE
2014-10-22,RSC Anderlecht,Arsenal,1,2,uefa.cl,FALSE
2014-10-22,Galatasaray,Borussia Dortmund,0,4,uefa.cl,FALSE
2014-11-04,Malmö FF,Club Atlético de Madrid,0,2,uefa.cl,FALSE
2014-11-04,Juventus,Olympiakos Piraeus,3,2,uefa.cl,FALSE
2014-11-04,FC Basel 1893,PFC Ludogorets Razgrad,4,0,uefa.cl,FALSE
2014-11-04,Real Madrid CF,Liverpool,1,0,uefa.cl,FALSE
2014-11-04,Zenit St. Petersburg,Bayer 04 Leverkusen,1,2,uefa.cl,FALSE
2014-11-04,SL Benfica,AS Monaco,1,0,uefa.cl,FALSE
2014-11-04,Arsenal,RSC Anderlecht,3,3,uefa.cl,FALSE
2014-11-04,Borussia Dortmund,Galatasaray,4,1,uefa.cl,FALSE
2014-11-05,FC Bayern München,AS Roma,2,0,uefa.cl,FALSE
2014-11-05,Manchester City,CSKA Moskva,1,2,uefa.cl,FALSE
2014-11-05,AFC Ajax,FC Barcelona,0,2,uefa.cl,FALSE
2014-11-05,Paris Saint-Germain,APOEL Nikosia,1,0,uefa.cl,FALSE
2014-11-05,NK Maribor,Chelsea,1,1,uefa.cl,FALSE
2014-11-05,Sporting CP,FC Schalke 04,4,2,uefa.cl,FALSE
2014-11-05,Athletic Club,FC Porto,0,2,uefa.cl,FALSE
2014-11-05,Shakhtar Donetsk,BATE Borisov,5,0,uefa.cl,FALSE
2014-11-25,CSKA Moskva,AS Roma,1,1,uefa.cl,FALSE
2014-11-25,Manchester City,FC Bayern München,3,2,uefa.cl,FALSE
2014-11-25,Paris Saint-Germain,AFC Ajax,3,1,uefa.cl,FALSE
2014-11-25,APOEL Nikosia,FC Barcelona,0,4,uefa.cl,FALSE
2014-11-25,FC Schalke 04,Chelsea,0,5,uefa.cl,FALSE
2014-11-25,Sporting CP,NK Maribor,3,1,uefa.cl,FALSE
2014-11-25,BATE Borisov,FC Porto,0,3,uefa.cl,FALSE
2014-11-25,Shakhtar Donetsk,Athletic Club,0,1,uefa.cl,FALSE
2014-11-26,Club Atlético de Madrid,Olympiakos Piraeus,4,0,uefa.cl,FALSE
2014-11-26,Malmö FF,Juventus,0,2,uefa.cl,FALSE
2014-11-26,FC Basel 1893,Real Madrid CF,0,1,uefa.cl,FALSE
2014-11-26,PFC Ludogorets Razgrad,Liverpool,2,2,uefa.cl,FALSE
2014-11-26,Zenit St. Petersburg,SL Benfica,1,0,uefa.cl,FALSE
2014-11-26,Bayer 04 Leverkusen,AS Monaco,0,1,uefa.cl,FALSE
2014-11-26,Arsenal,Borussia Dortmund,2,0,uefa.cl,FALSE
2014-11-26,RSC Anderlecht,Galatasaray,2,0,uefa.cl,FALSE
2014-12-09,Juventus,Club Atlético de Madrid,0,0,uefa.cl,FALSE
2014-12-09,Olympiakos Piraeus,Malmö FF,4,2,uefa.cl,FALSE
2014-12-09,Liverpool,FC Basel 1893,1,1,uefa.cl,FALSE
2014-12-09,Real Madrid CF,PFC Ludogorets Razgrad,4,0,uefa.cl,FALSE
2014-12-09,AS Monaco,Zenit St. Petersburg,2,0,uefa.cl,FALSE
2014-12-09,SL Benfica,Bayer 04 Leverkusen,0,0,uefa.cl,FALSE
2014-12-09,Galatasaray,Arsenal,1,4,uefa.cl,FALSE
2014-12-09,Borussia Dortmund,RSC Anderlecht,1,1,uefa.cl,FALSE
2014-12-10,AS Roma,Manchester City,0,2,uefa.cl,FALSE
2014-12-10,FC Bayern München,CSKA Moskva,3,0,uefa.cl,FALSE
2014-12-10,AFC Ajax,APOEL Nikosia,4,0,uefa.cl,FALSE
2014-12-10,FC Barcelona,Paris Saint-Germain,3,1,uefa.cl,FALSE
2014-12-10,Chelsea,Sporting CP,3,1,uefa.cl,FALSE
2014-12-10,NK Maribor,FC Schalke 04,0,1,uefa.cl,FALSE
2014-12-10,Athletic Club,BATE Borisov,2,0,uefa.cl,FALSE
2014-12-10,FC Porto,Shakhtar Donetsk,1,1,uefa.cl,FALSE
2015-02-17,Paris Saint-Germain,Chelsea,1,1,uefa.cl,FALSE
2015-02-17,Shakhtar Donetsk,FC Bayern München,0,0,uefa.cl,FALSE
2015-02-18,FC Schalke 04,Real Madrid CF,0,2,uefa.cl,FALSE
2015-02-18,FC Basel 1893,FC Porto,1,1,uefa.cl,FALSE
2015-02-24,Manchester City,FC Barcelona,1,2,uefa.cl,FALSE
2015-02-24,Juventus,Borussia Dortmund,2,1,uefa.cl,FALSE
2015-02-25,Bayer 04 Leverkusen,Club Atlético de Madrid,1,0,uefa.cl,FALSE
2015-02-25,Arsenal,AS Monaco,1,3,uefa.cl,FALSE
2015-03-10,Real Madrid CF,FC Schalke 04,3,4,uefa.cl,FALSE
2015-03-10,FC Porto,FC Basel 1893,4,0,uefa.cl,FALSE
2015-03-11,Chelsea,Paris Saint-Germain,1,1,uefa.cl,FALSE
2015-03-11,FC Bayern München,Shakhtar Donetsk,7,0,uefa.cl,FALSE
2015-03-17,Club Atlético de Madrid,Bayer 04 Leverkusen,1,0,uefa.cl,FALSE
2015-03-17,AS Monaco,Arsenal,0,2,uefa.cl,FALSE
2015-03-18,FC Barcelona,Manchester City,1,0,uefa.cl,FALSE
2015-03-18,Borussia Dortmund,Juventus,0,3,uefa.cl,FALSE
2015-04-14,Club Atlético de Madrid,Real Madrid CF,0,0,uefa.cl,FALSE
2015-04-14,Juventus,AS Monaco,1,0,uefa.cl,FALSE
2015-04-15,Paris Saint-Germain,FC Barcelona,1,3,uefa.cl,FALSE
2015-04-15,FC Porto,FC Bayern München,3,1,uefa.cl,FALSE
2015-04-21,FC Barcelona,Paris Saint-Germain,2,0,uefa.cl,FALSE
2015-04-21,FC Bayern München,FC Porto,6,1,uefa.cl,FALSE
2015-04-22,Real Madrid CF,Club Atlético de Madrid,1,0,uefa.cl,FALSE
2015-04-22,AS Monaco,Juventus,0,0,uefa.cl,FALSE
2015-05-05,Juventus,Real Madrid CF,2,1,uefa.cl,FALSE
2015-05-06,FC Barcelona,FC Bayern München,3,0,uefa.cl,FALSE
2015-05-12,FC Bayern München,FC Barcelona,3,2,uefa.cl,FALSE
2015-05-13,Real Madrid CF,Juventus,1,1,uefa.cl,FALSE
2015-06-06,Juventus,FC Barcelona,1,3,uefa.cl,TRUE
2015-08-08,Manchester United,Tottenham Hotspur,1,0,en.1,FALSE
2015-08-08,AFC Bournemouth,Aston Villa,0,1,en.1,FALSE
2015-08-08,Everton,Watford,2,2,en.1,FALSE
2015-08-08,Leicester City,Sunderland,4,2,en.1,FALSE
2015-08-08,Norwich City,Crystal Palace,1,3,en.1,FALSE
2015-08-08,Chelsea,Swansea City,2,2,en.1,FALSE
2015-08-09,Newcastle United,Southampton,2,2,en.1,FALSE
2015-08-09,Stoke City,Liverpool,0,1,en.1,FALSE
2015-08-09,Arsenal,West Ham United,0,2,en.1,FALSE
2015-08-10,West Bromwich Albion,Manchester City,0,3,en.1,FALSE
2015-08-14,Aston Villa,Manchester United,0,1,en.1,FALSE
2015-08-14,FC Bayern München,Hamburger SV,5,0,de.1,FALSE
2015-08-15,Southampton,Everton,0,3,en.1,FALSE
2015-08-15,Sunderland,Norwich City,1,3,en.1,FALSE
2015-08-15,Swansea City,Newcastle United,2,0,en.1,FALSE
2015-08-15,Tottenham Hotspur,Stoke City,2,2,en.1,FALSE
2015-08-15,Watford,West Bromwich Albion,0,0,en.1,FALSE
2015-08-15,West Ham United,Leicester City,1,2,en.1,FALSE
2015-08-15,1. FSV Mainz 05,FC Ingolstadt 04,0,1,de.1,FALSE
2015-08-15,SV Darmstadt 98,Hannover 96,2,2,de.1,FALSE
2015-08-15,SV Werder Bremen,FC Schalke 04,0,3,de.1,FALSE
2015-08-15,FC Augsburg,Hertha BSC,0,1,de.1,FALSE
2015-08-15,Bayer 04 Leverkusen,TSG 1899 Hoffenheim,2,1,de.1,FALSE
2015-08-15,Borussia Dortmund,Borussia Mönchengladbach,4,0,de.1,FALSE
2015-08-16,Manchester City,Chelsea,3,0,en.1,FALSE
2015-08-16,Crystal Palace,Arsenal,1,2,en.1,FALSE
2015-08-16,VfL Wolfsburg,Eintracht Frankfurt,2,1,de.1,FALSE
2015-08-16,VfB Stuttgart,1. FC Köln,1,3,de.1,FALSE
2015-08-17,Liverpool,AFC Bournemouth,1,0,en.1,FALSE
2015-08-21,Málaga CF,Sevilla,0,0,es.1,FALSE
2015-08-21,Hertha BSC,SV Werder Bremen,1,1,de.1,FALSE
2015-08-22,Manchester United,Newcastle United,0,0,en.1,FALSE
2015-08-22,Crystal Palace,Aston Villa,2,1,en.1,FALSE
2015-08-22,Leicester City,Tottenham Hotspur,1,1,en.1,FALSE
2015-08-22,Norwich City,Stoke City,1,1,en.1,FALSE
2015-08-22,Sunderland,Swansea City,1,1,en.1,FALSE
2015-08-22,West Ham United,AFC Bournemouth,3,4,en.1,FALSE
2015-08-22,RCD Espanyol de Barcelona,Getafe CF,1,0,es.1,FALSE
2015-08-22,Deportivo La Coruña,Real Sociedad de Fútbol,0,0,es.1,FALSE
2015-08-22,Club Atlético de Madrid,UD Las Palmas,1,0,es.1,FALSE
2015-08-22,Rayo Vallecano de Madrid,Valencia CF,0,0,es.1,FALSE
2015-08-22,Hellas Verona,AS Roma,1,1,it.1,FALSE
2015-08-22,SS Lazio,Bologna FC 1909,2,1,it.1,FALSE
2015-08-22,FC Schalke 04,SV Darmstadt 98,1,1,de.1,FALSE
2015-08-22,Eintracht Frankfurt,FC Augsburg,1,1,de.1,FALSE
2015-08-22,1. FC Köln,VfL Wolfsburg,1,1,de.1,FALSE
2015-08-22,Hannover 96,Bayer 04 Leverkusen,0,1,de.1,FALSE
2015-08-22,TSG 1899 Hoffenheim,FC Bayern München,1,2,de.1,FALSE
2015-08-22,Hamburger SV,VfB Stuttgart,3,2,de.1,FALSE
2015-08-23,Everton,Manchester City,0,2,en.1,FALSE
2015-08-23,Watford,Southampton,0,0,en.1,FALSE
2015-08-23,West Bromwich Albion,Chelsea,2,3,en.1,FALSE
2015-08-23,Athletic Club,FC Barcelona,0,1,es.1,FALSE
2015-08-23,Sporting Gijón,Real Madrid CF,0,0,es.1,FALSE
2015-08-23,Levante UD,RC Celta de Vigo,1,2,es.1,FALSE
2015-08-23,Real Betis Balompié,Villarreal CF,1,1,es.1,FALSE
2015-08-23,Juventus,Udinese Calcio,0,1,it.1,FALSE
2015-08-23,Empoli,Chievo Verona,1,3,it.1,FALSE
2015-08-23,ACF Fiorentina,AC Milan,2,0,it.1,FALSE
2015-08-23,Frosinone Calcio,Torino,1,2,it.1,FALSE
2015-08-23,FC Internazionale Milano,Atalanta BC,1,0,it.1,FALSE
2015-08-23,US Palermo,Genoa CFC,1,0,it.1,FALSE
2015-08-23,Sampdoria,Carpi,5,2,it.1,FALSE
2015-08-23,US Sassuolo Calcio,SSC Napoli,2,1,it.1,FALSE
2015-08-23,FC Ingolstadt 04,Borussia Dortmund,0,4,de.1,FALSE
2015-08-23,Borussia Mönchengladbach,1. FSV Mainz 05,1,2,de.1,FALSE
2015-08-24,Arsenal,Liverpool,0,0,en.1,FALSE
2015-08-24,Granada CF,SD Eibar,1,3,es.1,FALSE
2015-08-28,Villarreal CF,RCD Espanyol de Barcelona,3,1,es.1,FALSE
2015-08-28,VfL Wolfsburg,FC Schalke 04,3,0,de.1,FALSE
2015-08-29,Newcastle United,Arsenal,0,1,en.1,FALSE
2015-08-29,AFC Bournemouth,Leicester City,1,1,en.1,FALSE
2015-08-29,Aston Villa,Sunderland,2,2,en.1,FALSE
2015-08-29,Chelsea,Crystal Palace,1,2,en.1,FALSE
2015-08-29,Liverpool,West Ham United,0,3,en.1,FALSE
2015-08-29,Manchester City,Watford,2,0,en.1,FALSE
2015-08-29,Stoke City,West Bromwich Albion,0,1,en.1,FALSE
2015-08-29,Tottenham Hotspur,Everton,0,0,en.1,FALSE
2015-08-29,Real Sociedad de Fútbol,Sporting Gijón,0,0,es.1,FALSE
2015-08-29,FC Barcelona,Málaga CF,1,0,es.1,FALSE
2015-08-29,RC Celta de Vigo,Rayo Vallecano de Madrid,3,0,es.1,FALSE
2015-08-29,Real Madrid CF,Real Betis Balompié,5,0,es.1,FALSE
2015-08-29,Bologna FC 1909,US Sassuolo Calcio,0,1,it.1,FALSE
2015-08-29,AC Milan,Empoli,2,1,it.1,FALSE
2015-08-29,VfB Stuttgart,Eintracht Frankfurt,1,4,de.1,FALSE
2015-08-29,FC Augsburg,FC Ingolstadt 04,0,1,de.1,FALSE
2015-08-29,1. FC Köln,Hamburger SV,2,1,de.1,FALSE
2015-08-29,1. FSV Mainz 05,Hannover 96,3,0,de.1,FALSE
2015-08-29,SV Darmstadt 98,TSG 1899 Hoffenheim,0,0,de.1,FALSE
2015-08-29,FC Bayern München,Bayer 04 Leverkusen,3,0,de.1,FALSE
2015-08-30,Swansea City,Manchester United,2,1,en.1,FALSE
2015-08-30,Southampton,Norwich City,3,0,en.1,FALSE
2015-08-30,SD Eibar,Athletic Club,2,0,es.1,FALSE
2015-08-30,Sevilla,Club Atlético de Madrid,0,3,es.1,FALSE
2015-08-30,Valencia CF,Deportivo La Coruña,1,1,es.1,FALSE
2015-08-30,UD Las Palmas,Levante UD,0,0,es.1,FALSE
2015-08-30,Getafe CF,Granada CF,1,2,es.1,FALSE
2015-08-30,AS Roma,Juventus,2,1,it.1,FALSE
2015-08-30,Atalanta BC,Frosinone Calcio,2,0,it.1,FALSE
2015-08-30,Carpi,FC Internazionale Milano,1,2,it.1,FALSE
2015-08-30,Chievo Verona,SS Lazio,4,0,it.1,FALSE
2015-08-30,Genoa CFC,Hellas Verona,2,0,it.1,FALSE
2015-08-30,SSC Napoli,Sampdoria,2,2,it.1,FALSE
2015-08-30,Torino,ACF Fiorentina,3,1,it.1,FALSE
2015-08-30,Udinese Calcio,US Palermo,0,1,it.1,FALSE
2015-08-30,Borussia Dortmund,Hertha BSC,3,1,de.1,FALSE
2015-08-30,SV Werder Bremen,Borussia Mönchengladbach,2,1,de.1,FALSE
2015-09-11,Levante UD,Sevilla,1,1,es.1,FALSE
2015-09-11,Borussia Mönchengladbach,Hamburger SV,0,3,de.1,FALSE
2015-09-12,Everton,Chelsea,3,1,en.1,FALSE
2015-09-12,Arsenal,Stoke City,2,0,en.1,FALSE
2015-09-12,Crystal Palace,Manchester City,0,1,en.1,FALSE
2015-09-12,Norwich City,AFC Bournemouth,3,1,en.1,FALSE
2015-09-12,Watford,Swansea City,1,0,en.1,FALSE
2015-09-12,West Bromwich Albion,Southampton,0,0,en.1,FALSE
2015-09-12,Manchester United,Liverpool,3,1,en.1,FALSE
2015-09-12,RCD Espanyol de Barcelona,Real Madrid CF,0,6,es.1,FALSE
2015-09-12,Sporting Gijón,Valencia CF,0,1,es.1,FALSE
2015-09-12,Club Atlético de Madrid,FC Barcelona,1,2,es.1,FALSE
2015-09-12,Real Betis Balompié,Real Sociedad de Fútbol,1,0,es.1,FALSE
2015-09-12,ACF Fiorentina,Genoa CFC,1,0,it.1,FALSE
2015-09-12,Frosinone Calcio,AS Roma,0,2,it.1,FALSE
2015-09-12,Juventus,Chievo Verona,1,1,it.1,FALSE
2015-09-12,FC Bayern München,FC Augsburg,2,1,de.1,FALSE
2015-09-12,Bayer 04 Leverkusen,SV Darmstadt 98,0,1,de.1,FALSE
2015-09-12,Hannover 96,Borussia Dortmund,2,4,de.1,FALSE
2015-09-12,Hertha BSC,VfB Stuttgart,2,1,de.1,FALSE
2015-09-12,FC Ingolstadt 04,VfL Wolfsburg,0,0,de.1,FALSE
2015-09-12,Eintracht Frankfurt,1. FC Köln,6,2,de.1,FALSE
2015-09-13,Leicester City,Aston Villa,3,2,en.1,FALSE
2015-09-13,Sunderland,Tottenham Hotspur,0,1,en.1,FALSE
2015-09-13,Granada CF,Villarreal CF,1,3,es.1,FALSE
2015-09-13,Athletic Club,Getafe CF,3,1,es.1,FALSE
2015-09-13,RC Celta de Vigo,UD Las Palmas,3,3,es.1,FALSE
2015-09-13,Málaga CF,SD Eibar,0,0,es.1,FALSE
2015-09-13,Hellas Verona,Torino,2,2,it.1,FALSE
2015-09-13,Empoli,SSC Napoli,2,2,it.1,FALSE
2015-09-13,US Palermo,Carpi,2,2,it.1,FALSE
2015-09-13,US Sassuolo Calcio,Atalanta BC,2,2,it.1,FALSE
2015-09-13,SS Lazio,Udinese Calcio,2,0,it.1,FALSE
2015-09-13,FC Internazionale Milano,AC Milan,1,0,it.1,FALSE
2015-09-13,TSG 1899 Hoffenheim,SV Werder Bremen,1,3,de.1,FALSE
2015-09-13,FC Schalke 04,1. FSV Mainz 05,2,1,de.1,FALSE
2015-09-14,West Ham United,Newcastle United,2,0,en.1,FALSE
2015-09-14,Rayo Vallecano de Madrid,Deportivo La Coruña,1,3,es.1,FALSE
2015-09-14,Sampdoria,Bologna FC 1909,2,0,it.1,FALSE
2015-09-15,Real Madrid CF,Shakhtar Donetsk,4,0,uefa.cl,FALSE
2015-09-15,Paris Saint-Germain,Malmö FF,2,0,uefa.cl,FALSE
2015-09-15,VfL Wolfsburg,CSKA Moskva,1,0,uefa.cl,FALSE
2015-09-15,PSV Eindhoven,Manchester United,2,1,uefa.cl,FALSE
2015-09-15,SL Benfica,FK Astana,2,0,uefa.cl,FALSE
2015-09-15,Galatasaray,Club Atlético de Madrid,0,2,uefa.cl,FALSE
2015-09-15,Sevilla,Borussia Mönchengladbach,3,0,uefa.cl,FALSE
2015-09-15,Manchester City,Juventus,1,2,uefa.cl,FALSE
2015-09-16,AS Roma,FC Barcelona,1,1,uefa.cl,FALSE
2015-09-16,Bayer 04 Leverkusen,BATE Borisov,4,1,uefa.cl,FALSE
2015-09-16,Olympiakos Piraeus,FC Bayern München,0,3,uefa.cl,FALSE
2015-09-16,Dinamo Zagreb,Arsenal,2,1,uefa.cl,FALSE
2015-09-16,Dinamo Kiev,FC Porto,2,2,uefa.cl,FALSE
2015-09-16,Chelsea,Maccabi Tel Aviv,4,0,uefa.cl,FALSE
2015-09-16,Valencia CF,Zenit St. Petersburg,2,3,uefa.cl,FALSE
2015-09-16,KAA Gent,Olympique Lyonnais,1,1,uefa.cl,FALSE
2015-09-18,Getafe CF,Málaga CF,1,0,es.1,FALSE
2015-09-18,1. FSV Mainz 05,TSG 1899 Hoffenheim,3,1,de.1,FALSE
2015-09-19,Chelsea,Arsenal,2,0,en.1,FALSE
2015-09-19,AFC Bournemouth,Sunderland,2,0,en.1,FALSE
2015-09-19,Aston Villa,West Bromwich Albion,0,1,en.1,FALSE
2015-09-19,Newcastle United,Watford,1,2,en.1,FALSE
2015-09-19,Stoke City,Leicester City,2,2,en.1,FALSE
2015-09-19,Swansea City,Everton,0,0,en.1,FALSE
2015-09-19,Manchester City,West Ham United,1,2,en.1,FALSE
2015-09-19,Real Madrid CF,Granada CF,1,0,es.1,FALSE
2015-09-19,Valencia CF,Real Betis Balompié,0,0,es.1,FALSE
2015-09-19,SD Eibar,Club Atlético de Madrid,0,2,es.1,FALSE
2015-09-19,Real Sociedad de Fútbol,RCD Espanyol de Barcelona,2,3,es.1,FALSE
2015-09-19,Udinese Calcio,Empoli,1,2,it.1,FALSE
2015-09-19,AC Milan,US Palermo,3,2,it.1,FALSE
2015-09-19,VfL Wolfsburg,Hertha BSC,2,0,de.1,FALSE
2015-09-19,Hamburger SV,Eintracht Frankfurt,0,0,de.1,FALSE
2015-09-19,SV Werder Bremen,FC Ingolstadt 04,0,1,de.1,FALSE
2015-09-19,1. FC Köln,Borussia Mönchengladbach,1,0,de.1,FALSE
2015-09-19,SV Darmstadt 98,FC Bayern München,0,3,de.1,FALSE
2015-09-20,Tottenham Hotspur,Crystal Palace,1,0,en.1,FALSE
2015-09-20,Liverpool,Norwich City,1,1,en.1,FALSE
2015-09-20,Southampton,Manchester United,2,3,en.1,FALSE
2015-09-20,Sevilla,RC Celta de Vigo,1,2,es.1,FALSE
2015-09-20,Deportivo La Coruña,Sporting Gijón,2,3,es.1,FALSE
2015-09-20,Villarreal CF,Athletic Club,3,1,es.1,FALSE
2015-09-20,UD Las Palmas,Rayo Vallecano de Madrid,0,1,es.1,FALSE
2015-09-20,FC Barcelona,Levante UD,4,1,es.1,FALSE
2015-09-20,Chievo Verona,FC Internazionale Milano,0,1,it.1,FALSE
2015-09-20,Atalanta BC,Hellas Verona,1,1,it.1,FALSE
2015-09-20,Bologna FC 1909,Frosinone Calcio,1,0,it.1,FALSE
2015-09-20,Genoa CFC,Juventus,0,2,it.1,FALSE
2015-09-20,AS Roma,US Sassuolo Calcio,2,2,it.1,FALSE
2015-09-20,Torino,Sampdoria,2,0,it.1,FALSE
2015-09-20,Carpi,ACF Fiorentina,0,1,it.1,FALSE
2015-09-20,SSC Napoli,SS Lazio,5,0,it.1,FALSE
2015-09-20,VfB Stuttgart,FC Schalke 04,0,1,de.1,FALSE
2015-09-20,Borussia Dortmund,Bayer 04 Leverkusen,3,0,de.1,FALSE
2015-09-20,FC Augsburg,Hannover 96,2,0,de.1,FALSE
2015-09-22,Club Atlético de Madrid,Getafe CF,2,0,es.1,FALSE
2015-09-22,RCD Espanyol de Barcelona,Valencia CF,1,0,es.1,FALSE
2015-09-22,Granada CF,Real Sociedad de Fútbol,0,3,es.1,FALSE
2015-09-22,Udinese Calcio,AC Milan,2,3,it.1,FALSE
2015-09-22,FC Bayern München,VfL Wolfsburg,5,1,de.1,FALSE
2015-09-22,Hertha BSC,1. FC Köln,2,0,de.1,FALSE
2015-09-22,FC Ingolstadt 04,Hamburger SV,0,1,de.1,FALSE
2015-09-22,SV Darmstadt 98,SV Werder Bremen,2,1,de.1,FALSE
2015-09-23,RC Celta de Vigo,FC Barcelona,4,1,es.1,FALSE
2015-09-23,Levante UD,SD Eibar,2,2,es.1,FALSE
2015-09-23,Rayo Vallecano de Madrid,Sporting Gijón,2,1,es.1,FALSE
2015-09-23,Athletic Club,Real Madrid CF,1,2,es.1,FALSE
2015-09-23,UD Las Palmas,Sevilla,2,0,es.1,FALSE
2015-09-23,Málaga CF,Villarreal CF,0,1,es.1,FALSE
2015-09-23,Carpi,SSC Napoli,0,0,it.1,FALSE
2015-09-23,Chievo Verona,Torino,1,0,it.1,FALSE
2015-09-23,FC Internazionale Milano,Hellas Verona,1,0,it.1,FALSE
2015-09-23,Juventus,Frosinone Calcio,1,1,it.1,FALSE
2015-09-23,SS Lazio,Genoa CFC,2,0,it.1,FALSE
2015-09-23,US Palermo,US Sassuolo Calcio,0,1,it.1,FALSE
2015-09-23,Sampdoria,AS Roma,2,1,it.1,FALSE
2015-09-23,ACF Fiorentina,Bologna FC 1909,2,0,it.1,FALSE
2015-09-23,FC Schalke 04,Eintracht Frankfurt,2,0,de.1,FALSE
2015-09-23,Bayer 04 Leverkusen,1. FSV Mainz 05,1,0,de.1,FALSE
2015-09-23,Borussia Mönchengladbach,FC Augsburg,4,2,de.1,FALSE
2015-09-23,Hannover 96,VfB Stuttgart,1,3,de.1,FALSE
2015-09-23,TSG 1899 Hoffenheim,Borussia Dortmund,1,1,de.1,FALSE
2015-09-24,Real Betis Balompié,Deportivo La Coruña,1,2,es.1,FALSE
2015-09-24,Empoli,Atalanta BC,0,1,it.1,FALSE
2015-09-25,Valencia CF,Granada CF,1,0,es.1,FALSE
2015-09-25,1. FC Köln,FC Ingolstadt 04,1,1,de.1,FALSE
2015-09-26,Leicester City,Arsenal,2,5,en.1,FALSE
2015-09-26,Liverpool,Aston Villa,3,2,en.1,FALSE
2015-09-26,Manchester United,Sunderland,3,0,en.1,FALSE
2015-09-26,Southampton,Swansea City,3,1,en.1,FALSE
2015-09-26,Stoke City,AFC Bournemouth,2,1,en.1,FALSE
2015-09-26,West Ham United,Norwich City,2,2,en.1,FALSE
2015-09-26,Newcastle United,Chelsea,2,2,en.1,FALSE
2015-09-26,Tottenham Hotspur,Manchester City,4,1,en.1,FALSE
2015-09-26,FC Barcelona,UD Las Palmas,2,1,es.1,FALSE
2015-09-26,Real Madrid CF,Málaga CF,0,0,es.1,FALSE
2015-09-26,Sevilla,Rayo Vallecano de Madrid,3,2,es.1,FALSE
2015-09-26,Villarreal CF,Club Atlético de Madrid,1,0,es.1,FALSE
2015-09-26,SD Eibar,RC Celta de Vigo,1,1,es.1,FALSE
2015-09-26,AS Roma,Carpi,5,1,it.1,FALSE
2015-09-26,SSC Napoli,Juventus,2,1,it.1,FALSE
2015-09-26,VfL Wolfsburg,Hannover 96,1,1,de.1,FALSE
2015-09-26,VfB Stuttgart,Borussia Mönchengladbach,1,3,de.1,FALSE
2015-09-26,FC Augsburg,TSG 1899 Hoffenheim,1,3,de.1,FALSE
2015-09-26,SV Werder Bremen,Bayer 04 Leverkusen,0,3,de.1,FALSE
2015-09-26,1. FSV Mainz 05,FC Bayern München,0,3,de.1,FALSE
2015-09-26,Hamburger SV,FC Schalke 04,0,1,de.1,FALSE
2015-09-27,Watford,Crystal Palace,0,1,en.1,FALSE
2015-09-27,Sporting Gijón,Real Betis Balompié,1,2,es.1,FALSE
2015-09-27,Deportivo La Coruña,RCD Espanyol de Barcelona,3,0,es.1,FALSE
2015-09-27,Getafe CF,Levante UD,3,0,es.1,FALSE
2015-09-27,Real Sociedad de Fútbol,Athletic Club,0,0,es.1,FALSE
2015-09-27,Genoa CFC,AC Milan,1,0,it.1,FALSE
2015-09-27,Bologna FC 1909,Udinese Calcio,1,2,it.1,FALSE
2015-09-27,Hellas Verona,SS Lazio,1,2,it.1,FALSE
2015-09-27,US Sassuolo Calcio,Chievo Verona,1,1,it.1,FALSE
2015-09-27,Torino,US Palermo,2,1,it.1,FALSE
2015-09-27,FC Internazionale Milano,ACF Fiorentina,1,4,it.1,FALSE
2015-09-27,Eintracht Frankfurt,Hertha BSC,1,1,de.1,FALSE
2015-09-27,Borussia Dortmund,SV Darmstadt 98,2,2,de.1,FALSE
2015-09-28,West Bromwich Albion,Everton,2,3,en.1,FALSE
2015-09-28,Frosinone Calcio,Empoli,2,0,it.1,FALSE
2015-09-28,Atalanta BC,Sampdoria,2,1,it.1,FALSE
2015-09-29,FC Barcelona,Bayer 04 Leverkusen,2,1,uefa.cl,FALSE
2015-09-29,BATE Borisov,AS Roma,3,2,uefa.cl,FALSE
2015-09-29,Arsenal,Olympiakos Piraeus,2,3,uefa.cl,FALSE
2015-09-29,FC Bayern München,Dinamo Zagreb,5,0,uefa.cl,FALSE
2015-09-29,FC Porto,Chelsea,2,1,uefa.cl,FALSE
2015-09-29,Maccabi Tel Aviv,Dinamo Kiev,0,2,uefa.cl,FALSE
2015-09-29,Olympique Lyonnais,Valencia CF,0,1,uefa.cl,FALSE
2015-09-29,Zenit St. Petersburg,KAA Gent,2,1,uefa.cl,FALSE
2015-09-30,Malmö FF,Real Madrid CF,0,2,uefa.cl,FALSE
2015-09-30,Shakhtar Donetsk,Paris Saint-Germain,0,3,uefa.cl,FALSE
2015-09-30,CSKA Moskva,PSV Eindhoven,3,2,uefa.cl,FALSE
2015-09-30,Manchester United,VfL Wolfsburg,2,1,uefa.cl,FALSE
2015-09-30,FK Astana,Galatasaray,2,2,uefa.cl,FALSE
2015-09-30,Club Atlético de Madrid,SL Benfica,1,2,uefa.cl,FALSE
2015-09-30,Juventus,Sevilla,2,0,uefa.cl,FALSE
2015-09-30,Borussia Mönchengladbach,Manchester City,1,2,uefa.cl,FALSE
2015-10-02,RC Celta de Vigo,Getafe CF,0,0,es.1,FALSE
2015-10-02,SV Darmstadt 98,1. FSV Mainz 05,2,3,de.1,FALSE
2015-10-03,AFC Bournemouth,Watford,1,1,en.1,FALSE
2015-10-03,Aston Villa,Stoke City,0,1,en.1,FALSE
2015-10-03,Manchester City,Newcastle United,6,1,en.1,FALSE
2015-10-03,Norwich City,Leicester City,1,2,en.1,FALSE
2015-10-03,Sunderland,West Ham United,2,2,en.1,FALSE
2015-10-03,Chelsea,Southampton,1,3,en.1,FALSE
2015-10-03,Crystal Palace,West Bromwich Albion,2,0,en.1,FALSE
2015-10-03,Sevilla,FC Barcelona,2,1,es.1,FALSE
2015-10-03,Granada CF,Deportivo La Coruña,1,1,es.1,FALSE
2015-10-03,RCD Espanyol de Barcelona,Sporting Gijón,1,2,es.1,FALSE
2015-10-03,UD Las Palmas,SD Eibar,0,2,es.1,FALSE
2015-10-03,Málaga CF,Real Sociedad de Fútbol,3,1,es.1,FALSE
2015-10-03,Carpi,Torino,2,1,it.1,FALSE
2015-10-03,Chievo Verona,Hellas Verona,1,1,it.1,FALSE
2015-10-03,Borussia Mönchengladbach,VfL Wolfsburg,2,0,de.1,FALSE
2015-10-03,Hannover 96,SV Werder Bremen,1,0,de.1,FALSE
2015-10-03,Hertha BSC,Hamburger SV,3,0,de.1,FALSE
2015-10-03,TSG 1899 Hoffenheim,VfB Stuttgart,2,2,de.1,FALSE
2015-10-03,FC Ingolstadt 04,Eintracht Frankfurt,2,0,de.1,FALSE
2015-10-04,Everton,Liverpool,1,1,en.1,FALSE
2015-10-04,Arsenal,Manchester United,3,0,en.1,FALSE
2015-10-04,Swansea City,Tottenham Hotspur,2,2,en.1,FALSE
2015-10-04,Rayo Vallecano de Madrid,Real Betis Balompié,0,2,es.1,FALSE
2015-10-04,Athletic Club,Valencia CF,3,1,es.1,FALSE
2015-10-04,Levante UD,Villarreal CF,1,0,es.1,FALSE
2015-10-04,Club Atlético de Madrid,Real Madrid CF,1,1,es.1,FALSE
2015-10-04,Empoli,US Sassuolo Calcio,1,0,it.1,FALSE
2015-10-04,US Palermo,AS Roma,2,4,it.1,FALSE
2015-10-04,Sampdoria,FC Internazionale Milano,1,1,it.1,FALSE
2015-10-04,Udinese Calcio,Genoa CFC,1,1,it.1,FALSE
2015-10-04,Juventus,Bologna FC 1909,3,1,it.1,FALSE
2015-10-04,SS Lazio,Frosinone Calcio,2,0,it.1,FALSE
2015-10-04,ACF Fiorentina,Atalanta BC,3,0,it.1,FALSE
2015-10-04,AC Milan,SSC Napoli,0,4,it.1,FALSE
2015-10-04,FC Schalke 04,1. FC Köln,0,3,de.1,FALSE
2015-10-04,FC Bayern München,Borussia Dortmund,5,1,de.1,FALSE
2015-10-04,Bayer 04 Leverkusen,FC Augsburg,1,1,de.1,FALSE
2015-10-16,1. FSV Mainz 05,Borussia Dortmund,0,2,de.1,FALSE
2015-10-17,Tottenham Hotspur,Liverpool,0,0,en.1,FALSE
2015-10-17,Chelsea,Aston Villa,2,0,en.1,FALSE
2015-10-17,Crystal Palace,West Ham United,1,3,en.1,FALSE
2015-10-17,Everton,Manchester United,0,3,en.1,FALSE
2015-10-17,Manchester City,AFC Bournemouth,5,1,en.1,FALSE
2015-10-17,Southampton,Leicester City,2,2,en.1,FALSE
2015-10-17,West Bromwich Albion,Sunderland,1,0,en.1,FALSE
2015-10-17,Watford,Arsenal,0,3,en.1,FALSE
2015-10-17,Real Madrid CF,Levante UD,3,0,es.1,FALSE
2015-10-17,SD Eibar,Sevilla,1,1,es.1,FALSE
2015-10-17,FC Barcelona,Rayo Vallecano de Madrid,5,2,es.1,FALSE
2015-10-17,Valencia CF,Málaga CF,3,0,es.1,FALSE
2015-10-17,Real Betis Balompié,RCD Espanyol de Barcelona,1,3,es.1,FALSE
2015-10-17,AS Roma,Empoli,3,1,it.1,FALSE
2015-10-17,Torino,AC Milan,1,1,it.1,FALSE
2015-10-17,FC Schalke 04,Hertha BSC,2,1,de.1,FALSE
2015-10-17,VfL Wolfsburg,TSG 1899 Hoffenheim,4,2,de.1,FALSE
2015-10-17,Hamburger SV,Bayer 04 Leverkusen,0,0,de.1,FALSE
2015-10-17,FC Augsburg,SV Darmstadt 98,0,2,de.1,FALSE
2015-10-17,SV Werder Bremen,FC Bayern München,0,1,de.1,FALSE
2015-10-17,Eintracht Frankfurt,Borussia Mönchengladbach,1,5,de.1,FALSE
2015-10-18,Newcastle United,Norwich City,6,2,en.1,FALSE
2015-10-18,Villarreal CF,RC Celta de Vigo,1,2,es.1,FALSE
2015-10-18,Real Sociedad de Fútbol,Club Atlético de Madrid,0,2,es.1,FALSE
2015-10-18,Getafe CF,UD Las Palmas,4,0,es.1,FALSE
2015-10-18,Deportivo La Coruña,Athletic Club,2,2,es.1,FALSE
2015-10-18,Bologna FC 1909,US Palermo,0,1,it.1,FALSE
2015-10-18,Atalanta BC,Carpi,3,0,it.1,FALSE
2015-10-18,Frosinone Calcio,Sampdoria,2,0,it.1,FALSE
2015-10-18,Genoa CFC,Chievo Verona,3,2,it.1,FALSE
2015-10-18,Hellas Verona,Udinese Calcio,1,1,it.1,FALSE
2015-10-18,SSC Napoli,ACF Fiorentina,2,1,it.1,FALSE
2015-10-18,US Sassuolo Calcio,SS Lazio,2,1,it.1,FALSE
2015-10-18,FC Internazionale Milano,Juventus,0,0,it.1,FALSE
2015-10-18,1. FC Köln,Hannover 96,0,1,de.1,FALSE
2015-10-18,VfB Stuttgart,FC Ingolstadt 04,1,0,de.1,FALSE
2015-10-19,Swansea City,Stoke City,0,1,en.1,FALSE
2015-10-19,Sporting Gijón,Granada CF,3,3,es.1,FALSE
2015-10-20,BATE Borisov,FC Barcelona,0,2,uefa.cl,FALSE
2015-10-20,Bayer 04 Leverkusen,AS Roma,4,4,uefa.cl,FALSE
2015-10-20,Arsenal,FC Bayern München,2,0,uefa.cl,FALSE
2015-10-20,Dinamo Zagreb,Olympiakos Piraeus,0,1,uefa.cl,FALSE
2015-10-20,FC Porto,Maccabi Tel Aviv,2,0,uefa.cl,FALSE
2015-10-20,Dinamo Kiev,Chelsea,0,0,uefa.cl,FALSE
2015-10-20,Valencia CF,KAA Gent,2,1,uefa.cl,FALSE
2015-10-20,Zenit St. Petersburg,Olympique Lyonnais,3,1,uefa.cl,FALSE
2015-10-21,Paris Saint-Germain,Real Madrid CF,0,0,uefa.cl,FALSE
2015-10-21,Malmö FF,Shakhtar Donetsk,1,0,uefa.cl,FALSE
2015-10-21,CSKA Moskva,Manchester United,1,1,uefa.cl,FALSE
2015-10-21,VfL Wolfsburg,PSV Eindhoven,2,0,uefa.cl,FALSE
2015-10-21,Galatasaray,SL Benfica,2,1,uefa.cl,FALSE
2015-10-21,Club Atlético de Madrid,FK Astana,4,0,uefa.cl,FALSE
2015-10-21,Manchester City,Sevilla,2,1,uefa.cl,FALSE
2015-10-21,Juventus,Borussia Mönchengladbach,0,0,uefa.cl,FALSE
2015-10-23,Rayo Vallecano de Madrid,RCD Espanyol de Barcelona,3,0,es.1,FALSE
2015-10-23,TSG 1899 Hoffenheim,Hamburger SV,0,1,de.1,FALSE
2015-10-24,Aston Villa,Swansea City,1,2,en.1,FALSE
2015-10-24,Leicester City,Crystal Palace,1,0,en.1,FALSE
2015-10-24,Norwich City,West Bromwich Albion,0,1,en.1,FALSE
2015-10-24,Stoke City,Watford,0,2,en.1,FALSE
2015-10-24,West Ham United,Chelsea,2,1,en.1,FALSE
2015-10-24,Arsenal,Everton,2,1,en.1,FALSE
2015-10-24,RC Celta de Vigo,Real Madrid CF,1,3,es.1,FALSE
2015-10-24,Granada CF,Real Betis Balompié,1,1,es.1,FALSE
2015-10-24,Sevilla,Getafe CF,5,0,es.1,FALSE
2015-10-24,Málaga CF,Deportivo La Coruña,2,0,es.1,FALSE
2015-10-24,Empoli,Genoa CFC,2,0,it.1,FALSE
2015-10-24,Carpi,Bologna FC 1909,1,2,it.1,FALSE
2015-10-24,US Palermo,FC Internazionale Milano,1,1,it.1,FALSE
2015-10-24,FC Bayern München,1. FC Köln,4,0,de.1,FALSE
2015-10-24,Bayer 04 Leverkusen,VfB Stuttgart,4,3,de.1,FALSE
2015-10-24,Hannover 96,Eintracht Frankfurt,1,2,de.1,FALSE
2015-10-24,1. FSV Mainz 05,SV Werder Bremen,1,3,de.1,FALSE
2015-10-24,SV Darmstadt 98,VfL Wolfsburg,0,1,de.1,FALSE
2015-10-24,FC Ingolstadt 04,Hertha BSC,0,1,de.1,FALSE
2015-10-25,AFC Bournemouth,Tottenham Hotspur,1,5,en.1,FALSE
2015-10-25,Manchester United,Manchester City,0,0,en.1,FALSE
2015-10-25,Liverpool,Southampton,1,1,en.1,FALSE
2015-10-25,Sunderland,Newcastle United,3,0,en.1,FALSE
2015-10-25,Levante UD,Real Sociedad de Fútbol,0,4,es.1,FALSE
2015-10-25,UD Las Palmas,Villarreal CF,0,0,es.1,FALSE
2015-10-25,FC Barcelona,SD Eibar,3,1,es.1,FALSE
2015-10-25,Club Atlético de Madrid,Valencia CF,2,1,es.1,FALSE
2015-10-25,Sampdoria,Hellas Verona,4,1,it.1,FALSE
2015-10-25,Juventus,Atalanta BC,2,0,it.1,FALSE
2015-10-25,AC Milan,US Sassuolo Calcio,2,1,it.1,FALSE
2015-10-25,Udinese Calcio,Frosinone Calcio,1,0,it.1,FALSE
2015-10-25,ACF Fiorentina,AS Roma,1,2,it.1,FALSE
2015-10-25,SS Lazio,Torino,3,0,it.1,FALSE
2015-10-25,Chievo Verona,SSC Napoli,0,1,it.1,FALSE
2015-10-25,Borussia Dortmund,FC Augsburg,5,1,de.1,FALSE
2015-10-25,Borussia Mönchengladbach,FC Schalke 04,3,1,de.1,FALSE
2015-10-26,Athletic Club,Sporting Gijón,3,0,es.1,FALSE
2015-10-27,Bologna FC 1909,FC Internazionale Milano,0,1,it.1,FALSE
2015-10-28,Atalanta BC,SS Lazio,2,1,it.1,FALSE
2015-10-28,Frosinone Calcio,Carpi,2,1,it.1,FALSE
2015-10-28,Hellas Verona,ACF Fiorentina,0,2,it.1,FALSE
2015-10-28,AC Milan,Chievo Verona,1,0,it.1,FALSE
2015-10-28,SSC Napoli,US Palermo,2,0,it.1,FALSE
2015-10-28,AS Roma,Udinese Calcio,3,1,it.1,FALSE
2015-10-28,US Sassuolo Calcio,Juventus,1,0,it.1,FALSE
2015-10-28,Torino,Genoa CFC,3,3,it.1,FALSE
2015-10-29,Sampdoria,Empoli,1,1,it.1,FALSE
2015-10-30,Deportivo La Coruña,Club Atlético de Madrid,1,1,es.1,FALSE
2015-10-30,Eintracht Frankfurt,FC Bayern München,0,0,de.1,FALSE
2015-10-31,Chelsea,Liverpool,1,3,en.1,FALSE
2015-10-31,Crystal Palace,Manchester United,0,0,en.1,FALSE
2015-10-31,Manchester City,Norwich City,2,1,en.1,FALSE
2015-10-31,Newcastle United,Stoke City,0,0,en.1,FALSE
2015-10-31,Swansea City,Arsenal,0,3,en.1,FALSE
2015-10-31,Watford,West Ham United,2,0,en.1,FALSE
2015-10-31,West Bromwich Albion,Leicester City,2,3,en.1,FALSE
2015-10-31,Real Madrid CF,UD Las Palmas,3,1,es.1,FALSE
2015-10-31,Villarreal CF,Sevilla,2,1,es.1,FALSE
2015-10-31,Valencia CF,Levante UD,3,0,es.1,FALSE
2015-10-31,Getafe CF,FC Barcelona,0,2,es.1,FALSE
2015-10-31,Real Sociedad de Fútbol,RC Celta de Vigo,2,3,es.1,FALSE
2015-10-31,Juventus,Torino,2,1,it.1,FALSE
2015-10-31,FC Internazionale Milano,AS Roma,1,0,it.1,FALSE
2015-10-31,FC Schalke 04,FC Ingolstadt 04,1,1,de.1,FALSE
2015-10-31,FC Augsburg,1. FSV Mainz 05,3,3,de.1,FALSE
2015-10-31,SV Werder Bremen,Borussia Dortmund,1,3,de.1,FALSE
2015-10-31,1. FC Köln,TSG 1899 Hoffenheim,0,0,de.1,FALSE
2015-10-31,Hertha BSC,Borussia Mönchengladbach,1,4,de.1,FALSE
2015-10-31,VfL Wolfsburg,Bayer 04 Leverkusen,2,1,de.1,FALSE
2015-11-01,Southampton,AFC Bournemouth,2,0,en.1,FALSE
2015-11-01,Everton,Sunderland,6,2,en.1,FALSE
2015-11-01,SD Eibar,Rayo Vallecano de Madrid,1,0,es.1,FALSE
2015-11-01,RCD Espanyol de Barcelona,Granada CF,1,1,es.1,FALSE
2015-11-01,Sporting Gijón,Málaga CF,1,0,es.1,FALSE
2015-11-01,Real Betis Balompié,Athletic Club,1,3,es.1,FALSE
2015-11-01,ACF Fiorentina,Frosinone Calcio,4,1,it.1,FALSE
2015-11-01,Bologna FC 1909,Atalanta BC,3,0,it.1,FALSE
2015-11-01,Carpi,Hellas Verona,0,0,it.1,FALSE
2015-11-01,Genoa CFC,SSC Napoli,0,0,it.1,FALSE
2015-11-01,Udinese Calcio,US Sassuolo Calcio,0,0,it.1,FALSE
2015-11-01,SS Lazio,AC Milan,1,3,it.1,FALSE
2015-11-01,VfB Stuttgart,SV Darmstadt 98,2,0,de.1,FALSE
2015-11-01,Hamburger SV,Hannover 96,1,2,de.1,FALSE
2015-11-02,Tottenham Hotspur,Aston Villa,3,1,en.1,FALSE
2015-11-02,Chievo Verona,Sampdoria,1,1,it.1,FALSE
2015-11-02,US Palermo,Empoli,0,1,it.1,FALSE
2015-11-03,Real Madrid CF,Paris Saint-Germain,1,0,uefa.cl,FALSE
2015-11-03,Shakhtar Donetsk,Malmö FF,4,0,uefa.cl,FALSE
2015-11-03,PSV Eindhoven,VfL Wolfsburg,2,0,uefa.cl,FALSE
2015-11-03,Manchester United,CSKA Moskva,1,0,uefa.cl,FALSE
2015-11-03,FK Astana,Club Atlético de Madrid,0,0,uefa.cl,FALSE
2015-11-03,SL Benfica,Galatasaray,2,1,uefa.cl,FALSE
2015-11-03,Borussia Mönchengladbach,Juventus,1,1,uefa.cl,FALSE
2015-11-03,Sevilla,Manchester City,1,3,uefa.cl,FALSE
2015-11-04,AS Roma,Bayer 04 Leverkusen,3,2,uefa.cl,FALSE
2015-11-04,FC Barcelona,BATE Borisov,3,0,uefa.cl,FALSE
2015-11-04,FC Bayern München,Arsenal,5,1,uefa.cl,FALSE
2015-11-04,Olympiakos Piraeus,Dinamo Zagreb,2,1,uefa.cl,FALSE
2015-11-04,Chelsea,Dinamo Kiev,2,1,uefa.cl,FALSE
2015-11-04,Maccabi Tel Aviv,FC Porto,1,3,uefa.cl,FALSE
2015-11-04,Olympique Lyonnais,Zenit St. Petersburg,0,2,uefa.cl,FALSE
2015-11-04,KAA Gent,Valencia CF,1,0,uefa.cl,FALSE
2015-11-06,UD Las Palmas,Real Sociedad de Fútbol,2,0,es.1,FALSE
2015-11-06,Hannover 96,Hertha BSC,1,3,de.1,FALSE
2015-11-07,AFC Bournemouth,Newcastle United,0,1,en.1,FALSE
2015-11-07,Leicester City,Watford,2,1,en.1,FALSE
2015-11-07,Manchester United,West Bromwich Albion,2,0,en.1,FALSE
2015-11-07,Norwich City,Swansea City,1,0,en.1,FALSE
2015-11-07,Sunderland,Southampton,0,1,en.1,FALSE
2015-11-07,West Ham United,Everton,1,1,en.1,FALSE
2015-11-07,Stoke City,Chelsea,1,0,en.1,FALSE
2015-11-07,RC Celta de Vigo,Valencia CF,1,5,es.1,FALSE
2015-11-07,Levante UD,Deportivo La Coruña,1,1,es.1,FALSE
2015-11-07,SD Eibar,Getafe CF,3,1,es.1,FALSE
2015-11-07,Rayo Vallecano de Madrid,Granada CF,2,1,es.1,FALSE
2015-11-07,Málaga CF,Real Betis Balompié,0,1,es.1,FALSE
2015-11-07,Hellas Verona,Bologna FC 1909,0,2,it.1,FALSE
2015-11-07,AC Milan,Atalanta BC,0,0,it.1,FALSE
2015-11-07,FC Bayern München,VfB Stuttgart,4,0,de.1,FALSE
2015-11-07,Bayer 04 Leverkusen,1. FC Köln,1,2,de.1,FALSE
2015-11-07,Borussia Mönchengladbach,FC Ingolstadt 04,0,0,de.1,FALSE
2015-11-07,TSG 1899 Hoffenheim,Eintracht Frankfurt,0,0,de.1,FALSE
2015-11-07,1. FSV Mainz 05,VfL Wolfsburg,2,0,de.1,FALSE
2015-11-07,SV Darmstadt 98,Hamburger SV,1,1,de.1,FALSE
2015-11-08,Aston Villa,Manchester City,0,0,en.1,FALSE
2015-11-08,Arsenal,Tottenham Hotspur,1,1,en.1,FALSE
2015-11-08,Liverpool,Crystal Palace,1,2,en.1,FALSE
2015-11-08,Athletic Club,RCD Espanyol de Barcelona,2,1,es.1,FALSE
2015-11-08,FC Barcelona,Villarreal CF,3,0,es.1,FALSE
2015-11-08,Club Atlético de Madrid,Sporting Gijón,1,0,es.1,FALSE
2015-11-08,Sevilla,Real Madrid CF,3,2,es.1,FALSE
2015-11-08,Torino,FC Internazionale Milano,0,1,it.1,FALSE
2015-11-08,Empoli,Juventus,1,3,it.1,FALSE
2015-11-08,Frosinone Calcio,Genoa CFC,2,2,it.1,FALSE
2015-11-08,US Palermo,Chievo Verona,1,0,it.1,FALSE
2015-11-08,AS Roma,SS Lazio,2,0,it.1,FALSE
2015-11-08,US Sassuolo Calcio,Carpi,1,0,it.1,FALSE
2015-11-08,SSC Napoli,Udinese Calcio,1,0,it.1,FALSE
2015-11-08,Sampdoria,ACF Fiorentina,0,2,it.1,FALSE
2015-11-08,Borussia Dortmund,FC Schalke 04,3,2,de.1,FALSE
2015-11-08,FC Augsburg,SV Werder Bremen,1,2,de.1,FALSE
2015-11-20,Hamburger SV,Borussia Dortmund,3,1,de.1,FALSE
2015-11-21,Watford,Manchester United,1,2,en.1,FALSE
2015-11-21,Chelsea,Norwich City,1,0,en.1,FALSE
2015-11-21,Everton,Aston Villa,4,0,en.1,FALSE
2015-11-21,Newcastle United,Leicester City,0,3,en.1,FALSE
2015-11-21,Southampton,Stoke City,0,1,en.1,FALSE
2015-11-21,Swansea City,AFC Bournemouth,2,2,en.1,FALSE
2015-11-21,West Bromwich Albion,Arsenal,2,1,en.1,FALSE
2015-11-21,Manchester City,Liverpool,1,4,en.1,FALSE
2015-11-21,Real Sociedad de Fútbol,Sevilla,2,0,es.1,FALSE
2015-11-21,Real Madrid CF,FC Barcelona,0,4,es.1,FALSE
2015-11-21,RCD Espanyol de Barcelona,Málaga CF,2,0,es.1,FALSE
2015-11-21,Valencia CF,UD Las Palmas,1,1,es.1,FALSE
2015-11-21,Deportivo La Coruña,RC Celta de Vigo,2,0,es.1,FALSE
2015-11-21,Bologna FC 1909,AS Roma,2,2,it.1,FALSE
2015-11-21,Juventus,AC Milan,1,0,it.1,FALSE
2015-11-21,Borussia Mönchengladbach,Hannover 96,2,1,de.1,FALSE
2015-11-21,VfL Wolfsburg,SV Werder Bremen,6,0,de.1,FALSE
2015-11-21,Eintracht Frankfurt,Bayer 04 Leverkusen,1,3,de.1,FALSE
2015-11-21,1. FC Köln,1. FSV Mainz 05,0,0,de.1,FALSE
2015-11-21,VfB Stuttgart,FC Augsburg,0,4,de.1,FALSE
2015-11-21,FC Schalke 04,FC Bayern München,1,3,de.1,FALSE
2015-11-22,Tottenham Hotspur,West Ham United,4,1,en.1,FALSE
2015-11-22,Sporting Gijón,Levante UD,0,3,es.1,FALSE
2015-11-22,Villarreal CF,SD Eibar,1,1,es.1,FALSE
2015-11-22,Granada CF,Athletic Club,2,0,es.1,FALSE
2015-11-22,Real Betis Balompié,Club Atlético de Madrid,0,1,es.1,FALSE
2015-11-22,Hellas Verona,SSC Napoli,0,2,it.1,FALSE
2015-11-22,Atalanta BC,Torino,0,1,it.1,FALSE
2015-11-22,Carpi,Chievo Verona,1,2,it.1,FALSE
2015-11-22,ACF Fiorentina,Empoli,2,2,it.1,FALSE
2015-11-22,Genoa CFC,US Sassuolo Calcio,2,1,it.1,FALSE
2015-11-22,SS Lazio,US Palermo,1,1,it.1,FALSE
2015-11-22,Udinese Calcio,Sampdoria,1,0,it.1,FALSE
2015-11-22,FC Internazionale Milano,Frosinone Calcio,4,0,it.1,FALSE
2015-11-22,Hertha BSC,TSG 1899 Hoffenheim,1,0,de.1,FALSE
2015-11-22,FC Ingolstadt 04,SV Darmstadt 98,3,1,de.1,FALSE
2015-11-23,Crystal Palace,Sunderland,0,1,en.1,FALSE
2015-11-23,Getafe CF,Rayo Vallecano de Madrid,1,1,es.1,FALSE
2015-11-24,BATE Borisov,Bayer 04 Leverkusen,1,1,uefa.cl,FALSE
2015-11-24,FC Barcelona,AS Roma,6,1,uefa.cl,FALSE
2015-11-24,FC Bayern München,Olympiakos Piraeus,4,0,uefa.cl,FALSE
2015-11-24,Arsenal,Dinamo Zagreb,3,0,uefa.cl,FALSE
2015-11-24,Maccabi Tel Aviv,Chelsea,0,4,uefa.cl,FALSE
2015-11-24,FC Porto,Dinamo Kiev,0,2,uefa.cl,FALSE
2015-11-24,Zenit St. Petersburg,Valencia CF,2,0,uefa.cl,FALSE
2015-11-24,Olympique Lyonnais,KAA Gent,1,2,uefa.cl,FALSE
2015-11-25,Malmö FF,Paris Saint-Germain,0,5,uefa.cl,FALSE
2015-11-25,Shakhtar Donetsk,Real Madrid CF,3,4,uefa.cl,FALSE
2015-11-25,CSKA Moskva,VfL Wolfsburg,0,2,uefa.cl,FALSE
2015-11-25,Manchester United,PSV Eindhoven,0,0,uefa.cl,FALSE
2015-11-25,FK Astana,SL Benfica,2,2,uefa.cl,FALSE
2015-11-25,Club Atlético de Madrid,Galatasaray,2,0,uefa.cl,FALSE
2015-11-25,Juventus,Manchester City,1,0,uefa.cl,FALSE
2015-11-25,Borussia Mönchengladbach,Sevilla,4,2,uefa.cl,FALSE
2015-11-27,Levante UD,Real Betis Balompié,0,1,es.1,FALSE
2015-11-27,SV Darmstadt 98,1. FC Köln,0,0,de.1,FALSE
2015-11-28,AFC Bournemouth,Everton,3,3,en.1,FALSE
2015-11-28,Aston Villa,Watford,2,3,en.1,FALSE
2015-11-28,Crystal Palace,Newcastle United,5,1,en.1,FALSE
2015-11-28,Manchester City,Southampton,3,1,en.1,FALSE
2015-11-28,Sunderland,Stoke City,2,0,en.1,FALSE
2015-11-28,Leicester City,Manchester United,1,1,en.1,FALSE
2015-11-28,FC Barcelona,Real Sociedad de Fútbol,4,0,es.1,FALSE
2015-11-28,Club Atlético de Madrid,RCD Espanyol de Barcelona,1,0,es.1,FALSE
2015-11-28,Málaga CF,Granada CF,2,2,es.1,FALSE
2015-11-28,UD Las Palmas,Deportivo La Coruña,0,2,es.1,FALSE
2015-11-28,RC Celta de Vigo,Sporting Gijón,2,1,es.1,FALSE
2015-11-28,Torino,Bologna FC 1909,2,0,it.1,FALSE
2015-11-28,AC Milan,Sampdoria,4,1,it.1,FALSE
2015-11-28,FC Bayern München,Hertha BSC,2,0,de.1,FALSE
2015-11-28,SV Werder Bremen,Hamburger SV,1,3,de.1,FALSE
2015-11-28,Hannover 96,FC Ingolstadt 04,4,0,de.1,FALSE
2015-11-28,TSG 1899 Hoffenheim,Borussia Mönchengladbach,3,3,de.1,FALSE
2015-11-28,1. FSV Mainz 05,Eintracht Frankfurt,2,1,de.1,FALSE
2015-11-29,West Ham United,West Bromwich Albion,1,1,en.1,FALSE
2015-11-29,Liverpool,Swansea City,1,0,en.1,FALSE
2015-11-29,Norwich City,Arsenal,1,1,en.1,FALSE
2015-11-29,Tottenham Hotspur,Chelsea,0,0,en.1,FALSE
2015-11-29,Getafe CF,Villarreal CF,2,0,es.1,FALSE
2015-11-29,SD Eibar,Real Madrid CF,0,2,es.1,FALSE
2015-11-29,Rayo Vallecano de Madrid,Athletic Club,0,3,es.1,FALSE
2015-11-29,Sevilla,Valencia CF,1,0,es.1,FALSE
2015-11-29,Chievo Verona,Udinese Calcio,2,3,it.1,FALSE
2015-11-29,Frosinone Calcio,Hellas Verona,3,2,it.1,FALSE
2015-11-29,Genoa CFC,Carpi,1,2,it.1,FALSE
2015-11-29,AS Roma,Atalanta BC,0,2,it.1,FALSE
2015-11-29,Empoli,SS Lazio,1,0,it.1,FALSE
2015-11-29,US Palermo,Juventus,0,3,it.1,FALSE
2015-11-29,Borussia Dortmund,VfB Stuttgart,4,1,de.1,FALSE
2015-11-29,Bayer 04 Leverkusen,FC Schalke 04,1,1,de.1,FALSE
2015-11-29,FC Augsburg,VfL Wolfsburg,0,0,de.1,FALSE
2015-11-30,US Sassuolo Calcio,ACF Fiorentina,1,1,it.1,FALSE
2015-11-30,SSC Napoli,FC Internazionale Milano,2,1,it.1,FALSE
2015-12-04,SS Lazio,Juventus,0,2,it.1,FALSE
2015-12-04,FC Schalke 04,Hannover 96,3,1,de.1,FALSE
2015-12-05,Stoke City,Manchester City,2,0,en.1,FALSE
2015-12-05,Arsenal,Sunderland,3,1,en.1,FALSE
2015-12-05,Manchester United,West Ham United,0,0,en.1,FALSE
2015-12-05,Southampton,Aston Villa,1,1,en.1,FALSE
2015-12-05,Swansea City,Leicester City,0,3,en.1,FALSE
2015-12-05,Watford,Norwich City,2,0,en.1,FALSE
2015-12-05,West Bromwich Albion,Tottenham Hotspur,1,1,en.1,FALSE
2015-12-05,Chelsea,AFC Bournemouth,0,1,en.1,FALSE
2015-12-05,Real Madrid CF,Getafe CF,4,1,es.1,FALSE
2015-12-05,Granada CF,Club Atlético de Madrid,0,2,es.1,FALSE
2015-12-05,Valencia CF,FC Barcelona,1,1,es.1,FALSE
2015-12-05,Deportivo La Coruña,Sevilla,1,1,es.1,FALSE
2015-12-05,Real Betis Balompié,RC Celta de Vigo,1,1,es.1,FALSE
2015-12-05,Torino,AS Roma,1,1,it.1,FALSE
2015-12-05,FC Internazionale Milano,Genoa CFC,1,0,it.1,FALSE
2015-12-05,Borussia Mönchengladbach,FC Bayern München,3,1,de.1,FALSE
2015-12-05,Hamburger SV,1. FSV Mainz 05,1,3,de.1,FALSE
2015-12-05,1. FC Köln,FC Augsburg,0,1,de.1,FALSE
2015-12-05,Hertha BSC,Bayer 04 Leverkusen,2,1,de.1,FALSE
2015-12-05,FC Ingolstadt 04,TSG 1899 Hoffenheim,1,1,de.1,FALSE
2015-12-05,VfL Wolfsburg,Borussia Dortmund,1,2,de.1,FALSE
2015-12-06,Newcastle United,Liverpool,2,0,en.1,FALSE
2015-12-06,Real Sociedad de Fútbol,SD Eibar,2,1,es.1,FALSE
2015-12-06,Villarreal CF,Rayo Vallecano de Madrid,2,1,es.1,FALSE
2015-12-06,Sporting Gijón,UD Las Palmas,3,1,es.1,FALSE
2015-12-06,Athletic Club,Málaga CF,0,0,es.1,FALSE
2015-12-06,Bologna FC 1909,SSC Napoli,3,2,it.1,FALSE
2015-12-06,Atalanta BC,US Palermo,3,0,it.1,FALSE
2015-12-06,ACF Fiorentina,Udinese Calcio,3,0,it.1,FALSE
2015-12-06,Frosinone Calcio,Chievo Verona,0,2,it.1,FALSE
2015-12-06,Hellas Verona,Empoli,0,1,it.1,FALSE
2015-12-06,Sampdoria,US Sassuolo Calcio,1,3,it.1,FALSE
2015-12-06,Carpi,AC Milan,0,0,it.1,FALSE
2015-12-06,VfB Stuttgart,SV Werder Bremen,1,1,de.1,FALSE
2015-12-06,Eintracht Frankfurt,SV Darmstadt 98,0,1,de.1,FALSE
2015-12-07,Everton,Crystal Palace,1,1,en.1,FALSE
2015-12-07,RCD Espanyol de Barcelona,Levante UD,1,1,es.1,FALSE
2015-12-08,Paris Saint-Germain,Shakhtar Donetsk,2,0,uefa.cl,FALSE
2015-12-08,Real Madrid CF,Malmö FF,8,0,uefa.cl,FALSE
2015-12-08,VfL Wolfsburg,Manchester United,3,2,uefa.cl,FALSE
2015-12-08,PSV Eindhoven,CSKA Moskva,2,1,uefa.cl,FALSE
2015-12-08,Galatasaray,FK Astana,1,1,uefa.cl,FALSE
2015-12-08,SL Benfica,Club Atlético de Madrid,1,2,uefa.cl,FALSE
2015-12-08,Manchester City,Borussia Mönchengladbach,4,2,uefa.cl,FALSE
2015-12-08,Sevilla,Juventus,1,0,uefa.cl,FALSE
2015-12-09,Bayer 04 Leverkusen,FC Barcelona,1,1,uefa.cl,FALSE
2015-12-09,AS Roma,BATE Borisov,0,0,uefa.cl,FALSE
2015-12-09,Dinamo Zagreb,FC Bayern München,0,2,uefa.cl,FALSE
2015-12-09,Olympiakos Piraeus,Arsenal,0,3,uefa.cl,FALSE
2015-12-09,Chelsea,FC Porto,2,0,uefa.cl,FALSE
2015-12-09,Dinamo Kiev,Maccabi Tel Aviv,1,0,uefa.cl,FALSE
2015-12-09,Valencia CF,Olympique Lyonnais,0,2,uefa.cl,FALSE
2015-12-09,KAA Gent,Zenit St. Petersburg,2,1,uefa.cl,FALSE
2015-12-11,Getafe CF,Real Sociedad de Fútbol,1,1,es.1,FALSE
2015-12-11,1. FSV Mainz 05,VfB Stuttgart,0,0,de.1,FALSE
2015-12-12,Crystal Palace,Southampton,1,0,en.1,FALSE
2015-12-12,Manchester City,Swansea City,2,1,en.1,FALSE
2015-12-12,Sunderland,Watford,0,1,en.1,FALSE
2015-12-12,West Ham United,Stoke City,0,0,en.1,FALSE
2015-12-12,AFC Bournemouth,Manchester United,2,1,en.1,FALSE
2015-12-12,Norwich City,Everton,1,1,en.1,FALSE
2015-12-12,FC Barcelona,Deportivo La Coruña,2,2,es.1,FALSE
2015-12-12,RC Celta de Vigo,RCD Espanyol de Barcelona,1,0,es.1,FALSE
2015-12-12,Levante UD,Granada CF,1,2,es.1,FALSE
2015-12-12,Sevilla,Sporting Gijón,2,0,es.1,FALSE
2015-12-12,UD Las Palmas,Real Betis Balompié,1,0,es.1,FALSE
2015-12-12,Genoa CFC,Bologna FC 1909,0,1,it.1,FALSE
2015-12-12,US Palermo,Frosinone Calcio,4,1,it.1,FALSE
2015-12-12,Udinese Calcio,FC Internazionale Milano,0,4,it.1,FALSE
2015-12-12,FC Bayern München,FC Ingolstadt 04,2,0,de.1,FALSE
2015-12-12,VfL Wolfsburg,Hamburger SV,1,1,de.1,FALSE
2015-12-12,SV Werder Bremen,1. FC Köln,1,1,de.1,FALSE
2015-12-12,TSG 1899 Hoffenheim,Hannover 96,1,0,de.1,FALSE
2015-12-12,SV Darmstadt 98,Hertha BSC,0,4,de.1,FALSE
2015-12-12,Bayer 04 Leverkusen,Borussia Mönchengladbach,5,0,de.1,FALSE
2015-12-13,Aston Villa,Arsenal,0,2,en.1,FALSE
2015-12-13,Liverpool,West Bromwich Albion,2,2,en.1,FALSE
2015-12-13,Tottenham Hotspur,Newcastle United,1,2,en.1,FALSE
2015-12-13,Rayo Vallecano de Madrid,Málaga CF,1,2,es.1,FALSE
2015-12-13,SD Eibar,Valencia CF,1,1,es.1,FALSE
2015-12-13,Club Atlético de Madrid,Athletic Club,2,1,es.1,FALSE
2015-12-13,Villarreal CF,Real Madrid CF,1,0,es.1,FALSE
2015-12-13,Chievo Verona,Atalanta BC,1,0,it.1,FALSE
2015-12-13,Empoli,Carpi,3,0,it.1,FALSE
2015-12-13,AC Milan,Hellas Verona,1,1,it.1,FALSE
2015-12-13,SSC Napoli,AS Roma,0,0,it.1,FALSE
2015-12-13,Juventus,ACF Fiorentina,3,1,it.1,FALSE
2015-12-13,FC Augsburg,FC Schalke 04,2,1,de.1,FALSE
2015-12-13,Borussia Dortmund,Eintracht Frankfurt,4,1,de.1,FALSE
2015-12-14,Leicester City,Chelsea,2,1,en.1,FALSE
2015-12-14,SS Lazio,Sampdoria,1,1,it.1,FALSE
2015-12-18,FC Schalke 04,TSG 1899 Hoffenheim,1,0,de.1,FALSE
2015-12-19,Chelsea,Sunderland,3,1,en.1,FALSE
2015-12-19,Everton,Leicester City,2,3,en.1,FALSE
2015-12-19,Manchester United,Norwich City,1,2,en.1,FALSE
2015-12-19,Southampton,Tottenham Hotspur,0,2,en.1,FALSE
2015-12-19,Stoke City,Crystal Palace,1,2,en.1,FALSE
2015-12-19,West Bromwich Albion,AFC Bournemouth,1,2,en.1,FALSE
2015-12-19,Newcastle United,Aston Villa,1,1,en.1,FALSE
2015-12-19,Valencia CF,Getafe CF,2,2,es.1,FALSE
2015-12-19,RCD Espanyol de Barcelona,UD Las Palmas,1,0,es.1,FALSE
2015-12-19,Real Betis Balompié,Sevilla,0,0,es.1,FALSE
2015-12-19,Deportivo La Coruña,SD Eibar,2,0,es.1,FALSE
2015-12-19,Bologna FC 1909,Empoli,2,3,it.1,FALSE
2015-12-19,Hamburger SV,FC Augsburg,0,1,de.1,FALSE
2015-12-19,Eintracht Frankfurt,SV Werder Bremen,2,1,de.1,FALSE
2015-12-19,1. FC Köln,Borussia Dortmund,2,1,de.1,FALSE
2015-12-19,Hannover 96,FC Bayern München,0,1,de.1,FALSE
2015-12-19,FC Ingolstadt 04,Bayer 04 Leverkusen,0,1,de.1,FALSE
2015-12-19,VfB Stuttgart,VfL Wolfsburg,3,1,de.1,FALSE
2015-12-20,Swansea City,West Ham United,0,0,en.1,FALSE
2015-12-20,Watford,Liverpool,3,0,en.1,FALSE
2015-12-20,Real Madrid CF,Rayo Vallecano de Madrid,10,2,es.1,FALSE
2015-12-20,Real Sociedad de Fútbol,Villarreal CF,0,2,es.1,FALSE
2015-12-20,Granada CF,RC Celta de Vigo,0,2,es.1,FALSE
2015-12-20,Athletic Club,Levante UD,2,0,es.1,FALSE
2015-12-20,Málaga CF,Club Atlético de Madrid,1,0,es.1,FALSE
2015-12-20,Carpi,Juventus,2,3,it.1,FALSE
2015-12-20,Atalanta BC,SSC Napoli,1,3,it.1,FALSE
2015-12-20,ACF Fiorentina,Chievo Verona,2,0,it.1,FALSE
2015-12-20,Hellas Verona,US Sassuolo Calcio,1,1,it.1,FALSE
2015-12-20,AS Roma,Genoa CFC,2,0,it.1,FALSE
2015-12-20,Frosinone Calcio,AC Milan,2,4,it.1,FALSE
2015-12-20,Sampdoria,US Palermo,2,0,it.1,FALSE
2015-12-20,Torino,Udinese Calcio,0,1,it.1,FALSE
2015-12-20,FC Internazionale Milano,SS Lazio,1,2,it.1,FALSE
2015-12-20,Hertha BSC,1. FSV Mainz 05,2,0,de.1,FALSE
2015-12-20,Borussia Mönchengladbach,SV Darmstadt 98,3,2,de.1,FALSE
2015-12-21,Arsenal,Manchester City,2,1,en.1,FALSE
2015-12-26,Stoke City,Manchester United,2,0,en.1,FALSE
2015-12-26,AFC Bournemouth,Crystal Palace,0,0,en.1,FALSE
2015-12-26,Aston Villa,West Ham United,1,1,en.1,FALSE
2015-12-26,Chelsea,Watford,2,2,en.1,FALSE
2015-12-26,Liverpool,Leicester City,1,0,en.1,FALSE
2015-12-26,Manchester City,Sunderland,4,1,en.1,FALSE
2015-12-26,Swansea City,West Bromwich Albion,1,0,en.1,FALSE
2015-12-26,Tottenham Hotspur,Norwich City,3,0,en.1,FALSE
2015-12-26,Newcastle United,Everton,0,1,en.1,FALSE
2015-12-26,Southampton,Arsenal,4,0,en.1,FALSE
2015-12-28,Crystal Palace,Swansea City,0,0,en.1,FALSE
2015-12-28,Everton,Stoke City,3,4,en.1,FALSE
2015-12-28,Norwich City,Aston Villa,2,0,en.1,FALSE
2015-12-28,Watford,Tottenham Hotspur,1,2,en.1,FALSE
2015-12-28,West Bromwich Albion,Newcastle United,1,0,en.1,FALSE
2015-12-28,Arsenal,AFC Bournemouth,2,0,en.1,FALSE
2015-12-28,Manchester United,Chelsea,0,0,en.1,FALSE
2015-12-28,West Ham United,Southampton,2,1,en.1,FALSE
2015-12-29,Leicester City,Manchester City,0,0,en.1,FALSE
2015-12-30,Sunderland,Liverpool,0,1,en.1,FALSE
2015-12-30,Real Madrid CF,Real Sociedad de Fútbol,3,1,es.1,FALSE
2015-12-30,Levante UD,Málaga CF,0,1,es.1,FALSE
2015-12-30,Sevilla,RCD Espanyol de Barcelona,2,0,es.1,FALSE
2015-12-30,Rayo Vallecano de Madrid,Club Atlético de Madrid,0,2,es.1,FALSE
2015-12-30,SD Eibar,Sporting Gijón,2,0,es.1,FALSE
2015-12-30,Getafe CF,Deportivo La Coruña,0,0,es.1,FALSE
2015-12-30,FC Barcelona,Real Betis Balompié,4,0,es.1,FALSE
2015-12-30,RC Celta de Vigo,Athletic Club,0,1,es.1,FALSE
2015-12-30,UD Las Palmas,Granada CF,4,1,es.1,FALSE
2015-12-31,Villarreal CF,Valencia CF,1,0,es.1,FALSE
2016-01-02,West Ham United,Liverpool,2,0,en.1,FALSE
2016-01-02,Arsenal,Newcastle United,1,0,en.1,FALSE
2016-01-02,Leicester City,AFC Bournemouth,0,0,en.1,FALSE
2016-01-02,Manchester United,Swansea City,2,1,en.1,FALSE
2016-01-02,Norwich City,Southampton,1,0,en.1,FALSE
2016-01-02,Sunderland,Aston Villa,3,1,en.1,FALSE
2016-01-02,West Bromwich Albion,Stoke City,2,1,en.1,FALSE
2016-01-02,Watford,Manchester City,1,2,en.1,FALSE
2016-01-02,RCD Espanyol de Barcelona,FC Barcelona,0,0,es.1,FALSE
2016-01-02,Club Atlético de Madrid,Levante UD,1,0,es.1,FALSE
2016-01-02,Málaga CF,RC Celta de Vigo,2,0,es.1,FALSE
2016-01-03,Everton,Tottenham Hotspur,1,1,en.1,FALSE
2016-01-03,Crystal Palace,Chelsea,0,3,en.1,FALSE
2016-01-03,Rayo Vallecano de Madrid,Real Sociedad de Fútbol,2,2,es.1,FALSE
2016-01-03,Real Betis Balompié,SD Eibar,0,4,es.1,FALSE
2016-01-03,Granada CF,Sevilla,2,1,es.1,FALSE
2016-01-03,Deportivo La Coruña,Villarreal CF,1,2,es.1,FALSE
2016-01-03,Athletic Club,UD Las Palmas,2,2,es.1,FALSE
2016-01-03,Valencia CF,Real Madrid CF,2,2,es.1,FALSE
2016-01-04,Sporting Gijón,Getafe CF,1,2,es.1,FALSE
2016-01-05,Genoa CFC,Sampdoria,2,3,it.1,FALSE
2016-01-06,Udinese Calcio,Atalanta BC,2,1,it.1,FALSE
2016-01-06,Chievo Verona,AS Roma,3,3,it.1,FALSE
2016-01-06,Juventus,Hellas Verona,3,0,it.1,FALSE
2016-01-06,SS Lazio,Carpi,0,0,it.1,FALSE
2016-01-06,AC Milan,Bologna FC 1909,0,1,it.1,FALSE
2016-01-06,US Palermo,ACF Fiorentina,1,3,it.1,FALSE
2016-01-06,US Sassuolo Calcio,Frosinone Calcio,2,2,it.1,FALSE
2016-01-06,Empoli,FC Internazionale Milano,0,1,it.1,FALSE
2016-01-06,SSC Napoli,Torino,2,1,it.1,FALSE
2016-01-09,FC Barcelona,Granada CF,4,0,es.1,FALSE
2016-01-09,Getafe CF,Real Betis Balompié,1,0,es.1,FALSE
2016-01-09,Sevilla,Athletic Club,2,0,es.1,FALSE
2016-01-09,Real Madrid CF,Deportivo La Coruña,5,0,es.1,FALSE
2016-01-09,Levante UD,Rayo Vallecano de Madrid,2,1,es.1,FALSE
2016-01-09,Carpi,Udinese Calcio,2,1,it.1,FALSE
2016-01-09,ACF Fiorentina,SS Lazio,1,3,it.1,FALSE
2016-01-09,AS Roma,AC Milan,1,1,it.1,FALSE
2016-01-10,Villarreal CF,Sporting Gijón,2,0,es.1,FALSE
2016-01-10,Real Sociedad de Fútbol,Valencia CF,2,0,es.1,FALSE
2016-01-10,SD Eibar,RCD Espanyol de Barcelona,2,1,es.1,FALSE
2016-01-10,UD Las Palmas,Málaga CF,1,1,es.1,FALSE
2016-01-10,RC Celta de Vigo,Club Atlético de Madrid,0,2,es.1,FALSE
2016-01-10,FC Internazionale Milano,US Sassuolo Calcio,0,1,it.1,FALSE
2016-01-10,Atalanta BC,Genoa CFC,0,2,it.1,FALSE
2016-01-10,Bologna FC 1909,Chievo Verona,0,1,it.1,FALSE
2016-01-10,Frosinone Calcio,SSC Napoli,1,5,it.1,FALSE
2016-01-10,Hellas Verona,US Palermo,0,1,it.1,FALSE
2016-01-10,Torino,Empoli,0,1,it.1,FALSE
2016-01-10,Sampdoria,Juventus,1,2,it.1,FALSE
2016-01-12,Aston Villa,Crystal Palace,1,0,en.1,FALSE
2016-01-12,Newcastle United,Manchester United,3,3,en.1,FALSE
2016-01-12,AFC Bournemouth,West Ham United,1,3,en.1,FALSE
2016-01-13,Swansea City,Sunderland,2,4,en.1,FALSE
2016-01-13,Chelsea,West Bromwich Albion,2,2,en.1,FALSE
2016-01-13,Manchester City,Everton,0,0,en.1,FALSE
2016-01-13,Southampton,Watford,2,0,en.1,FALSE
2016-01-13,Stoke City,Norwich City,3,1,en.1,FALSE
2016-01-13,Liverpool,Arsenal,3,3,en.1,FALSE
2016-01-13,Tottenham Hotspur,Leicester City,0,1,en.1,FALSE
2016-01-16,Tottenham Hotspur,Sunderland,4,1,en.1,FALSE
2016-01-16,AFC Bournemouth,Norwich City,3,0,en.1,FALSE
2016-01-16,Chelsea,Everton,3,3,en.1,FALSE
2016-01-16,Manchester City,Crystal Palace,4,0,en.1,FALSE
2016-01-16,Newcastle United,West Ham United,2,1,en.1,FALSE
2016-01-16,Southampton,West Bromwich Albion,3,0,en.1,FALSE
2016-01-16,Aston Villa,Leicester City,1,1,en.1,FALSE
2016-01-16,Sevilla,Málaga CF,2,1,es.1,FALSE
2016-01-16,RC Celta de Vigo,Levante UD,4,3,es.1,FALSE
2016-01-16,Villarreal CF,Real Betis Balompié,0,0,es.1,FALSE
2016-01-16,Real Sociedad de Fútbol,Deportivo La Coruña,1,1,es.1,FALSE
2016-01-16,Atalanta BC,FC Internazionale Milano,1,1,it.1,FALSE
2016-01-16,Torino,Frosinone Calcio,4,2,it.1,FALSE
2016-01-16,SSC Napoli,US Sassuolo Calcio,3,1,it.1,FALSE
2016-01-17,Stoke City,Arsenal,0,0,en.1,FALSE
2016-01-17,Liverpool,Manchester United,0,1,en.1,FALSE
2016-01-17,Valencia CF,Rayo Vallecano de Madrid,2,2,es.1,FALSE
2016-01-17,Real Madrid CF,Sporting Gijón,5,1,es.1,FALSE
2016-01-17,Getafe CF,RCD Espanyol de Barcelona,3,1,es.1,FALSE
2016-01-17,UD Las Palmas,Club Atlético de Madrid,0,3,es.1,FALSE
2016-01-17,FC Barcelona,Athletic Club,6,0,es.1,FALSE
2016-01-17,Genoa CFC,US Palermo,4,0,it.1,FALSE
2016-01-17,Chievo Verona,Empoli,1,1,it.1,FALSE
2016-01-17,AS Roma,Hellas Verona,1,1,it.1,FALSE
2016-01-17,Udinese Calcio,Juventus,0,4,it.1,FALSE
2016-01-17,Bologna FC 1909,SS Lazio,2,2,it.1,FALSE
2016-01-17,Carpi,Sampdoria,2,1,it.1,FALSE
2016-01-17,AC Milan,ACF Fiorentina,2,0,it.1,FALSE
2016-01-18,Swansea City,Watford,1,0,en.1,FALSE
2016-01-18,SD Eibar,Granada CF,5,1,es.1,FALSE
2016-01-20,US Sassuolo Calcio,Torino,1,1,it.1,FALSE
2016-01-22,Sporting Gijón,Real Sociedad de Fútbol,5,1,es.1,FALSE
2016-01-22,Hamburger SV,FC Bayern München,1,2,de.1,FALSE
2016-01-23,Norwich City,Liverpool,4,5,en.1,FALSE
2016-01-23,Crystal Palace,Tottenham Hotspur,1,3,en.1,FALSE
2016-01-23,Leicester City,Stoke City,3,0,en.1,FALSE
2016-01-23,Manchester United,Southampton,0,1,en.1,FALSE
2016-01-23,Sunderland,AFC Bournemouth,1,1,en.1,FALSE
2016-01-23,Watford,Newcastle United,2,1,en.1,FALSE
2016-01-23,West Bromwich Albion,Aston Villa,0,0,en.1,FALSE
2016-01-23,West Ham United,Manchester City,2,2,en.1,FALSE
2016-01-23,Málaga CF,FC Barcelona,1,2,es.1,FALSE
2016-01-23,RCD Espanyol de Barcelona,Villarreal CF,2,2,es.1,FALSE
2016-01-23,Granada CF,Getafe CF,3,2,es.1,FALSE
2016-01-23,Rayo Vallecano de Madrid,RC Celta de Vigo,3,0,es.1,FALSE
2016-01-23,Frosinone Calcio,Atalanta BC,0,0,it.1,FALSE
2016-01-23,Empoli,AC Milan,2,2,it.1,FALSE
2016-01-23,FC Ingolstadt 04,1. FSV Mainz 05,1,0,de.1,FALSE
2016-01-23,Hannover 96,SV Darmstadt 98,1,2,de.1,FALSE
2016-01-23,Hertha BSC,FC Augsburg,0,0,de.1,FALSE
2016-01-23,1. FC Köln,VfB Stuttgart,1,3,de.1,FALSE
2016-01-23,TSG 1899 Hoffenheim,Bayer 04 Leverkusen,1,1,de.1,FALSE
2016-01-23,Borussia Mönchengladbach,Borussia Dortmund,1,3,de.1,FALSE
2016-01-24,Arsenal,Chelsea,0,1,en.1,FALSE
2016-01-24,Everton,Swansea City,1,2,en.1,FALSE
2016-01-24,Athletic Club,SD Eibar,5,2,es.1,FALSE
2016-01-24,Club Atlético de Madrid,Sevilla,0,0,es.1,FALSE
2016-01-24,Deportivo La Coruña,Valencia CF,1,1,es.1,FALSE
2016-01-24,Real Betis Balompié,Real Madrid CF,1,1,es.1,FALSE
2016-01-24,ACF Fiorentina,Torino,2,0,it.1,FALSE
2016-01-24,US Sassuolo Calcio,Bologna FC 1909,0,2,it.1,FALSE
2016-01-24,FC Internazionale Milano,Carpi,1,1,it.1,FALSE
2016-01-24,SS Lazio,Chievo Verona,4,1,it.1,FALSE
2016-01-24,Hellas Verona,Genoa CFC,1,1,it.1,FALSE
2016-01-24,Sampdoria,SSC Napoli,2,4,it.1,FALSE
2016-01-24,US Palermo,Udinese Calcio,4,1,it.1,FALSE
2016-01-24,Juventus,AS Roma,1,0,it.1,FALSE
2016-01-24,Eintracht Frankfurt,VfL Wolfsburg,3,2,de.1,FALSE
2016-01-24,FC Schalke 04,SV Werder Bremen,1,3,de.1,FALSE
2016-01-25,Levante UD,UD Las Palmas,3,2,es.1,FALSE
2016-01-29,1. FSV Mainz 05,Borussia Mönchengladbach,1,0,de.1,FALSE
2016-01-30,FC Barcelona,Club Atlético de Madrid,2,1,es.1,FALSE
2016-01-30,SD Eibar,Málaga CF,1,2,es.1,FALSE
2016-01-30,Getafe CF,Athletic Club,0,1,es.1,FALSE
2016-01-30,Villarreal CF,Granada CF,1,0,es.1,FALSE
2016-01-30,Real Sociedad de Fútbol,Real Betis Balompié,2,1,es.1,FALSE
2016-01-30,Carpi,US Palermo,1,1,it.1,FALSE
2016-01-30,Atalanta BC,US Sassuolo Calcio,1,1,it.1,FALSE
2016-01-30,AS Roma,Frosinone Calcio,3,1,it.1,FALSE
2016-01-30,SV Darmstadt 98,FC Schalke 04,0,2,de.1,FALSE
2016-01-30,FC Augsburg,Eintracht Frankfurt,0,0,de.1,FALSE
2016-01-30,Bayer 04 Leverkusen,Hannover 96,3,0,de.1,FALSE
2016-01-30,SV Werder Bremen,Hertha BSC,3,3,de.1,FALSE
2016-01-30,Borussia Dortmund,FC Ingolstadt 04,2,0,de.1,FALSE
2016-01-30,VfB Stuttgart,Hamburger SV,2,1,de.1,FALSE
2016-01-31,Sevilla,Levante UD,3,1,es.1,FALSE
2016-01-31,Valencia CF,Sporting Gijón,0,1,es.1,FALSE
2016-01-31,UD Las Palmas,RC Celta de Vigo,2,1,es.1,FALSE
2016-01-31,Real Madrid CF,RCD Espanyol de Barcelona,6,0,es.1,FALSE
2016-01-31,Chievo Verona,Juventus,0,4,it.1,FALSE
2016-01-31,SSC Napoli,Empoli,5,1,it.1,FALSE
2016-01-31,Genoa CFC,ACF Fiorentina,0,0,it.1,FALSE
2016-01-31,Torino,Hellas Verona,0,0,it.1,FALSE
2016-01-31,Udinese Calcio,SS Lazio,0,0,it.1,FALSE
2016-01-31,Bologna FC 1909,Sampdoria,3,2,it.1,FALSE
2016-01-31,AC Milan,FC Internazionale Milano,3,0,it.1,FALSE
2016-01-31,VfL Wolfsburg,1. FC Köln,1,1,de.1,FALSE
2016-01-31,FC Bayern München,TSG 1899 Hoffenheim,2,0,de.1,FALSE
2016-02-01,Deportivo La Coruña,Rayo Vallecano de Madrid,2,2,es.1,FALSE
2016-02-02,Arsenal,Southampton,0,0,en.1,FALSE
2016-02-02,Leicester City,Liverpool,2,0,en.1,FALSE
2016-02-02,Norwich City,Tottenham Hotspur,0,3,en.1,FALSE
2016-02-02,Sunderland,Manchester City,0,1,en.1,FALSE
2016-02-02,West Ham United,Aston Villa,2,0,en.1,FALSE
2016-02-02,Crystal Palace,AFC Bournemouth,1,2,en.1,FALSE
2016-02-02,Manchester United,Stoke City,3,0,en.1,FALSE
2016-02-02,West Bromwich Albion,Swansea City,1,1,en.1,FALSE
2016-02-02,US Sassuolo Calcio,AS Roma,0,2,it.1,FALSE
2016-02-03,Everton,Newcastle United,3,0,en.1,FALSE
2016-02-03,Watford,Chelsea,0,0,en.1,FALSE
2016-02-03,Frosinone Calcio,Bologna FC 1909,1,0,it.1,FALSE
2016-02-03,Hellas Verona,Atalanta BC,2,1,it.1,FALSE
2016-02-03,ACF Fiorentina,Carpi,2,1,it.1,FALSE
2016-02-03,FC Internazionale Milano,Chievo Verona,1,0,it.1,FALSE
2016-02-03,Juventus,Genoa CFC,1,0,it.1,FALSE
2016-02-03,US Palermo,AC Milan,0,2,it.1,FALSE
2016-02-03,SS Lazio,SSC Napoli,0,2,it.1,FALSE
2016-02-03,Sampdoria,Torino,2,2,it.1,FALSE
2016-02-03,Empoli,Udinese Calcio,1,1,it.1,FALSE
2016-02-05,Málaga CF,Getafe CF,3,0,es.1,FALSE
2016-02-05,Borussia Mönchengladbach,SV Werder Bremen,5,1,de.1,FALSE
2016-02-06,Manchester City,Leicester City,1,3,en.1,FALSE
2016-02-06,Aston Villa,Norwich City,2,0,en.1,FALSE
2016-02-06,Liverpool,Sunderland,2,2,en.1,FALSE
2016-02-06,Newcastle United,West Bromwich Albion,1,0,en.1,FALSE
2016-02-06,Stoke City,Everton,0,3,en.1,FALSE
2016-02-06,Swansea City,Crystal Palace,1,1,en.1,FALSE
2016-02-06,Tottenham Hotspur,Watford,1,0,en.1,FALSE
2016-02-06,Southampton,West Ham United,1,0,en.1,FALSE
2016-02-06,Club Atlético de Madrid,SD Eibar,3,1,es.1,FALSE
2016-02-06,Rayo Vallecano de Madrid,UD Las Palmas,2,0,es.1,FALSE
2016-02-06,Athletic Club,Villarreal CF,0,0,es.1,FALSE
2016-02-06,Sporting Gijón,Deportivo La Coruña,1,1,es.1,FALSE
2016-02-06,Bologna FC 1909,ACF Fiorentina,1,1,it.1,FALSE
2016-02-06,Genoa CFC,SS Lazio,0,0,it.1,FALSE
2016-02-06,Hertha BSC,Borussia Dortmund,0,0,de.1,FALSE
2016-02-06,FC Schalke 04,VfL Wolfsburg,3,0,de.1,FALSE
2016-02-06,Eintracht Frankfurt,VfB Stuttgart,2,4,de.1,FALSE
2016-02-06,FC Ingolstadt 04,FC Augsburg,2,1,de.1,FALSE
2016-02-06,Hannover 96,1. FSV Mainz 05,0,1,de.1,FALSE
2016-02-06,Bayer 04 Leverkusen,FC Bayern München,0,0,de.1,FALSE
2016-02-07,Chelsea,Manchester United,1,1,en.1,FALSE
2016-02-07,AFC Bournemouth,Arsenal,0,2,en.1,FALSE
2016-02-07,Levante UD,FC Barcelona,0,2,es.1,FALSE
2016-02-07,Real Betis Balompié,Valencia CF,1,0,es.1,FALSE
2016-02-07,RC Celta de Vigo,Sevilla,1,1,es.1,FALSE
2016-02-07,Granada CF,Real Madrid CF,1,2,es.1,FALSE
2016-02-07,Hellas Verona,FC Internazionale Milano,3,3,it.1,FALSE
2016-02-07,SSC Napoli,Carpi,1,0,it.1,FALSE
2016-02-07,Torino,Chievo Verona,1,2,it.1,FALSE
2016-02-07,Frosinone Calcio,Juventus,0,2,it.1,FALSE
2016-02-07,US Sassuolo Calcio,US Palermo,2,2,it.1,FALSE
2016-02-07,AC Milan,Udinese Calcio,1,1,it.1,FALSE
2016-02-07,Atalanta BC,Empoli,0,0,it.1,FALSE
2016-02-07,AS Roma,Sampdoria,2,1,it.1,FALSE
2016-02-07,Hamburger SV,1. FC Köln,1,1,de.1,FALSE
2016-02-07,TSG 1899 Hoffenheim,SV Darmstadt 98,0,2,de.1,FALSE
2016-02-08,RCD Espanyol de Barcelona,Real Sociedad de Fútbol,0,5,es.1,FALSE
2016-02-11,SS Lazio,Hellas Verona,5,2,it.1,FALSE
2016-02-12,Sporting Gijón,Rayo Vallecano de Madrid,2,2,es.1,FALSE
2016-02-12,Carpi,AS Roma,1,3,it.1,FALSE
2016-02-12,1. FSV Mainz 05,FC Schalke 04,2,1,de.1,FALSE
2016-02-13,Sunderland,Manchester United,2,1,en.1,FALSE
2016-02-13,AFC Bournemouth,Stoke City,1,3,en.1,FALSE
2016-02-13,Crystal Palace,Watford,1,2,en.1,FALSE
2016-02-13,Everton,West Bromwich Albion,0,1,en.1,FALSE
2016-02-13,Norwich City,West Ham United,2,2,en.1,FALSE
2016-02-13,Swansea City,Southampton,0,1,en.1,FALSE
2016-02-13,Chelsea,Newcastle United,5,1,en.1,FALSE
2016-02-13,Real Madrid CF,Athletic Club,4,2,es.1,FALSE
2016-02-13,Villarreal CF,Málaga CF,1,0,es.1,FALSE
2016-02-13,Valencia CF,RCD Espanyol de Barcelona,2,1,es.1,FALSE
2016-02-13,Deportivo La Coruña,Real Betis Balompié,2,2,es.1,FALSE
2016-02-13,Empoli,Frosinone Calcio,1,2,it.1,FALSE
2016-02-13,Chievo Verona,US Sassuolo Calcio,1,1,it.1,FALSE
2016-02-13,Juventus,SSC Napoli,1,0,it.1,FALSE
2016-02-13,SV Darmstadt 98,Bayer 04 Leverkusen,1,2,de.1,FALSE
2016-02-13,Borussia Dortmund,Hannover 96,1,0,de.1,FALSE
2016-02-13,VfB Stuttgart,Hertha BSC,2,0,de.1,FALSE
2016-02-13,SV Werder Bremen,TSG 1899 Hoffenheim,1,1,de.1,FALSE
2016-02-13,VfL Wolfsburg,FC Ingolstadt 04,2,0,de.1,FALSE
2016-02-13,1. FC Köln,Eintracht Frankfurt,3,1,de.1,FALSE
2016-02-14,Aston Villa,Liverpool,0,6,en.1,FALSE
2016-02-14,Manchester City,Tottenham Hotspur,1,2,en.1,FALSE
2016-02-14,Arsenal,Leicester City,2,1,en.1,FALSE
2016-02-14,Real Sociedad de Fútbol,Granada CF,3,0,es.1,FALSE
2016-02-14,Sevilla,UD Las Palmas,2,0,es.1,FALSE
2016-02-14,SD Eibar,Levante UD,2,0,es.1,FALSE
2016-02-14,Getafe CF,Club Atlético de Madrid,0,1,es.1,FALSE
2016-02-14,FC Barcelona,RC Celta de Vigo,6,1,es.1,FALSE
2016-02-14,AC Milan,Genoa CFC,2,1,it.1,FALSE
2016-02-14,Sampdoria,Atalanta BC,0,0,it.1,FALSE
2016-02-14,Udinese Calcio,Bologna FC 1909,0,1,it.1,FALSE
2016-02-14,US Palermo,Torino,1,3,it.1,FALSE
2016-02-14,ACF Fiorentina,FC Internazionale Milano,2,1,it.1,FALSE
2016-02-14,Hamburger SV,Borussia Mönchengladbach,3,2,de.1,FALSE
2016-02-14,FC Augsburg,FC Bayern München,1,3,de.1,FALSE
2016-02-16,Paris Saint-Germain,Chelsea,2,1,uefa.cl,FALSE
2016-02-16,SL Benfica,Zenit St. Petersburg,1,0,uefa.cl,FALSE
2016-02-17,Sporting Gijón,FC Barcelona,1,3,es.1,FALSE
2016-02-17,KAA Gent,VfL Wolfsburg,2,3,uefa.cl,FALSE
2016-02-17,AS Roma,Real Madrid CF,0,2,uefa.cl,FALSE
2016-02-19,Levante UD,Getafe CF,3,0,es.1,FALSE
2016-02-19,Bologna FC 1909,Juventus,0,0,it.1,FALSE
2016-02-19,Eintracht Frankfurt,Hamburger SV,0,0,de.1,FALSE
2016-02-20,UD Las Palmas,FC Barcelona,1,2,es.1,FALSE
2016-02-20,RCD Espanyol de Barcelona,Deportivo La Coruña,1,0,es.1,FALSE
2016-02-20,Real Betis Balompié,Sporting Gijón,1,1,es.1,FALSE
2016-02-20,RC Celta de Vigo,SD Eibar,3,2,es.1,FALSE
2016-02-20,Hellas Verona,Chievo Verona,3,1,it.1,FALSE
2016-02-20,FC Internazionale Milano,Sampdoria,3,1,it.1,FALSE
2016-02-20,Hertha BSC,VfL Wolfsburg,1,1,de.1,FALSE
2016-02-20,FC Ingolstadt 04,SV Werder Bremen,2,0,de.1,FALSE
2016-02-20,Borussia Mönchengladbach,1. FC Köln,1,0,de.1,FALSE
2016-02-20,TSG 1899 Hoffenheim,1. FSV Mainz 05,3,2,de.1,FALSE
2016-02-20,FC Bayern München,SV Darmstadt 98,3,1,de.1,FALSE
2016-02-21,Rayo Vallecano de Madrid,Sevilla,2,2,es.1,FALSE
2016-02-21,Málaga CF,Real Madrid CF,1,1,es.1,FALSE
2016-02-21,Athletic Club,Real Sociedad de Fútbol,0,1,es.1,FALSE
2016-02-21,Granada CF,Valencia CF,1,2,es.1,FALSE
2016-02-21,Club Atlético de Madrid,Villarreal CF,0,0,es.1,FALSE
2016-02-21,Torino,Carpi,0,0,it.1,FALSE
2016-02-21,US Sassuolo Calcio,Empoli,3,2,it.1,FALSE
2016-02-21,Atalanta BC,ACF Fiorentina,2,3,it.1,FALSE
2016-02-21,Genoa CFC,Udinese Calcio,2,1,it.1,FALSE
2016-02-21,Frosinone Calcio,SS Lazio,0,0,it.1,FALSE
2016-02-21,AS Roma,US Palermo,5,0,it.1,FALSE
2016-02-21,Bayer 04 Leverkusen,Borussia Dortmund,0,1,de.1,FALSE
2016-02-21,FC Schalke 04,VfB Stuttgart,1,1,de.1,FALSE
2016-02-21,Hannover 96,FC Augsburg,0,1,de.1,FALSE
2016-02-22,SSC Napoli,AC Milan,1,1,it.1,FALSE
2016-02-23,Arsenal,FC Barcelona,0,2,uefa.cl,FALSE
2016-02-23,Juventus,FC Bayern München,2,2,uefa.cl,FALSE
2016-02-24,PSV Eindhoven,Club Atlético de Madrid,0,0,uefa.cl,FALSE
2016-02-24,Dinamo Kiev,Manchester City,1,3,uefa.cl,FALSE
2016-02-26,SD Eibar,UD Las Palmas,0,1,es.1,FALSE
2016-02-26,1. FC Köln,Hertha BSC,0,1,de.1,FALSE
2016-02-27,West Ham United,Sunderland,1,0,en.1,FALSE
2016-02-27,Leicester City,Norwich City,1,0,en.1,FALSE
2016-02-27,Southampton,Chelsea,1,2,en.1,FALSE
2016-02-27,Stoke City,Aston Villa,2,1,en.1,FALSE
2016-02-27,Watford,AFC Bournemouth,0,0,en.1,FALSE
2016-02-27,West Bromwich Albion,Crystal Palace,3,2,en.1,FALSE
2016-02-27,Real Madrid CF,Club Atlético de Madrid,0,1,es.1,FALSE
2016-02-27,Getafe CF,RC Celta de Vigo,0,1,es.1,FALSE
2016-02-27,Sporting Gijón,RCD Espanyol de Barcelona,2,4,es.1,FALSE
2016-02-27,Real Betis Balompié,Rayo Vallecano de Madrid,2,2,es.1,FALSE
2016-02-27,Real Sociedad de Fútbol,Málaga CF,1,1,es.1,FALSE
2016-02-27,Empoli,AS Roma,1,3,it.1,FALSE
2016-02-27,AC Milan,Torino,1,0,it.1,FALSE
2016-02-27,VfL Wolfsburg,FC Bayern München,0,2,de.1,FALSE
2016-02-27,VfB Stuttgart,Hannover 96,1,2,de.1,FALSE
2016-02-27,Hamburger SV,FC Ingolstadt 04,1,1,de.1,FALSE
2016-02-27,SV Werder Bremen,SV Darmstadt 98,2,2,de.1,FALSE
2016-02-28,Tottenham Hotspur,Swansea City,2,1,en.1,FALSE
2016-02-28,Manchester United,Arsenal,3,2,en.1,FALSE
2016-02-28,Villarreal CF,Levante UD,3,0,es.1,FALSE
2016-02-28,Valencia CF,Athletic Club,0,3,es.1,FALSE
2016-02-28,Deportivo La Coruña,Granada CF,0,1,es.1,FALSE
2016-02-28,FC Barcelona,Sevilla,2,1,es.1,FALSE
2016-02-28,US Palermo,Bologna FC 1909,0,0,it.1,FALSE
2016-02-28,Carpi,Atalanta BC,1,1,it.1,FALSE
2016-02-28,Sampdoria,Frosinone Calcio,2,0,it.1,FALSE
2016-02-28,Chievo Verona,Genoa CFC,1,0,it.1,FALSE
2016-02-28,Udinese Calcio,Hellas Verona,2,0,it.1,FALSE
2016-02-28,Juventus,FC Internazionale Milano,2,0,it.1,FALSE
2016-02-28,FC Augsburg,Borussia Mönchengladbach,2,2,de.1,FALSE
2016-02-28,1. FSV Mainz 05,Bayer 04 Leverkusen,3,1,de.1,FALSE
2016-02-28,Borussia Dortmund,TSG 1899 Hoffenheim,3,1,de.1,FALSE
2016-02-28,Eintracht Frankfurt,FC Schalke 04,0,0,de.1,FALSE
2016-02-29,SS Lazio,US Sassuolo Calcio,0,2,it.1,FALSE
2016-02-29,ACF Fiorentina,SSC Napoli,1,1,it.1,FALSE
2016-03-01,Sunderland,Crystal Palace,2,2,en.1,FALSE
2016-03-01,Norwich City,Chelsea,1,2,en.1,FALSE
2016-03-01,AFC Bournemouth,Southampton,2,0,en.1,FALSE
2016-03-01,Aston Villa,Everton,1,3,en.1,FALSE
2016-03-01,Leicester City,West Bromwich Albion,2,2,en.1,FALSE
2016-03-01,Club Atlético de Madrid,Real Sociedad de Fútbol,3,0,es.1,FALSE
2016-03-01,UD Las Palmas,Getafe CF,4,0,es.1,FALSE
2016-03-01,Hannover 96,VfL Wolfsburg,0,4,de.1,FALSE
2016-03-01,FC Ingolstadt 04,1. FC Köln,1,1,de.1,FALSE
2016-03-02,Liverpool,Manchester City,3,0,en.1,FALSE
2016-03-02,Arsenal,Swansea City,1,2,en.1,FALSE
2016-03-02,West Ham United,Tottenham Hotspur,1,0,en.1,FALSE
2016-03-02,Stoke City,Newcastle United,1,0,en.1,FALSE
2016-03-02,Manchester United,Watford,1,0,en.1,FALSE
2016-03-02,Sevilla,SD Eibar,1,0,es.1,FALSE
2016-03-02,RC Celta de Vigo,Villarreal CF,0,0,es.1,FALSE
2016-03-02,Málaga CF,Valencia CF,1,2,es.1,FALSE
2016-03-02,Athletic Club,Deportivo La Coruña,4,1,es.1,FALSE
2016-03-02,Levante UD,Real Madrid CF,1,3,es.1,FALSE
2016-03-02,SV Darmstadt 98,Borussia Dortmund,0,2,de.1,FALSE
2016-03-02,FC Schalke 04,Hamburger SV,3,2,de.1,FALSE
2016-03-02,Borussia Mönchengladbach,VfB Stuttgart,4,0,de.1,FALSE
2016-03-02,TSG 1899 Hoffenheim,FC Augsburg,2,1,de.1,FALSE
2016-03-02,Bayer 04 Leverkusen,SV Werder Bremen,1,4,de.1,FALSE
2016-03-02,Hertha BSC,Eintracht Frankfurt,2,0,de.1,FALSE
2016-03-02,FC Bayern München,1. FSV Mainz 05,1,2,de.1,FALSE
2016-03-03,Granada CF,Sporting Gijón,2,0,es.1,FALSE
2016-03-03,RCD Espanyol de Barcelona,Real Betis Balompié,0,3,es.1,FALSE
2016-03-03,Rayo Vallecano de Madrid,FC Barcelona,1,5,es.1,FALSE
2016-03-04,AS Roma,ACF Fiorentina,4,1,it.1,FALSE
2016-03-05,Watford,Leicester City,0,1,en.1,FALSE
2016-03-05,Swansea City,Norwich City,1,0,en.1,FALSE
2016-03-05,Tottenham Hotspur,Arsenal,2,2,en.1,FALSE
2016-03-05,Chelsea,Stoke City,1,1,en.1,FALSE
2016-03-05,Everton,West Ham United,2,3,en.1,FALSE
2016-03-05,Manchester City,Aston Villa,4,0,en.1,FALSE
2016-03-05,Newcastle United,AFC Bournemouth,1,3,en.1,FALSE
2016-03-05,Southampton,Sunderland,1,1,en.1,FALSE
2016-03-05,Real Madrid CF,RC Celta de Vigo,7,1,es.1,FALSE
2016-03-05,Villarreal CF,UD Las Palmas,0,1,es.1,FALSE
2016-03-05,Getafe CF,Sevilla,1,1,es.1,FALSE
2016-03-05,Deportivo La Coruña,Málaga CF,3,3,es.1,FALSE
2016-03-05,Hellas Verona,Sampdoria,0,3,it.1,FALSE
2016-03-05,SSC Napoli,Chievo Verona,3,1,it.1,FALSE
2016-03-05,1. FC Köln,FC Schalke 04,1,3,de.1,FALSE
2016-03-05,FC Augsburg,Bayer 04 Leverkusen,3,3,de.1,FALSE
2016-03-05,VfL Wolfsburg,Borussia Mönchengladbach,2,1,de.1,FALSE
2016-03-05,SV Werder Bremen,Hannover 96,4,1,de.1,FALSE
2016-03-05,VfB Stuttgart,TSG 1899 Hoffenheim,5,1,de.1,FALSE
2016-03-05,Eintracht Frankfurt,FC Ingolstadt 04,1,1,de.1,FALSE
2016-03-05,Borussia Dortmund,FC Bayern München,0,0,de.1,FALSE
2016-03-06,West Bromwich Albion,Manchester United,1,0,en.1,FALSE
2016-03-06,Crystal Palace,Liverpool,1,2,en.1,FALSE
2016-03-06,Real Betis Balompié,Granada CF,2,0,es.1,FALSE
2016-03-06,SD Eibar,FC Barcelona,0,4,es.1,FALSE
2016-03-06,Real Sociedad de Fútbol,Levante UD,1,1,es.1,FALSE
2016-03-06,Sporting Gijón,Athletic Club,0,2,es.1,FALSE
2016-03-06,Valencia CF,Club Atlético de Madrid,1,3,es.1,FALSE
2016-03-06,Torino,SS Lazio,1,1,it.1,FALSE
2016-03-06,Bologna FC 1909,Carpi,0,0,it.1,FALSE
2016-03-06,Genoa CFC,Empoli,1,0,it.1,FALSE
2016-03-06,Atalanta BC,Juventus,0,2,it.1,FALSE
2016-03-06,US Sassuolo Calcio,AC Milan,2,0,it.1,FALSE
2016-03-06,Frosinone Calcio,Udinese Calcio,2,0,it.1,FALSE
2016-03-06,FC Internazionale Milano,US Palermo,3,1,it.1,FALSE
2016-03-06,1. FSV Mainz 05,SV Darmstadt 98,0,0,de.1,FALSE
2016-03-06,Hamburger SV,Hertha BSC,2,0,de.1,FALSE
2016-03-07,RCD Espanyol de Barcelona,Rayo Vallecano de Madrid,2,1,es.1,FALSE
2016-03-08,VfL Wolfsburg,KAA Gent,1,0,uefa.cl,FALSE
2016-03-08,Real Madrid CF,AS Roma,2,0,uefa.cl,FALSE
2016-03-09,Zenit St. Petersburg,SL Benfica,1,2,uefa.cl,FALSE
2016-03-09,Chelsea,Paris Saint-Germain,1,2,uefa.cl,FALSE
2016-03-11,Málaga CF,Sporting Gijón,1,0,es.1,FALSE
2016-03-11,Juventus,US Sassuolo Calcio,1,0,it.1,FALSE
2016-03-11,Hertha BSC,FC Schalke 04,2,0,de.1,FALSE
2016-03-12,AFC Bournemouth,Swansea City,3,2,en.1,FALSE
2016-03-12,Norwich City,Manchester City,0,0,en.1,FALSE
2016-03-12,Stoke City,Southampton,1,2,en.1,FALSE
2016-03-12,FC Barcelona,Getafe CF,6,0,es.1,FALSE
2016-03-12,RC Celta de Vigo,Real Sociedad de Fútbol,1,0,es.1,FALSE
2016-03-12,Club Atlético de Madrid,Deportivo La Coruña,3,0,es.1,FALSE
2016-03-12,Rayo Vallecano de Madrid,SD Eibar,1,1,es.1,FALSE
2016-03-12,Empoli,Sampdoria,1,1,it.1,FALSE
2016-03-12,FC Internazionale Milano,Bologna FC 1909,2,1,it.1,FALSE
2016-03-12,TSG 1899 Hoffenheim,VfL Wolfsburg,1,0,de.1,FALSE
2016-03-12,FC Ingolstadt 04,VfB Stuttgart,3,3,de.1,FALSE
2016-03-12,SV Darmstadt 98,FC Augsburg,2,2,de.1,FALSE
2016-03-12,Borussia Mönchengladbach,Eintracht Frankfurt,3,0,de.1,FALSE
2016-03-12,Hannover 96,1. FC Köln,0,2,de.1,FALSE
2016-03-12,FC Bayern München,SV Werder Bremen,5,0,de.1,FALSE
2016-03-13,Aston Villa,Tottenham Hotspur,0,2,en.1,FALSE
2016-03-13,Levante UD,Valencia CF,1,0,es.1,FALSE
2016-03-13,Sevilla,Villarreal CF,4,2,es.1,FALSE
2016-03-13,Athletic Club,Real Betis Balompié,3,1,es.1,FALSE
2016-03-13,UD Las Palmas,Real Madrid CF,1,2,es.1,FALSE
2016-03-13,Chievo Verona,AC Milan,0,0,it.1,FALSE
2016-03-13,Carpi,Frosinone Calcio,2,1,it.1,FALSE
2016-03-13,ACF Fiorentina,Hellas Verona,1,1,it.1,FALSE
2016-03-13,Udinese Calcio,AS Roma,1,2,it.1,FALSE
2016-03-13,Genoa CFC,Torino,3,2,it.1,FALSE
2016-03-13,SS Lazio,Atalanta BC,2,0,it.1,FALSE
2016-03-13,US Palermo,SSC Napoli,0,1,it.1,FALSE
2016-03-13,Bayer 04 Leverkusen,Hamburger SV,1,0,de.1,FALSE
2016-03-13,Borussia Dortmund,1. FSV Mainz 05,2,0,de.1,FALSE
2016-03-14,Leicester City,Newcastle United,1,0,en.1,FALSE
2016-03-14,Granada CF,RCD Espanyol de Barcelona,1,1,es.1,FALSE
2016-03-15,Club Atlético de Madrid,PSV Eindhoven,0,0,uefa.cl,FALSE
2016-03-15,Manchester City,Dinamo Kiev,0,0,uefa.cl,FALSE
2016-03-16,FC Barcelona,Arsenal,3,1,uefa.cl,FALSE
2016-03-16,FC Bayern München,Juventus,2,2,uefa.cl,FALSE
2016-03-18,Getafe CF,SD Eibar,1,1,es.1,FALSE
2016-03-18,FC Schalke 04,Borussia Mönchengladbach,2,1,de.1,FALSE
2016-03-19,Everton,Arsenal,0,2,en.1,FALSE
2016-03-19,Crystal Palace,Leicester City,0,1,en.1,FALSE
2016-03-19,Chelsea,West Ham United,2,2,en.1,FALSE
2016-03-19,Swansea City,Aston Villa,1,0,en.1,FALSE
2016-03-19,West Bromwich Albion,Norwich City,0,1,en.1,FALSE
2016-03-19,Watford,Stoke City,1,2,en.1,FALSE
2016-03-19,Sporting Gijón,Club Atlético de Madrid,2,1,es.1,FALSE
2016-03-19,Real Sociedad de Fútbol,UD Las Palmas,0,1,es.1,FALSE
2016-03-19,Granada CF,Rayo Vallecano de Madrid,2,2,es.1,FALSE
2016-03-19,Deportivo La Coruña,Levante UD,2,1,es.1,FALSE
2016-03-19,Real Betis Balompié,Málaga CF,0,1,es.1,FALSE
2016-03-19,Empoli,US Palermo,0,0,it.1,FALSE
2016-03-19,AS Roma,FC Internazionale Milano,1,1,it.1,FALSE
2016-03-19,1. FC Köln,FC Bayern München,0,1,de.1,FALSE
2016-03-19,Hamburger SV,TSG 1899 Hoffenheim,1,3,de.1,FALSE
2016-03-19,SV Werder Bremen,1. FSV Mainz 05,1,1,de.1,FALSE
2016-03-19,Hertha BSC,FC Ingolstadt 04,2,1,de.1,FALSE
2016-03-19,VfL Wolfsburg,SV Darmstadt 98,1,1,de.1,FALSE
2016-03-19,Eintracht Frankfurt,Hannover 96,1,0,de.1,FALSE
2016-03-20,Southampton,Liverpool,3,2,en.1,FALSE
2016-03-20,Newcastle United,Sunderland,1,1,en.1,FALSE
2016-03-20,Manchester City,Manchester United,0,1,en.1,FALSE
2016-03-20,Tottenham Hotspur,AFC Bournemouth,3,0,en.1,FALSE
2016-03-20,RCD Espanyol de Barcelona,Athletic Club,2,1,es.1,FALSE
2016-03-20,Villarreal CF,FC Barcelona,2,2,es.1,FALSE
2016-03-20,Valencia CF,RC Celta de Vigo,0,2,es.1,FALSE
2016-03-20,Real Madrid CF,Sevilla,4,0,es.1,FALSE
2016-03-20,Atalanta BC,Bologna FC 1909,2,0,it.1,FALSE
2016-03-20,Torino,Juventus,1,4,it.1,FALSE
2016-03-20,US Sassuolo Calcio,Udinese Calcio,1,1,it.1,FALSE
2016-03-20,Hellas Verona,Carpi,1,2,it.1,FALSE
2016-03-20,Sampdoria,Chievo Verona,0,1,it.1,FALSE
2016-03-20,Frosinone Calcio,ACF Fiorentina,0,0,it.1,FALSE
2016-03-20,SSC Napoli,Genoa CFC,3,1,it.1,FALSE
2016-03-20,AC Milan,SS Lazio,1,1,it.1,FALSE
2016-03-20,VfB Stuttgart,Bayer 04 Leverkusen,0,2,de.1,FALSE
2016-03-20,FC Augsburg,Borussia Dortmund,1,3,de.1,FALSE
2016-04-01,Rayo Vallecano de Madrid,Getafe CF,2,0,es.1,FALSE
2016-04-01,Bayer 04 Leverkusen,VfL Wolfsburg,3,0,de.1,FALSE
2016-04-02,Stoke City,Swansea City,2,2,en.1,FALSE
2016-04-02,Sunderland,West Bromwich Albion,0,0,en.1,FALSE
2016-04-02,West Ham United,Crystal Palace,2,2,en.1,FALSE
2016-04-02,Liverpool,Tottenham Hotspur,1,1,en.1,FALSE
2016-04-02,Arsenal,Watford,4,0,en.1,FALSE
2016-04-02,AFC Bournemouth,Manchester City,0,4,en.1,FALSE
2016-04-02,Norwich City,Newcastle United,3,2,en.1,FALSE
2016-04-02,Aston Villa,Chelsea,0,4,en.1,FALSE
2016-04-02,Club Atlético de Madrid,Real Betis Balompié,5,1,es.1,FALSE
2016-04-02,UD Las Palmas,Valencia CF,2,1,es.1,FALSE
2016-04-02,FC Barcelona,Real Madrid CF,1,2,es.1,FALSE
2016-04-02,RC Celta de Vigo,Deportivo La Coruña,1,1,es.1,FALSE
2016-04-02,Carpi,US Sassuolo Calcio,1,3,it.1,FALSE
2016-04-02,Juventus,Empoli,1,0,it.1,FALSE
2016-04-02,FC Ingolstadt 04,FC Schalke 04,3,0,de.1,FALSE
2016-04-02,Hannover 96,Hamburger SV,0,3,de.1,FALSE
2016-04-02,SV Darmstadt 98,VfB Stuttgart,2,2,de.1,FALSE
2016-04-02,1. FSV Mainz 05,FC Augsburg,4,2,de.1,FALSE
2016-04-02,FC Bayern München,Eintracht Frankfurt,1,0,de.1,FALSE
2016-04-02,Borussia Dortmund,SV Werder Bremen,3,2,de.1,FALSE
2016-04-03,Manchester United,Everton,1,0,en.1,FALSE
2016-04-03,Leicester City,Southampton,1,0,en.1,FALSE
2016-04-03,Athletic Club,Granada CF,1,1,es.1,FALSE
2016-04-03,Málaga CF,RCD Espanyol de Barcelona,1,1,es.1,FALSE
2016-04-03,SD Eibar,Villarreal CF,1,2,es.1,FALSE
2016-04-03,Sevilla,Real Sociedad de Fútbol,1,2,es.1,FALSE
2016-04-03,Udinese Calcio,SSC Napoli,3,1,it.1,FALSE
2016-04-03,Genoa CFC,Frosinone Calcio,4,0,it.1,FALSE
2016-04-03,Atalanta BC,AC Milan,2,1,it.1,FALSE
2016-04-03,Chievo Verona,US Palermo,3,1,it.1,FALSE
2016-04-03,SS Lazio,AS Roma,1,4,it.1,FALSE
2016-04-03,ACF Fiorentina,Sampdoria,1,1,it.1,FALSE
2016-04-03,FC Internazionale Milano,Torino,1,2,it.1,FALSE
2016-04-03,Borussia Mönchengladbach,Hertha BSC,5,0,de.1,FALSE
2016-04-03,TSG 1899 Hoffenheim,1. FC Köln,1,1,de.1,FALSE
2016-04-04,Levante UD,Sporting Gijón,0,0,es.1,FALSE
2016-04-04,Bologna FC 1909,Hellas Verona,0,1,it.1,FALSE
2016-04-05,FC Bayern München,SL Benfica,1,0,uefa.cl,FALSE
2016-04-05,FC Barcelona,Club Atlético de Madrid,2,1,uefa.cl,FALSE
2016-04-06,VfL Wolfsburg,Real Madrid CF,2,0,uefa.cl,FALSE
2016-04-06,Paris Saint-Germain,Manchester City,2,2,uefa.cl,FALSE
2016-04-08,Granada CF,Málaga CF,0,0,es.1,FALSE
2016-04-08,Hertha BSC,Hannover 96,2,2,de.1,FALSE
2016-04-09,Manchester City,West Bromwich Albion,2,1,en.1,FALSE
2016-04-09,Watford,Everton,1,1,en.1,FALSE
2016-04-09,Swansea City,Chelsea,1,0,en.1,FALSE
2016-04-09,Southampton,Newcastle United,3,1,en.1,FALSE
2016-04-09,Aston Villa,AFC Bournemouth,1,2,en.1,FALSE
2016-04-09,West Ham United,Arsenal,3,3,en.1,FALSE
2016-04-09,Crystal Palace,Norwich City,1,0,en.1,FALSE
2016-04-09,Real Madrid CF,SD Eibar,4,0,es.1,FALSE
2016-04-09,RCD Espanyol de Barcelona,Club Atlético de Madrid,1,3,es.1,FALSE
2016-04-09,Real Sociedad de Fútbol,FC Barcelona,1,0,es.1,FALSE
2016-04-09,Real Betis Balompié,Levante UD,1,0,es.1,FALSE
2016-04-09,Frosinone Calcio,FC Internazionale Milano,0,1,it.1,FALSE
2016-04-09,Chievo Verona,Carpi,1,0,it.1,FALSE
2016-04-09,US Sassuolo Calcio,Genoa CFC,0,1,it.1,FALSE
2016-04-09,AC Milan,Juventus,1,2,it.1,FALSE
2016-04-09,VfB Stuttgart,FC Bayern München,1,3,de.1,FALSE
2016-04-09,FC Ingolstadt 04,Borussia Mönchengladbach,1,0,de.1,FALSE
2016-04-09,SV Werder Bremen,FC Augsburg,1,2,de.1,FALSE
2016-04-09,Eintracht Frankfurt,TSG 1899 Hoffenheim,0,2,de.1,FALSE
2016-04-09,Hamburger SV,SV Darmstadt 98,1,2,de.1,FALSE
2016-04-09,VfL Wolfsburg,1. FSV Mainz 05,1,1,de.1,FALSE
2016-04-10,Liverpool,Stoke City,4,1,en.1,FALSE
2016-04-10,Tottenham Hotspur,Manchester United,3,0,en.1,FALSE
2016-04-10,Sunderland,Leicester City,0,2,en.1,FALSE
2016-04-10,Sporting Gijón,RC Celta de Vigo,0,1,es.1,FALSE
2016-04-10,Valencia CF,Sevilla,2,1,es.1,FALSE
2016-04-10,Villarreal CF,Getafe CF,2,0,es.1,FALSE
2016-04-10,Athletic Club,Rayo Vallecano de Madrid,1,0,es.1,FALSE
2016-04-10,Empoli,ACF Fiorentina,2,0,it.1,FALSE
2016-04-10,Torino,Atalanta BC,2,1,it.1,FALSE
2016-04-10,SSC Napoli,Hellas Verona,3,0,it.1,FALSE
2016-04-10,Sampdoria,Udinese Calcio,2,0,it.1,FALSE
2016-04-10,US Palermo,SS Lazio,0,3,it.1,FALSE
2016-04-10,FC Schalke 04,Borussia Dortmund,2,2,de.1,FALSE
2016-04-10,1. FC Köln,Bayer 04 Leverkusen,0,2,de.1,FALSE
2016-04-11,Deportivo La Coruña,UD Las Palmas,1,3,es.1,FALSE
2016-04-11,AS Roma,Bologna FC 1909,1,1,it.1,FALSE
2016-04-12,Real Madrid CF,VfL Wolfsburg,3,0,uefa.cl,FALSE
2016-04-12,Manchester City,Paris Saint-Germain,1,0,uefa.cl,FALSE
2016-04-13,Crystal Palace,Everton,0,0,en.1,FALSE
2016-04-13,SL Benfica,FC Bayern München,2,2,uefa.cl,FALSE
2016-04-13,Club Atlético de Madrid,FC Barcelona,2,0,uefa.cl,FALSE
2016-04-15,Levante UD,RCD Espanyol de Barcelona,2,1,es.1,FALSE
2016-04-15,Hannover 96,Borussia Mönchengladbach,2,0,de.1,FALSE
2016-04-16,Manchester United,Aston Villa,1,0,en.1,FALSE
2016-04-16,Newcastle United,Swansea City,3,0,en.1,FALSE
2016-04-16,West Bromwich Albion,Watford,0,1,en.1,FALSE
2016-04-16,Everton,Southampton,1,1,en.1,FALSE
2016-04-16,Norwich City,Sunderland,0,3,en.1,FALSE
2016-04-16,Chelsea,Manchester City,0,3,en.1,FALSE
2016-04-16,Getafe CF,Real Madrid CF,1,5,es.1,FALSE
2016-04-16,UD Las Palmas,Sporting Gijón,1,1,es.1,FALSE
2016-04-16,SD Eibar,Real Sociedad de Fútbol,2,1,es.1,FALSE
2016-04-16,RC Celta de Vigo,Real Betis Balompié,1,1,es.1,FALSE
2016-04-16,Bologna FC 1909,Torino,0,1,it.1,FALSE
2016-04-16,Carpi,Genoa CFC,4,1,it.1,FALSE
2016-04-16,FC Internazionale Milano,SSC Napoli,2,0,it.1,FALSE
2016-04-16,SV Werder Bremen,VfL Wolfsburg,3,2,de.1,FALSE
2016-04-16,FC Augsburg,VfB Stuttgart,1,0,de.1,FALSE
2016-04-16,Bayer 04 Leverkusen,Eintracht Frankfurt,3,0,de.1,FALSE
2016-04-16,TSG 1899 Hoffenheim,Hertha BSC,2,1,de.1,FALSE
2016-04-16,SV Darmstadt 98,FC Ingolstadt 04,2,0,de.1,FALSE
2016-04-16,FC Bayern München,FC Schalke 04,3,0,de.1,FALSE
2016-04-17,AFC Bournemouth,Liverpool,1,2,en.1,FALSE
2016-04-17,Leicester City,West Ham United,2,2,en.1,FALSE
2016-04-17,Arsenal,Crystal Palace,1,1,en.1,FALSE
2016-04-17,Málaga CF,Athletic Club,0,1,es.1,FALSE
2016-04-17,Sevilla,Deportivo La Coruña,1,1,es.1,FALSE
2016-04-17,Rayo Vallecano de Madrid,Villarreal CF,2,1,es.1,FALSE
2016-04-17,Club Atlético de Madrid,Granada CF,3,0,es.1,FALSE
2016-04-17,FC Barcelona,Valencia CF,1,2,es.1,FALSE
2016-04-17,Atalanta BC,AS Roma,3,3,it.1,FALSE
2016-04-17,Udinese Calcio,Chievo Verona,0,0,it.1,FALSE
2016-04-17,Hellas Verona,Frosinone Calcio,1,2,it.1,FALSE
2016-04-17,Juventus,US Palermo,4,0,it.1,FALSE
2016-04-17,ACF Fiorentina,US Sassuolo Calcio,3,1,it.1,FALSE
2016-04-17,SS Lazio,Empoli,2,0,it.1,FALSE
2016-04-17,Sampdoria,AC Milan,0,1,it.1,FALSE
2016-04-17,Borussia Dortmund,Hamburger SV,3,0,de.1,FALSE
2016-04-17,1. FSV Mainz 05,1. FC Köln,2,3,de.1,FALSE
2016-04-18,Stoke City,Tottenham Hotspur,0,4,en.1,FALSE
2016-04-19,Newcastle United,Manchester City,1,1,en.1,FALSE
2016-04-19,RCD Espanyol de Barcelona,RC Celta de Vigo,1,1,es.1,FALSE
2016-04-19,Real Betis Balompié,UD Las Palmas,1,0,es.1,FALSE
2016-04-19,SSC Napoli,Bologna FC 1909,6,0,it.1,FALSE
2016-04-20,Liverpool,Everton,4,0,en.1,FALSE
2016-04-20,West Ham United,Watford,3,1,en.1,FALSE
2016-04-20,Manchester United,Crystal Palace,2,0,en.1,FALSE
2016-04-20,Deportivo La Coruña,FC Barcelona,0,8,es.1,FALSE
2016-04-20,Valencia CF,SD Eibar,4,0,es.1,FALSE
2016-04-20,Sporting Gijón,Sevilla,2,1,es.1,FALSE
2016-04-20,Athletic Club,Club Atlético de Madrid,0,1,es.1,FALSE
2016-04-20,Málaga CF,Rayo Vallecano de Madrid,1,1,es.1,FALSE
2016-04-20,Real Madrid CF,Villarreal CF,3,0,es.1,FALSE
2016-04-20,US Sassuolo Calcio,Sampdoria,0,0,it.1,FALSE
2016-04-20,US Palermo,Atalanta BC,2,2,it.1,FALSE
2016-04-20,Udinese Calcio,ACF Fiorentina,2,1,it.1,FALSE
2016-04-20,Chievo Verona,Frosinone Calcio,5,1,it.1,FALSE
2016-04-20,Empoli,Hellas Verona,1,0,it.1,FALSE
2016-04-20,Genoa CFC,FC Internazionale Milano,1,0,it.1,FALSE
2016-04-20,Juventus,SS Lazio,3,0,it.1,FALSE
2016-04-20,AS Roma,Torino,3,2,it.1,FALSE
2016-04-21,Arsenal,West Bromwich Albion,2,0,en.1,FALSE
2016-04-21,Real Sociedad de Fútbol,Getafe CF,1,2,es.1,FALSE
2016-04-21,Granada CF,Levante UD,5,1,es.1,FALSE
2016-04-21,AC Milan,Carpi,0,0,it.1,FALSE
2016-04-22,UD Las Palmas,RCD Espanyol de Barcelona,4,0,es.1,FALSE
2016-04-22,Hamburger SV,SV Werder Bremen,2,1,de.1,FALSE
2016-04-23,Liverpool,Newcastle United,2,2,en.1,FALSE
2016-04-23,Manchester City,Stoke City,4,0,en.1,FALSE
2016-04-23,Aston Villa,Southampton,2,4,en.1,FALSE
2016-04-23,AFC Bournemouth,Chelsea,1,4,en.1,FALSE
2016-04-23,Rayo Vallecano de Madrid,Real Madrid CF,2,3,es.1,FALSE
2016-04-23,Club Atlético de Madrid,Málaga CF,1,0,es.1,FALSE
2016-04-23,FC Barcelona,Sporting Gijón,6,0,es.1,FALSE
2016-04-23,SD Eibar,Deportivo La Coruña,1,1,es.1,FALSE
2016-04-23,FC Internazionale Milano,Udinese Calcio,3,1,it.1,FALSE
2016-04-23,Hertha BSC,FC Bayern München,0,2,de.1,FALSE
2016-04-23,VfB Stuttgart,Borussia Dortmund,0,3,de.1,FALSE
2016-04-23,VfL Wolfsburg,FC Augsburg,0,2,de.1,FALSE
2016-04-23,FC Ingolstadt 04,Hannover 96,2,2,de.1,FALSE
2016-04-23,1. FC Köln,SV Darmstadt 98,4,1,de.1,FALSE
2016-04-23,FC Schalke 04,Bayer 04 Leverkusen,2,3,de.1,FALSE
2016-04-24,Leicester City,Swansea City,4,0,en.1,FALSE
2016-04-24,Sunderland,Arsenal,0,0,en.1,FALSE
2016-04-24,Levante UD,Athletic Club,2,2,es.1,FALSE
2016-04-24,Sevilla,Real Betis Balompié,2,0,es.1,FALSE
2016-04-24,Getafe CF,Valencia CF,2,2,es.1,FALSE
2016-04-24,Villarreal CF,Real Sociedad de Fútbol,0,0,es.1,FALSE
2016-04-24,Frosinone Calcio,US Palermo,0,2,it.1,FALSE
2016-04-24,Atalanta BC,Chievo Verona,1,0,it.1,FALSE
2016-04-24,Bologna FC 1909,Genoa CFC,2,0,it.1,FALSE
2016-04-24,Sampdoria,SS Lazio,2,1,it.1,FALSE
2016-04-24,Torino,US Sassuolo Calcio,1,3,it.1,FALSE
2016-04-24,ACF Fiorentina,Juventus,1,2,it.1,FALSE
2016-04-24,Borussia Mönchengladbach,TSG 1899 Hoffenheim,3,1,de.1,FALSE
2016-04-24,Eintracht Frankfurt,1. FSV Mainz 05,2,1,de.1,FALSE
2016-04-25,Tottenham Hotspur,West Bromwich Albion,1,1,en.1,FALSE
2016-04-25,RC Celta de Vigo,Granada CF,2,1,es.1,FALSE
2016-04-25,AS Roma,SSC Napoli,1,0,it.1,FALSE
2016-04-25,Hellas Verona,AC Milan,2,1,it.1,FALSE
2016-04-25,Carpi,Empoli,1,0,it.1,FALSE
2016-04-26,Manchester City,Real Madrid CF,0,0,uefa.cl,FALSE
2016-04-27,Club Atlético de Madrid,FC Bayern München,1,0,uefa.cl,FALSE
2016-04-29,Sporting Gijón,SD Eibar,2,0,es.1,FALSE
2016-04-29,FC Augsburg,1. FC Köln,0,0,de.1,FALSE
2016-04-30,Watford,Aston Villa,3,2,en.1,FALSE
2016-04-30,West Bromwich Albion,West Ham United,0,3,en.1,FALSE
2016-04-30,Stoke City,Sunderland,1,1,en.1,FALSE
2016-04-30,Newcastle United,Crystal Palace,1,0,en.1,FALSE
2016-04-30,Everton,AFC Bournemouth,2,1,en.1,FALSE
2016-04-30,Arsenal,Norwich City,1,0,en.1,FALSE
2016-04-30,Real Sociedad de Fútbol,Real Madrid CF,0,1,es.1,FALSE
2016-04-30,Club Atlético de Madrid,Rayo Vallecano de Madrid,1,0,es.1,FALSE
2016-04-30,Real Betis Balompié,FC Barcelona,0,2,es.1,FALSE
2016-04-30,Granada CF,UD Las Palmas,3,2,es.1,FALSE
2016-04-30,Udinese Calcio,Torino,1,5,it.1,FALSE
2016-04-30,Chievo Verona,ACF Fiorentina,0,0,it.1,FALSE
2016-04-30,Hannover 96,FC Schalke 04,1,3,de.1,FALSE
2016-04-30,FC Bayern München,Borussia Mönchengladbach,1,1,de.1,FALSE
2016-04-30,Borussia Dortmund,VfL Wolfsburg,5,1,de.1,FALSE
2016-04-30,1. FSV Mainz 05,Hamburger SV,0,0,de.1,FALSE
2016-04-30,SV Darmstadt 98,Eintracht Frankfurt,1,2,de.1,FALSE
2016-04-30,TSG 1899 Hoffenheim,FC Ingolstadt 04,2,1,de.1,FALSE
2016-04-30,Bayer 04 Leverkusen,Hertha BSC,2,1,de.1,FALSE
2016-05-01,Southampton,Manchester City,4,2,en.1,FALSE
2016-05-01,Manchester United,Leicester City,1,1,en.1,FALSE
2016-05-01,Swansea City,Liverpool,3,1,en.1,FALSE
2016-05-01,Athletic Club,RC Celta de Vigo,2,1,es.1,FALSE
2016-05-01,RCD Espanyol de Barcelona,Sevilla,1,0,es.1,FALSE
2016-05-01,Deportivo La Coruña,Getafe CF,0,2,es.1,FALSE
2016-05-01,Valencia CF,Villarreal CF,0,2,es.1,FALSE
2016-05-01,Juventus,Carpi,2,0,it.1,FALSE
2016-05-01,Empoli,Bologna FC 1909,0,0,it.1,FALSE
2016-05-01,AC Milan,Frosinone Calcio,3,3,it.1,FALSE
2016-05-01,US Sassuolo Calcio,Hellas Verona,1,0,it.1,FALSE
2016-05-01,US Palermo,Sampdoria,2,0,it.1,FALSE
2016-05-01,SS Lazio,FC Internazionale Milano,2,0,it.1,FALSE
2016-05-02,Chelsea,Tottenham Hotspur,2,2,en.1,FALSE
2016-05-02,Málaga CF,Levante UD,3,1,es.1,FALSE
2016-05-02,Genoa CFC,AS Roma,2,3,it.1,FALSE
2016-05-02,SSC Napoli,Atalanta BC,2,1,it.1,FALSE
2016-05-02,SV Werder Bremen,VfB Stuttgart,6,2,de.1,FALSE
2016-05-03,FC Bayern München,Club Atlético de Madrid,2,1,uefa.cl,FALSE
2016-05-04,Real Madrid CF,Manchester City,1,0,uefa.cl,FALSE
2016-05-07,Crystal Palace,Stoke City,2,1,en.1,FALSE
2016-05-07,Sunderland,Chelsea,3,2,en.1,FALSE
2016-05-07,Aston Villa,Newcastle United,0,0,en.1,FALSE
2016-05-07,Leicester City,Everton,3,1,en.1,FALSE
2016-05-07,Norwich City,Manchester United,0,1,en.1,FALSE
2016-05-07,AFC Bournemouth,West Bromwich Albion,1,1,en.1,FALSE
2016-05-07,West Ham United,Swansea City,1,4,en.1,FALSE
2016-05-07,FC Internazionale Milano,Empoli,2,1,it.1,FALSE
2016-05-07,Bologna FC 1909,AC Milan,0,1,it.1,FALSE
2016-05-07,FC Ingolstadt 04,FC Bayern München,1,2,de.1,FALSE
2016-05-07,Eintracht Frankfurt,Borussia Dortmund,1,0,de.1,FALSE
2016-05-07,Borussia Mönchengladbach,Bayer 04 Leverkusen,2,1,de.1,FALSE
2016-05-07,Hamburger SV,VfL Wolfsburg,0,1,de.1,FALSE
2016-05-07,FC Schalke 04,FC Augsburg,1,1,de.1,FALSE
2016-05-07,1. FC Köln,SV Werder Bremen,0,0,de.1,FALSE
2016-05-07,Hannover 96,TSG 1899 Hoffenheim,1,0,de.1,FALSE
2016-05-07,VfB Stuttgart,1. FSV Mainz 05,1,3,de.1,FALSE
2016-05-07,Hertha BSC,SV Darmstadt 98,1,2,de.1,FALSE
2016-05-08,Liverpool,Watford,2,0,en.1,FALSE
2016-05-08,Manchester City,Arsenal,2,2,en.1,FALSE
2016-05-08,Tottenham Hotspur,Southampton,1,2,en.1,FALSE
2016-05-08,Real Sociedad de Fútbol,Rayo Vallecano de Madrid,2,1,es.1,FALSE
2016-05-08,Real Madrid CF,Valencia CF,3,2,es.1,FALSE
2016-05-08,Villarreal CF,Deportivo La Coruña,0,2,es.1,FALSE
2016-05-08,Getafe CF,Sporting Gijón,1,1,es.1,FALSE
2016-05-08,SD Eibar,Real Betis Balompié,1,1,es.1,FALSE
2016-05-08,FC Barcelona,RCD Espanyol de Barcelona,5,0,es.1,FALSE
2016-05-08,Sevilla,Granada CF,1,4,es.1,FALSE
2016-05-08,UD Las Palmas,Athletic Club,0,0,es.1,FALSE
2016-05-08,RC Celta de Vigo,Málaga CF,1,0,es.1,FALSE
2016-05-08,Levante UD,Club Atlético de Madrid,2,1,es.1,FALSE
2016-05-08,AS Roma,Chievo Verona,3,0,it.1,FALSE
2016-05-08,Sampdoria,Genoa CFC,0,3,it.1,FALSE
2016-05-08,Carpi,SS Lazio,1,3,it.1,FALSE
2016-05-08,ACF Fiorentina,US Palermo,0,0,it.1,FALSE
2016-05-08,Frosinone Calcio,US Sassuolo Calcio,0,1,it.1,FALSE
2016-05-08,Atalanta BC,Udinese Calcio,1,1,it.1,FALSE
2016-05-08,Hellas Verona,Juventus,2,1,it.1,FALSE
2016-05-08,Torino,SSC Napoli,1,2,it.1,FALSE
2016-05-10,West Ham United,Manchester United,3,2,en.1,FALSE
2016-05-11,Sunderland,Everton,3,0,en.1,FALSE
2016-05-11,Norwich City,Watford,4,2,en.1,FALSE
2016-05-11,Liverpool,Chelsea,1,1,en.1,FALSE
2016-05-13,Valencia CF,Real Sociedad de Fútbol,0,1,es.1,FALSE
2016-05-14,Deportivo La Coruña,Real Madrid CF,0,2,es.1,FALSE
2016-05-14,Granada CF,FC Barcelona,0,3,es.1,FALSE
2016-05-14,Athletic Club,Sevilla,3,1,es.1,FALSE
2016-05-14,Club Atlético de Madrid,RC Celta de Vigo,2,0,es.1,FALSE
2016-05-14,Juventus,Sampdoria,5,0,it.1,FALSE
2016-05-14,SSC Napoli,Frosinone Calcio,4,0,it.1,FALSE
2016-05-14,US Sassuolo Calcio,FC Internazionale Milano,3,1,it.1,FALSE
2016-05-14,AC Milan,AS Roma,1,3,it.1,FALSE
2016-05-14,TSG 1899 Hoffenheim,FC Schalke 04,1,4,de.1,FALSE
2016-05-14,SV Darmstadt 98,Borussia Mönchengladbach,0,2,de.1,FALSE
2016-05-14,FC Augsburg,Hamburger SV,1,3,de.1,FALSE
2016-05-14,VfL Wolfsburg,VfB Stuttgart,3,1,de.1,FALSE
2016-05-14,SV Werder Bremen,Eintracht Frankfurt,1,0,de.1,FALSE
2016-05-14,Borussia Dortmund,1. FC Köln,2,2,de.1,FALSE
2016-05-14,FC Bayern München,Hannover 96,3,1,de.1,FALSE
2016-05-14,1. FSV Mainz 05,Hertha BSC,0,0,de.1,FALSE
2016-05-14,Bayer 04 Leverkusen,FC Ingolstadt 04,3,2,de.1,FALSE
2016-05-15,Arsenal,Aston Villa,4,0,en.1,FALSE
2016-05-15,Chelsea,Leicester City,1,1,en.1,FALSE
2016-05-15,Everton,Norwich City,3,0,en.1,FALSE
2016-05-15,Newcastle United,Tottenham Hotspur,5,1,en.1,FALSE
2016-05-15,Southampton,Crystal Palace,4,1,en.1,FALSE
2016-05-15,Stoke City,West Ham United,2,1,en.1,FALSE
2016-05-15,Swansea City,Manchester City,1,1,en.1,FALSE
2016-05-15,Watford,Sunderland,2,2,en.1,FALSE
2016-05-15,West Bromwich Albion,Liverpool,1,1,en.1,FALSE
2016-05-15,Málaga CF,UD Las Palmas,4,1,es.1,FALSE
2016-05-15,RCD Espanyol de Barcelona,SD Eibar,4,2,es.1,FALSE
2016-05-15,Sporting Gijón,Villarreal CF,2,0,es.1,FALSE
2016-05-15,Real Betis Balompié,Getafe CF,2,1,es.1,FALSE
2016-05-15,Rayo Vallecano de Madrid,Levante UD,3,1,es.1,FALSE
2016-05-15,Genoa CFC,Atalanta BC,1,2,it.1,FALSE
2016-05-15,Chievo Verona,Bologna FC 1909,0,0,it.1,FALSE
2016-05-15,Empoli,Torino,2,1,it.1,FALSE
2016-05-15,Udinese Calcio,Carpi,1,2,it.1,FALSE
2016-05-15,SS Lazio,ACF Fiorentina,2,4,it.1,FALSE
2016-05-15,US Palermo,Hellas Verona,3,2,it.1,FALSE
2016-05-17,Manchester United,AFC Bournemouth,3,1,en.1,FALSE
2016-05-28,Real Madrid CF,Club Atlético de Madrid,1,1,uefa.cl,TRUE
2016-08-13,Hull City,Leicester City,2,1,en.1,FALSE
2016-08-13,Burnley,Swansea City,0,1,en.1,FALSE
2016-08-13,Crystal Palace,West Bromwich Albion,0,1,en.1,FALSE
2016-08-13,Everton,Tottenham Hotspur,1,1,en.1,FALSE
2016-08-13,Middlesbrough,Stoke City,1,1,en.1,FALSE
2016-08-13,Southampton,Watford,1,1,en.1,FALSE
2016-08-13,Manchester City,Sunderland,2,1,en.1,FALSE
2016-08-14,Arsenal,Liverpool,3,4,en.1,FALSE
2016-08-14,AFC Bournemouth,Manchester United,1,3,en.1,FALSE
2016-08-15,Chelsea,West Ham United,2,1,en.1,FALSE
2016-08-19,Manchester United,Southampton,2,0,en.1,FALSE
2016-08-19,Málaga CF,CA Osasuna,1,1,es.1,FALSE
2016-08-19,Deportivo La Coruña,SD Eibar,2,1,es.1,FALSE
2016-08-20,Stoke City,Manchester City,1,4,en.1,FALSE
2016-08-20,Burnley,Liverpool,2,0,en.1,FALSE
2016-08-20,Swansea City,Hull City,0,2,en.1,FALSE
2016-08-20,Tottenham Hotspur,Crystal Palace,1,0,en.1,FALSE
2016-08-20,Watford,Chelsea,1,2,en.1,FALSE
2016-08-20,West Bromwich Albion,Everton,1,2,en.1,FALSE
2016-08-20,Leicester City,Arsenal,0,0,en.1,FALSE
2016-08-20,FC Barcelona,Real Betis Balompié,6,2,es.1,FALSE
2016-08-20,Granada CF,Villarreal CF,1,1,es.1,FALSE
2016-08-20,Sevilla,RCD Espanyol de Barcelona,6,4,es.1,FALSE
2016-08-20,AS Roma,Udinese Calcio,4,0,it.1,FALSE
2016-08-20,Juventus,ACF Fiorentina,2,1,it.1,FALSE
2016-08-21,West Ham United,AFC Bournemouth,1,0,en.1,FALSE
2016-08-21,Sunderland,Middlesbrough,1,2,en.1,FALSE
2016-08-21,Sporting Gijón,Athletic Club,2,1,es.1,FALSE
2016-08-21,Real Sociedad de Fútbol,Real Madrid CF,0,3,es.1,FALSE
2016-08-21,Club Atlético de Madrid,Deportivo Alavés,1,1,es.1,FALSE
2016-08-21,AC Milan,Torino,3,2,it.1,FALSE
2016-08-21,Atalanta BC,SS Lazio,3,4,it.1,FALSE
2016-08-21,Bologna FC 1909,FC Crotone,1,0,it.1,FALSE
2016-08-21,Chievo Verona,FC Internazionale Milano,2,0,it.1,FALSE
2016-08-21,Empoli,Sampdoria,0,1,it.1,FALSE
2016-08-21,Genoa CFC,Cagliari Calcio,3,1,it.1,FALSE
2016-08-21,US Palermo,US Sassuolo Calcio,0,1,it.1,FALSE
2016-08-21,Delfino Pescara,SSC Napoli,2,2,it.1,FALSE
2016-08-22,RC Celta de Vigo,CD Leganés,0,1,es.1,FALSE
2016-08-22,Valencia CF,UD Las Palmas,2,4,es.1,FALSE
2016-08-26,Real Betis Balompié,Deportivo La Coruña,0,0,es.1,FALSE
2016-08-26,RCD Espanyol de Barcelona,Málaga CF,2,2,es.1,FALSE
2016-08-26,FC Bayern München,SV Werder Bremen,6,0,de.1,FALSE
2016-08-27,Tottenham Hotspur,Liverpool,1,1,en.1,FALSE
2016-08-27,Chelsea,Burnley,3,0,en.1,FALSE
2016-08-27,Crystal Palace,AFC Bournemouth,1,1,en.1,FALSE
2016-08-27,Everton,Stoke City,1,0,en.1,FALSE
2016-08-27,Leicester City,Swansea City,2,1,en.1,FALSE
2016-08-27,Southampton,Sunderland,1,1,en.1,FALSE
2016-08-27,Watford,Arsenal,1,3,en.1,FALSE
2016-08-27,Hull City,Manchester United,0,1,en.1,FALSE
2016-08-27,CA Osasuna,Real Sociedad de Fútbol,0,2,es.1,FALSE
2016-08-27,SD Eibar,Valencia CF,1,0,es.1,FALSE
2016-08-27,Real Madrid CF,RC Celta de Vigo,2,1,es.1,FALSE
2016-08-27,CD Leganés,Club Atlético de Madrid,0,0,es.1,FALSE
2016-08-27,SS Lazio,Juventus,0,1,it.1,FALSE
2016-08-27,SSC Napoli,AC Milan,4,2,it.1,FALSE
2016-08-27,Eintracht Frankfurt,FC Schalke 04,1,0,de.1,FALSE
2016-08-27,FC Augsburg,VfL Wolfsburg,0,2,de.1,FALSE
2016-08-27,Hamburger SV,FC Ingolstadt 04,1,1,de.1,FALSE
2016-08-27,1. FC Köln,SV Darmstadt 98,2,0,de.1,FALSE
2016-08-27,Borussia Dortmund,1. FSV Mainz 05,2,1,de.1,FALSE
2016-08-27,Borussia Mönchengladbach,Bayer 04 Leverkusen,2,1,de.1,FALSE
2016-08-28,Manchester City,West Ham United,3,1,en.1,FALSE
2016-08-28,West Bromwich Albion,Middlesbrough,0,0,en.1,FALSE
2016-08-28,UD Las Palmas,Granada CF,5,1,es.1,FALSE
2016-08-28,Deportivo Alavés,Sporting Gijón,0,0,es.1,FALSE
2016-08-28,Athletic Club,FC Barcelona,0,1,es.1,FALSE
2016-08-28,Villarreal CF,Sevilla,0,0,es.1,FALSE
2016-08-28,FC Internazionale Milano,US Palermo,1,1,it.1,FALSE
2016-08-28,Cagliari Calcio,AS Roma,2,2,it.1,FALSE
2016-08-28,FC Crotone,Genoa CFC,1,3,it.1,FALSE
2016-08-28,ACF Fiorentina,Chievo Verona,1,0,it.1,FALSE
2016-08-28,Sampdoria,Atalanta BC,2,1,it.1,FALSE
2016-08-28,US Sassuolo Calcio,Delfino Pescara,0,3,it.1,FALSE
2016-08-28,Torino,Bologna FC 1909,5,1,it.1,FALSE
2016-08-28,Udinese Calcio,Empoli,2,0,it.1,FALSE
2016-08-28,Hertha BSC,SC Freiburg,2,1,de.1,FALSE
2016-08-28,TSG 1899 Hoffenheim,RB Leipzig,2,2,de.1,FALSE
2016-09-09,Real Sociedad de Fútbol,RCD Espanyol de Barcelona,1,1,es.1,FALSE
2016-09-09,FC Schalke 04,FC Bayern München,0,2,de.1,FALSE
2016-09-10,Manchester United,Manchester City,1,2,en.1,FALSE
2016-09-10,AFC Bournemouth,West Bromwich Albion,1,0,en.1,FALSE
2016-09-10,Arsenal,Southampton,2,1,en.1,FALSE
2016-09-10,Burnley,Hull City,1,1,en.1,FALSE
2016-09-10,Middlesbrough,Crystal Palace,1,2,en.1,FALSE
2016-09-10,Stoke City,Tottenham Hotspur,0,4,en.1,FALSE
2016-09-10,West Ham United,Watford,2,4,en.1,FALSE
2016-09-10,Liverpool,Leicester City,4,1,en.1,FALSE
2016-09-10,RC Celta de Vigo,Club Atlético de Madrid,0,4,es.1,FALSE
2016-09-10,Real Madrid CF,CA Osasuna,5,2,es.1,FALSE
2016-09-10,Málaga CF,Villarreal CF,0,2,es.1,FALSE
2016-09-10,Sevilla,UD Las Palmas,2,1,es.1,FALSE
2016-09-10,FC Barcelona,Deportivo Alavés,1,2,es.1,FALSE
2016-09-10,Juventus,US Sassuolo Calcio,3,1,it.1,FALSE
2016-09-10,US Palermo,SSC Napoli,0,3,it.1,FALSE
2016-09-10,Bayer 04 Leverkusen,Hamburger SV,3,1,de.1,FALSE
2016-09-10,VfL Wolfsburg,1. FC Köln,0,0,de.1,FALSE
2016-09-10,FC Ingolstadt 04,Hertha BSC,0,2,de.1,FALSE
2016-09-10,SV Darmstadt 98,Eintracht Frankfurt,1,0,de.1,FALSE
2016-09-10,SC Freiburg,Borussia Mönchengladbach,3,1,de.1,FALSE
2016-09-10,RB Leipzig,Borussia Dortmund,1,0,de.1,FALSE
2016-09-11,Swansea City,Chelsea,2,2,en.1,FALSE
2016-09-11,Sporting Gijón,CD Leganés,2,1,es.1,FALSE
2016-09-11,Valencia CF,Real Betis Balompié,2,3,es.1,FALSE
2016-09-11,Granada CF,SD Eibar,1,2,es.1,FALSE
2016-09-11,Deportivo La Coruña,Athletic Club,0,1,es.1,FALSE
2016-09-11,Bologna FC 1909,Cagliari Calcio,2,1,it.1,FALSE
2016-09-11,Atalanta BC,Torino,2,1,it.1,FALSE
2016-09-11,Chievo Verona,SS Lazio,1,1,it.1,FALSE
2016-09-11,AC Milan,Udinese Calcio,0,1,it.1,FALSE
2016-09-11,AS Roma,Sampdoria,3,2,it.1,FALSE
2016-09-11,Delfino Pescara,FC Internazionale Milano,1,2,it.1,FALSE
2016-09-11,SV Werder Bremen,FC Augsburg,1,2,de.1,FALSE
2016-09-11,1. FSV Mainz 05,TSG 1899 Hoffenheim,4,4,de.1,FALSE
2016-09-12,Sunderland,Everton,0,3,en.1,FALSE
2016-09-12,Empoli,FC Crotone,2,1,it.1,FALSE
2016-09-13,FC Basel 1893,PFC Ludogorets Razgrad,1,1,uefa.cl,FALSE
2016-09-13,Paris Saint-Germain,Arsenal,1,1,uefa.cl,FALSE
2016-09-13,Dinamo Kiev,SSC Napoli,1,2,uefa.cl,FALSE
2016-09-13,SL Benfica,Beşiktaş,1,1,uefa.cl,FALSE
2016-09-13,FC Barcelona,Celtic,7,0,uefa.cl,FALSE
2016-09-13,FC Bayern München,FK Rostov,5,0,uefa.cl,FALSE
2016-09-13,PSV Eindhoven,Club Atlético de Madrid,0,1,uefa.cl,FALSE
2016-09-14,Manchester City,Borussia Mönchengladbach,4,0,uefa.cl,FALSE
2016-09-14,Bayer 04 Leverkusen,CSKA Moskva,2,2,uefa.cl,FALSE
2016-09-14,Tottenham Hotspur,AS Monaco,1,2,uefa.cl,FALSE
2016-09-14,Legia Warszawa,Borussia Dortmund,0,6,uefa.cl,FALSE
2016-09-14,Real Madrid CF,Sporting CP,2,1,uefa.cl,FALSE
2016-09-14,Club Brugge KV,Leicester City,0,3,uefa.cl,FALSE
2016-09-14,FC Porto,FC København,1,1,uefa.cl,FALSE
2016-09-14,Juventus,Sevilla,0,0,uefa.cl,FALSE
2016-09-14,Olympique Lyonnais,Dinamo Zagreb,3,0,uefa.cl,FALSE
2016-09-16,Chelsea,Liverpool,1,2,en.1,FALSE
2016-09-16,Real Betis Balompié,Granada CF,2,2,es.1,FALSE
2016-09-16,Sampdoria,AC Milan,0,1,it.1,FALSE
2016-09-16,1. FC Köln,SC Freiburg,3,0,de.1,FALSE
2016-09-17,Hull City,Arsenal,1,4,en.1,FALSE
2016-09-17,Leicester City,Burnley,3,0,en.1,FALSE
2016-09-17,Manchester City,AFC Bournemouth,4,0,en.1,FALSE
2016-09-17,West Bromwich Albion,West Ham United,4,2,en.1,FALSE
2016-09-17,Everton,Middlesbrough,3,1,en.1,FALSE
2016-09-17,CD Leganés,FC Barcelona,1,5,es.1,FALSE
2016-09-17,Club Atlético de Madrid,Sporting Gijón,5,0,es.1,FALSE
2016-09-17,SD Eibar,Sevilla,1,1,es.1,FALSE
2016-09-17,UD Las Palmas,Málaga CF,1,0,es.1,FALSE
2016-09-17,SS Lazio,Delfino Pescara,3,0,it.1,FALSE
2016-09-17,SSC Napoli,Bologna FC 1909,3,1,it.1,FALSE
2016-09-17,FC Bayern München,FC Ingolstadt 04,3,1,de.1,FALSE
2016-09-17,Borussia Dortmund,SV Darmstadt 98,6,0,de.1,FALSE
2016-09-17,Hamburger SV,RB Leipzig,0,4,de.1,FALSE
2016-09-17,TSG 1899 Hoffenheim,VfL Wolfsburg,0,0,de.1,FALSE
2016-09-17,Eintracht Frankfurt,Bayer 04 Leverkusen,2,1,de.1,FALSE
2016-09-17,Borussia Mönchengladbach,SV Werder Bremen,4,1,de.1,FALSE
2016-09-18,Crystal Palace,Stoke City,4,1,en.1,FALSE
2016-09-18,Southampton,Swansea City,1,0,en.1,FALSE
2016-09-18,Tottenham Hotspur,Sunderland,1,0,en.1,FALSE
2016-09-18,Watford,Manchester United,3,1,en.1,FALSE
2016-09-18,CA Osasuna,RC Celta de Vigo,0,0,es.1,FALSE
2016-09-18,Athletic Club,Valencia CF,2,1,es.1,FALSE
2016-09-18,Villarreal CF,Real Sociedad de Fútbol,2,1,es.1,FALSE
2016-09-18,RCD Espanyol de Barcelona,Real Madrid CF,0,2,es.1,FALSE
2016-09-18,Udinese Calcio,Chievo Verona,1,2,it.1,FALSE
2016-09-18,Cagliari Calcio,Atalanta BC,3,0,it.1,FALSE
2016-09-18,FC Crotone,US Palermo,1,1,it.1,FALSE
2016-09-18,US Sassuolo Calcio,Genoa CFC,2,0,it.1,FALSE
2016-09-18,Torino,Empoli,0,0,it.1,FALSE
2016-09-18,FC Internazionale Milano,Juventus,2,1,it.1,FALSE
2016-09-18,ACF Fiorentina,AS Roma,1,0,it.1,FALSE
2016-09-18,FC Augsburg,1. FSV Mainz 05,1,3,de.1,FALSE
2016-09-18,Hertha BSC,FC Schalke 04,2,0,de.1,FALSE
2016-09-19,Deportivo Alavés,Deportivo La Coruña,0,0,es.1,FALSE
2016-09-20,Málaga CF,SD Eibar,2,1,es.1,FALSE
2016-09-20,Sevilla,Real Betis Balompié,1,0,es.1,FALSE
2016-09-20,AC Milan,SS Lazio,2,0,it.1,FALSE
2016-09-20,VfL Wolfsburg,Borussia Dortmund,1,5,de.1,FALSE
2016-09-20,FC Ingolstadt 04,Eintracht Frankfurt,0,2,de.1,FALSE
2016-09-20,SV Darmstadt 98,TSG 1899 Hoffenheim,1,1,de.1,FALSE
2016-09-20,SC Freiburg,Hamburger SV,1,0,de.1,FALSE
2016-09-21,Real Madrid CF,Villarreal CF,1,1,es.1,FALSE
2016-09-21,RC Celta de Vigo,Sporting Gijón,2,1,es.1,FALSE
2016-09-21,Real Sociedad de Fútbol,UD Las Palmas,4,1,es.1,FALSE
2016-09-21,Granada CF,Athletic Club,1,2,es.1,FALSE
2016-09-21,FC Barcelona,Club Atlético de Madrid,1,1,es.1,FALSE
2016-09-21,Bologna FC 1909,Sampdoria,2,0,it.1,FALSE
2016-09-21,Atalanta BC,US Palermo,0,1,it.1,FALSE
2016-09-21,Chievo Verona,US Sassuolo Calcio,2,1,it.1,FALSE
2016-09-21,Empoli,FC Internazionale Milano,0,2,it.1,FALSE
2016-09-21,Genoa CFC,SSC Napoli,0,0,it.1,FALSE
2016-09-21,Juventus,Cagliari Calcio,4,0,it.1,FALSE
2016-09-21,Delfino Pescara,Torino,0,0,it.1,FALSE
2016-09-21,AS Roma,FC Crotone,4,0,it.1,FALSE
2016-09-21,Udinese Calcio,ACF Fiorentina,2,2,it.1,FALSE
2016-09-21,FC Bayern München,Hertha BSC,3,0,de.1,FALSE
2016-09-21,Bayer 04 Leverkusen,FC Augsburg,0,0,de.1,FALSE
2016-09-21,FC Schalke 04,1. FC Köln,1,3,de.1,FALSE
2016-09-21,SV Werder Bremen,1. FSV Mainz 05,1,2,de.1,FALSE
2016-09-21,RB Leipzig,Borussia Mönchengladbach,1,1,de.1,FALSE
2016-09-22,CA Osasuna,RCD Espanyol de Barcelona,1,2,es.1,FALSE
2016-09-22,Deportivo La Coruña,CD Leganés,1,2,es.1,FALSE
2016-09-22,Valencia CF,Deportivo Alavés,2,1,es.1,FALSE
2016-09-23,Real Betis Balompié,Málaga CF,1,0,es.1,FALSE
2016-09-23,Borussia Dortmund,SC Freiburg,3,1,de.1,FALSE
2016-09-24,Manchester United,Leicester City,4,1,en.1,FALSE
2016-09-24,AFC Bournemouth,Everton,1,0,en.1,FALSE
2016-09-24,Liverpool,Hull City,5,1,en.1,FALSE
2016-09-24,Middlesbrough,Tottenham Hotspur,1,2,en.1,FALSE
2016-09-24,Stoke City,West Bromwich Albion,1,1,en.1,FALSE
2016-09-24,Sunderland,Crystal Palace,2,3,en.1,FALSE
2016-09-24,Swansea City,Manchester City,1,3,en.1,FALSE
2016-09-24,Arsenal,Chelsea,3,0,en.1,FALSE
2016-09-24,SD Eibar,Real Sociedad de Fútbol,2,0,es.1,FALSE
2016-09-24,Sporting Gijón,FC Barcelona,0,5,es.1,FALSE
2016-09-24,Athletic Club,Sevilla,3,1,es.1,FALSE
2016-09-24,UD Las Palmas,Real Madrid CF,2,2,es.1,FALSE
2016-09-24,US Palermo,Juventus,0,1,it.1,FALSE
2016-09-24,SSC Napoli,Chievo Verona,2,0,it.1,FALSE
2016-09-24,Borussia Mönchengladbach,FC Ingolstadt 04,2,0,de.1,FALSE
2016-09-24,1. FSV Mainz 05,Bayer 04 Leverkusen,2,3,de.1,FALSE
2016-09-24,Hamburger SV,FC Bayern München,0,1,de.1,FALSE
2016-09-24,FC Augsburg,SV Darmstadt 98,1,0,de.1,FALSE
2016-09-24,Eintracht Frankfurt,Hertha BSC,3,3,de.1,FALSE
2016-09-24,SV Werder Bremen,VfL Wolfsburg,2,1,de.1,FALSE
2016-09-25,West Ham United,Southampton,0,3,en.1,FALSE
2016-09-25,CD Leganés,Valencia CF,1,2,es.1,FALSE
2016-09-25,Club Atlético de Madrid,Deportivo La Coruña,1,0,es.1,FALSE
2016-09-25,Villarreal CF,CA Osasuna,3,1,es.1,FALSE
2016-09-25,RCD Espanyol de Barcelona,RC Celta de Vigo,0,2,es.1,FALSE
2016-09-25,Torino,AS Roma,3,1,it.1,FALSE
2016-09-25,Genoa CFC,Delfino Pescara,1,1,it.1,FALSE
2016-09-25,FC Internazionale Milano,Bologna FC 1909,1,1,it.1,FALSE
2016-09-25,SS Lazio,Empoli,2,0,it.1,FALSE
2016-09-25,US Sassuolo Calcio,Udinese Calcio,1,0,it.1,FALSE
2016-09-25,ACF Fiorentina,AC Milan,0,0,it.1,FALSE
2016-09-25,TSG 1899 Hoffenheim,FC Schalke 04,2,1,de.1,FALSE
2016-09-25,1. FC Köln,RB Leipzig,1,1,de.1,FALSE
2016-09-26,Burnley,Watford,2,0,en.1,FALSE
2016-09-26,Deportivo Alavés,Granada CF,3,1,es.1,FALSE
2016-09-26,FC Crotone,Atalanta BC,1,3,it.1,FALSE
2016-09-26,Cagliari Calcio,Sampdoria,2,1,it.1,FALSE
2016-09-27,AS Monaco,Bayer 04 Leverkusen,1,1,uefa.cl,FALSE
2016-09-27,CSKA Moskva,Tottenham Hotspur,0,1,uefa.cl,FALSE
2016-09-27,Borussia Dortmund,Real Madrid CF,2,2,uefa.cl,FALSE
2016-09-27,Sporting CP,Legia Warszawa,2,0,uefa.cl,FALSE
2016-09-27,FC København,Club Brugge KV,4,0,uefa.cl,FALSE
2016-09-27,Leicester City,FC Porto,1,0,uefa.cl,FALSE
2016-09-27,Dinamo Zagreb,Juventus,0,4,uefa.cl,FALSE
2016-09-27,Sevilla,Olympique Lyonnais,1,0,uefa.cl,FALSE
2016-09-28,Arsenal,FC Basel 1893,2,0,uefa.cl,FALSE
2016-09-28,PFC Ludogorets Razgrad,Paris Saint-Germain,1,3,uefa.cl,FALSE
2016-09-28,Beşiktaş,Dinamo Kiev,1,1,uefa.cl,FALSE
2016-09-28,SSC Napoli,SL Benfica,4,2,uefa.cl,FALSE
2016-09-28,Borussia Mönchengladbach,FC Barcelona,1,2,uefa.cl,FALSE
2016-09-28,Celtic,Manchester City,3,3,uefa.cl,FALSE
2016-09-28,Club Atlético de Madrid,FC Bayern München,1,0,uefa.cl,FALSE
2016-09-28,FK Rostov,PSV Eindhoven,2,2,uefa.cl,FALSE
2016-09-30,Everton,Crystal Palace,1,1,en.1,FALSE
2016-09-30,Real Sociedad de Fútbol,Real Betis Balompié,1,0,es.1,FALSE
2016-09-30,RB Leipzig,FC Augsburg,2,1,de.1,FALSE
2016-10-01,Hull City,Chelsea,0,2,en.1,FALSE
2016-10-01,Sunderland,West Bromwich Albion,1,1,en.1,FALSE
2016-10-01,Watford,AFC Bournemouth,2,2,en.1,FALSE
2016-10-01,West Ham United,Middlesbrough,1,1,en.1,FALSE
2016-10-01,Swansea City,Liverpool,1,2,en.1,FALSE
2016-10-01,Granada CF,CD Leganés,0,1,es.1,FALSE
2016-10-01,Sevilla,Deportivo Alavés,2,1,es.1,FALSE
2016-10-01,CA Osasuna,UD Las Palmas,2,2,es.1,FALSE
2016-10-01,Deportivo La Coruña,Sporting Gijón,2,1,es.1,FALSE
2016-10-01,Delfino Pescara,Chievo Verona,0,2,it.1,FALSE
2016-10-01,Udinese Calcio,SS Lazio,0,3,it.1,FALSE
2016-10-01,FC Bayern München,1. FC Köln,1,1,de.1,FALSE
2016-10-01,Hertha BSC,Hamburger SV,2,0,de.1,FALSE
2016-10-01,FC Ingolstadt 04,TSG 1899 Hoffenheim,1,2,de.1,FALSE
2016-10-01,SV Darmstadt 98,SV Werder Bremen,2,2,de.1,FALSE
2016-10-01,SC Freiburg,Eintracht Frankfurt,1,0,de.1,FALSE
2016-10-01,Bayer 04 Leverkusen,Borussia Dortmund,2,0,de.1,FALSE
2016-10-02,Manchester United,Stoke City,1,1,en.1,FALSE
2016-10-02,Leicester City,Southampton,0,0,en.1,FALSE
2016-10-02,Tottenham Hotspur,Manchester City,2,0,en.1,FALSE
2016-10-02,Burnley,Arsenal,0,1,en.1,FALSE
2016-10-02,Valencia CF,Club Atlético de Madrid,0,2,es.1,FALSE
2016-10-02,Real Madrid CF,SD Eibar,1,1,es.1,FALSE
2016-10-02,RCD Espanyol de Barcelona,Villarreal CF,0,0,es.1,FALSE
2016-10-02,Málaga CF,Athletic Club,2,1,es.1,FALSE
2016-10-02,RC Celta de Vigo,FC Barcelona,4,3,es.1,FALSE
2016-10-02,Empoli,Juventus,0,3,it.1,FALSE
2016-10-02,Atalanta BC,SSC Napoli,1,0,it.1,FALSE
2016-10-02,Bologna FC 1909,Genoa CFC,0,1,it.1,FALSE
2016-10-02,Cagliari Calcio,FC Crotone,2,1,it.1,FALSE
2016-10-02,Sampdoria,US Palermo,1,1,it.1,FALSE
2016-10-02,AC Milan,US Sassuolo Calcio,4,3,it.1,FALSE
2016-10-02,Torino,ACF Fiorentina,2,1,it.1,FALSE
2016-10-02,AS Roma,FC Internazionale Milano,2,1,it.1,FALSE
2016-10-02,VfL Wolfsburg,1. FSV Mainz 05,0,0,de.1,FALSE
2016-10-02,FC Schalke 04,Borussia Mönchengladbach,4,0,de.1,FALSE
2016-10-14,UD Las Palmas,RCD Espanyol de Barcelona,0,0,es.1,FALSE
2016-10-14,Borussia Dortmund,Hertha BSC,1,1,de.1,FALSE
2016-10-15,Chelsea,Leicester City,3,0,en.1,FALSE
2016-10-15,AFC Bournemouth,Hull City,6,1,en.1,FALSE
2016-10-15,Arsenal,Swansea City,3,2,en.1,FALSE
2016-10-15,Manchester City,Everton,1,1,en.1,FALSE
2016-10-15,Stoke City,Sunderland,2,0,en.1,FALSE
2016-10-15,West Bromwich Albion,Tottenham Hotspur,1,1,en.1,FALSE
2016-10-15,Crystal Palace,West Ham United,0,1,en.1,FALSE
2016-10-15,CD Leganés,Sevilla,2,3,es.1,FALSE
2016-10-15,FC Barcelona,Deportivo La Coruña,4,0,es.1,FALSE
2016-10-15,Club Atlético de Madrid,Granada CF,7,1,es.1,FALSE
2016-10-15,Real Betis Balompié,Real Madrid CF,1,6,es.1,FALSE
2016-10-15,SSC Napoli,AS Roma,1,3,it.1,FALSE
2016-10-15,Delfino Pescara,Sampdoria,1,1,it.1,FALSE
2016-10-15,Juventus,Udinese Calcio,2,1,it.1,FALSE
2016-10-15,Borussia Mönchengladbach,Hamburger SV,0,0,de.1,FALSE
2016-10-15,1. FC Köln,FC Ingolstadt 04,2,1,de.1,FALSE
2016-10-15,FC Augsburg,FC Schalke 04,1,1,de.1,FALSE
2016-10-15,TSG 1899 Hoffenheim,SC Freiburg,2,1,de.1,FALSE
2016-10-15,Eintracht Frankfurt,FC Bayern München,2,2,de.1,FALSE
2016-10-15,SV Werder Bremen,Bayer 04 Leverkusen,2,1,de.1,FALSE
2016-10-16,Southampton,Burnley,3,1,en.1,FALSE
2016-10-16,Middlesbrough,Watford,0,1,en.1,FALSE
2016-10-16,Deportivo Alavés,Málaga CF,1,1,es.1,FALSE
2016-10-16,Athletic Club,Real Sociedad de Fútbol,3,2,es.1,FALSE
2016-10-16,Sporting Gijón,Valencia CF,1,2,es.1,FALSE
2016-10-16,Villarreal CF,RC Celta de Vigo,5,0,es.1,FALSE
2016-10-16,ACF Fiorentina,Atalanta BC,0,0,it.1,FALSE
2016-10-16,Genoa CFC,Empoli,0,0,it.1,FALSE
2016-10-16,FC Internazionale Milano,Cagliari Calcio,1,2,it.1,FALSE
2016-10-16,SS Lazio,Bologna FC 1909,1,1,it.1,FALSE
2016-10-16,US Sassuolo Calcio,FC Crotone,2,1,it.1,FALSE
2016-10-16,Chievo Verona,AC Milan,1,3,it.1,FALSE
2016-10-16,1. FSV Mainz 05,SV Darmstadt 98,2,1,de.1,FALSE
2016-10-16,VfL Wolfsburg,RB Leipzig,0,1,de.1,FALSE
2016-10-17,Liverpool,Manchester United,0,0,en.1,FALSE
2016-10-17,SD Eibar,CA Osasuna,2,3,es.1,FALSE
2016-10-17,US Palermo,Torino,1,4,it.1,FALSE
2016-10-18,Bayer 04 Leverkusen,Tottenham Hotspur,0,0,uefa.cl,FALSE
2016-10-18,CSKA Moskva,AS Monaco,1,1,uefa.cl,FALSE
2016-10-18,Real Madrid CF,Legia Warszawa,5,1,uefa.cl,FALSE
2016-10-18,Sporting CP,Borussia Dortmund,1,2,uefa.cl,FALSE
2016-10-18,Club Brugge KV,FC Porto,1,2,uefa.cl,FALSE
2016-10-18,Leicester City,FC København,1,0,uefa.cl,FALSE
2016-10-18,Dinamo Zagreb,Sevilla,0,1,uefa.cl,FALSE
2016-10-18,Olympique Lyonnais,Juventus,0,1,uefa.cl,FALSE
2016-10-19,Arsenal,PFC Ludogorets Razgrad,6,0,uefa.cl,FALSE
2016-10-19,Paris Saint-Germain,FC Basel 1893,3,0,uefa.cl,FALSE
2016-10-19,Dinamo Kiev,SL Benfica,0,2,uefa.cl,FALSE
2016-10-19,SSC Napoli,Beşiktaş,2,3,uefa.cl,FALSE
2016-10-19,Celtic,Borussia Mönchengladbach,0,2,uefa.cl,FALSE
2016-10-19,FC Barcelona,Manchester City,4,0,uefa.cl,FALSE
2016-10-19,FC Bayern München,PSV Eindhoven,4,1,uefa.cl,FALSE
2016-10-19,FK Rostov,Club Atlético de Madrid,0,1,uefa.cl,FALSE
2016-10-21,CA Osasuna,Real Betis Balompié,1,2,es.1,FALSE
2016-10-21,Hamburger SV,Eintracht Frankfurt,0,3,de.1,FALSE
2016-10-22,AFC Bournemouth,Tottenham Hotspur,0,0,en.1,FALSE
2016-10-22,Arsenal,Middlesbrough,0,0,en.1,FALSE
2016-10-22,Burnley,Everton,2,1,en.1,FALSE
2016-10-22,Hull City,Stoke City,0,2,en.1,FALSE
2016-10-22,Leicester City,Crystal Palace,3,1,en.1,FALSE
2016-10-22,Swansea City,Watford,0,0,en.1,FALSE
2016-10-22,West Ham United,Sunderland,1,0,en.1,FALSE
2016-10-22,Liverpool,West Bromwich Albion,2,1,en.1,FALSE
2016-10-22,RCD Espanyol de Barcelona,SD Eibar,3,3,es.1,FALSE
2016-10-22,Valencia CF,FC Barcelona,2,3,es.1,FALSE
2016-10-22,Real Sociedad de Fútbol,Deportivo Alavés,3,0,es.1,FALSE
2016-10-22,Granada CF,Sporting Gijón,0,0,es.1,FALSE
2016-10-22,Sampdoria,Genoa CFC,2,1,it.1,FALSE
2016-10-22,AC Milan,Juventus,1,0,it.1,FALSE
2016-10-22,Bayer 04 Leverkusen,TSG 1899 Hoffenheim,0,3,de.1,FALSE
2016-10-22,Hertha BSC,1. FC Köln,2,1,de.1,FALSE
2016-10-22,FC Ingolstadt 04,Borussia Dortmund,3,3,de.1,FALSE
2016-10-22,SV Darmstadt 98,VfL Wolfsburg,3,1,de.1,FALSE
2016-10-22,SC Freiburg,FC Augsburg,2,1,de.1,FALSE
2016-10-22,FC Bayern München,Borussia Mönchengladbach,2,0,de.1,FALSE
2016-10-23,Chelsea,Manchester United,4,0,en.1,FALSE
2016-10-23,Manchester City,Southampton,1,1,en.1,FALSE
2016-10-23,RC Celta de Vigo,Deportivo La Coruña,4,1,es.1,FALSE
2016-10-23,Sevilla,Club Atlético de Madrid,1,0,es.1,FALSE
2016-10-23,Villarreal CF,UD Las Palmas,2,1,es.1,FALSE
2016-10-23,Málaga CF,CD Leganés,4,0,es.1,FALSE
2016-10-23,Real Madrid CF,Athletic Club,2,1,es.1,FALSE
2016-10-23,Udinese Calcio,Delfino Pescara,3,1,it.1,FALSE
2016-10-23,Atalanta BC,FC Internazionale Milano,2,1,it.1,FALSE
2016-10-23,Cagliari Calcio,ACF Fiorentina,3,5,it.1,FALSE
2016-10-23,FC Crotone,SSC Napoli,1,2,it.1,FALSE
2016-10-23,Empoli,Chievo Verona,0,0,it.1,FALSE
2016-10-23,Torino,SS Lazio,2,2,it.1,FALSE
2016-10-23,Bologna FC 1909,US Sassuolo Calcio,1,1,it.1,FALSE
2016-10-23,AS Roma,US Palermo,4,1,it.1,FALSE
2016-10-23,RB Leipzig,SV Werder Bremen,3,1,de.1,FALSE
2016-10-23,FC Schalke 04,1. FSV Mainz 05,3,0,de.1,FALSE
2016-10-25,Genoa CFC,AC Milan,3,0,it.1,FALSE
2016-10-26,Chievo Verona,Bologna FC 1909,1,1,it.1,FALSE
2016-10-26,ACF Fiorentina,FC Crotone,1,1,it.1,FALSE
2016-10-26,FC Internazionale Milano,Torino,2,1,it.1,FALSE
2016-10-26,Juventus,Sampdoria,4,1,it.1,FALSE
2016-10-26,SS Lazio,Cagliari Calcio,4,1,it.1,FALSE
2016-10-26,SSC Napoli,Empoli,2,0,it.1,FALSE
2016-10-26,Delfino Pescara,Atalanta BC,0,1,it.1,FALSE
2016-10-26,US Sassuolo Calcio,AS Roma,1,3,it.1,FALSE
2016-10-27,US Palermo,Udinese Calcio,1,3,it.1,FALSE
2016-10-28,CD Leganés,Real Sociedad de Fútbol,0,2,es.1,FALSE
2016-10-28,Borussia Mönchengladbach,Eintracht Frankfurt,0,0,de.1,FALSE
2016-10-29,Sunderland,Arsenal,1,4,en.1,FALSE
2016-10-29,Manchester United,Burnley,0,0,en.1,FALSE
2016-10-29,Middlesbrough,AFC Bournemouth,2,0,en.1,FALSE
2016-10-29,Tottenham Hotspur,Leicester City,1,1,en.1,FALSE
2016-10-29,Watford,Hull City,1,0,en.1,FALSE
2016-10-29,West Bromwich Albion,Manchester City,0,4,en.1,FALSE
2016-10-29,Crystal Palace,Liverpool,2,4,en.1,FALSE
2016-10-29,Sporting Gijón,Sevilla,1,1,es.1,FALSE
2016-10-29,Deportivo Alavés,Real Madrid CF,1,4,es.1,FALSE
2016-10-29,Club Atlético de Madrid,Málaga CF,4,2,es.1,FALSE
2016-10-29,FC Barcelona,Granada CF,1,0,es.1,FALSE
2016-10-29,Bologna FC 1909,ACF Fiorentina,0,1,it.1,FALSE
2016-10-29,Juventus,SSC Napoli,2,1,it.1,FALSE
2016-10-29,1. FSV Mainz 05,FC Ingolstadt 04,2,0,de.1,FALSE
2016-10-29,VfL Wolfsburg,Bayer 04 Leverkusen,1,2,de.1,FALSE
2016-10-29,FC Augsburg,FC Bayern München,1,3,de.1,FALSE
2016-10-29,SV Werder Bremen,SC Freiburg,1,3,de.1,FALSE
2016-10-29,SV Darmstadt 98,RB Leipzig,0,2,de.1,FALSE
2016-10-29,Borussia Dortmund,FC Schalke 04,0,0,de.1,FALSE
2016-10-30,Southampton,Chelsea,0,2,en.1,FALSE
2016-10-30,Everton,West Ham United,2,0,en.1,FALSE
2016-10-30,SD Eibar,Villarreal CF,2,1,es.1,FALSE
2016-10-30,Athletic Club,CA Osasuna,1,1,es.1,FALSE
2016-10-30,Real Betis Balompié,RCD Espanyol de Barcelona,0,1,es.1,FALSE
2016-10-30,UD Las Palmas,RC Celta de Vigo,3,3,es.1,FALSE
2016-10-30,Atalanta BC,Genoa CFC,3,0,it.1,FALSE
2016-10-30,FC Crotone,Chievo Verona,2,0,it.1,FALSE
2016-10-30,Empoli,AS Roma,0,0,it.1,FALSE
2016-10-30,SS Lazio,US Sassuolo Calcio,2,1,it.1,FALSE
2016-10-30,AC Milan,Delfino Pescara,1,0,it.1,FALSE
2016-10-30,Sampdoria,FC Internazionale Milano,1,0,it.1,FALSE
2016-10-30,TSG 1899 Hoffenheim,Hertha BSC,1,0,de.1,FALSE
2016-10-30,1. FC Köln,Hamburger SV,3,0,de.1,FALSE
2016-10-31,Stoke City,Swansea City,3,1,en.1,FALSE
2016-10-31,Deportivo La Coruña,Valencia CF,1,1,es.1,FALSE
2016-10-31,Udinese Calcio,Torino,2,2,it.1,FALSE
2016-10-31,Cagliari Calcio,US Palermo,2,1,it.1,FALSE
2016-11-01,FC Basel 1893,Paris Saint-Germain,1,2,uefa.cl,FALSE
2016-11-01,PFC Ludogorets Razgrad,Arsenal,2,3,uefa.cl,FALSE
2016-11-01,Beşiktaş,SSC Napoli,1,1,uefa.cl,FALSE
2016-11-01,SL Benfica,Dinamo Kiev,1,0,uefa.cl,FALSE
2016-11-01,Borussia Mönchengladbach,Celtic,1,1,uefa.cl,FALSE
2016-11-01,Manchester City,FC Barcelona,3,1,uefa.cl,FALSE
2016-11-01,Club Atlético de Madrid,FK Rostov,2,1,uefa.cl,FALSE
2016-11-01,PSV Eindhoven,FC Bayern München,1,2,uefa.cl,FALSE
2016-11-02,AS Monaco,CSKA Moskva,3,0,uefa.cl,FALSE
2016-11-02,Tottenham Hotspur,Bayer 04 Leverkusen,0,1,uefa.cl,FALSE
2016-11-02,Borussia Dortmund,Sporting CP,1,0,uefa.cl,FALSE
2016-11-02,Legia Warszawa,Real Madrid CF,3,3,uefa.cl,FALSE
2016-11-02,FC København,Leicester City,0,0,uefa.cl,FALSE
2016-11-02,FC Porto,Club Brugge KV,1,0,uefa.cl,FALSE
2016-11-02,Juventus,Olympique Lyonnais,1,1,uefa.cl,FALSE
2016-11-02,Sevilla,Dinamo Zagreb,4,0,uefa.cl,FALSE
2016-11-04,Málaga CF,Sporting Gijón,3,2,es.1,FALSE
2016-11-04,Hertha BSC,Borussia Mönchengladbach,3,0,de.1,FALSE
2016-11-05,Burnley,Crystal Palace,3,2,en.1,FALSE
2016-11-05,Manchester City,Middlesbrough,1,1,en.1,FALSE
2016-11-05,West Ham United,Stoke City,1,1,en.1,FALSE
2016-11-05,Chelsea,Everton,5,0,en.1,FALSE
2016-11-05,AFC Bournemouth,Sunderland,1,2,en.1,FALSE
2016-11-05,Granada CF,Deportivo La Coruña,1,1,es.1,FALSE
2016-11-05,Real Sociedad de Fútbol,Club Atlético de Madrid,2,0,es.1,FALSE
2016-11-05,CA Osasuna,Deportivo Alavés,0,1,es.1,FALSE
2016-11-05,UD Las Palmas,SD Eibar,1,0,es.1,FALSE
2016-11-05,Torino,Cagliari Calcio,5,1,it.1,FALSE
2016-11-05,SSC Napoli,SS Lazio,1,1,it.1,FALSE
2016-11-05,FC Bayern München,TSG 1899 Hoffenheim,1,1,de.1,FALSE
2016-11-05,Bayer 04 Leverkusen,SV Darmstadt 98,3,2,de.1,FALSE
2016-11-05,Hamburger SV,Borussia Dortmund,2,5,de.1,FALSE
2016-11-05,FC Ingolstadt 04,FC Augsburg,0,2,de.1,FALSE
2016-11-05,SC Freiburg,VfL Wolfsburg,0,3,de.1,FALSE
2016-11-05,Eintracht Frankfurt,1. FC Köln,1,0,de.1,FALSE
2016-11-06,Arsenal,Tottenham Hotspur,1,1,en.1,FALSE
2016-11-06,Hull City,Southampton,2,1,en.1,FALSE
2016-11-06,Liverpool,Watford,6,1,en.1,FALSE
2016-11-06,Swansea City,Manchester United,1,3,en.1,FALSE
2016-11-06,Leicester City,West Bromwich Albion,1,2,en.1,FALSE
2016-11-06,Real Madrid CF,CD Leganés,3,0,es.1,FALSE
2016-11-06,RCD Espanyol de Barcelona,Athletic Club,0,0,es.1,FALSE
2016-11-06,RC Celta de Vigo,Valencia CF,2,1,es.1,FALSE
2016-11-06,Villarreal CF,Real Betis Balompié,2,0,es.1,FALSE
2016-11-06,Sevilla,FC Barcelona,1,2,es.1,FALSE
2016-11-06,Delfino Pescara,Empoli,0,4,it.1,FALSE
2016-11-06,Chievo Verona,Juventus,1,2,it.1,FALSE
2016-11-06,Genoa CFC,Udinese Calcio,1,1,it.1,FALSE
2016-11-06,US Palermo,AC Milan,1,2,it.1,FALSE
2016-11-06,US Sassuolo Calcio,Atalanta BC,0,3,it.1,FALSE
2016-11-06,ACF Fiorentina,Sampdoria,1,1,it.1,FALSE
2016-11-06,FC Internazionale Milano,FC Crotone,3,0,it.1,FALSE
2016-11-06,AS Roma,Bologna FC 1909,3,0,it.1,FALSE
2016-11-06,RB Leipzig,1. FSV Mainz 05,3,1,de.1,FALSE
2016-11-06,FC Schalke 04,SV Werder Bremen,3,1,de.1,FALSE
2016-11-18,Real Betis Balompié,UD Las Palmas,2,0,es.1,FALSE
2016-11-18,Bayer 04 Leverkusen,RB Leipzig,2,3,de.1,FALSE
2016-11-19,Crystal Palace,Manchester City,1,2,en.1,FALSE
2016-11-19,Everton,Swansea City,1,1,en.1,FALSE
2016-11-19,Southampton,Liverpool,0,0,en.1,FALSE
2016-11-19,Stoke City,AFC Bournemouth,0,1,en.1,FALSE
2016-11-19,Sunderland,Hull City,3,0,en.1,FALSE
2016-11-19,Watford,Leicester City,2,1,en.1,FALSE
2016-11-19,Tottenham Hotspur,West Ham United,3,2,en.1,FALSE
2016-11-19,Manchester United,Arsenal,1,1,en.1,FALSE
2016-11-19,Deportivo La Coruña,Sevilla,2,3,es.1,FALSE
2016-11-19,FC Barcelona,Málaga CF,0,0,es.1,FALSE
2016-11-19,SD Eibar,RC Celta de Vigo,1,0,es.1,FALSE
2016-11-19,Club Atlético de Madrid,Real Madrid CF,0,3,es.1,FALSE
2016-11-19,Chievo Verona,Cagliari Calcio,1,0,it.1,FALSE
2016-11-19,Udinese Calcio,SSC Napoli,1,2,it.1,FALSE
2016-11-19,Juventus,Delfino Pescara,3,0,it.1,FALSE
2016-11-19,Borussia Mönchengladbach,1. FC Köln,1,2,de.1,FALSE
2016-11-19,1. FSV Mainz 05,SC Freiburg,4,2,de.1,FALSE
2016-11-19,VfL Wolfsburg,FC Schalke 04,0,1,de.1,FALSE
2016-11-19,FC Augsburg,Hertha BSC,0,0,de.1,FALSE
2016-11-19,SV Darmstadt 98,FC Ingolstadt 04,0,1,de.1,FALSE
2016-11-19,Borussia Dortmund,FC Bayern München,1,0,de.1,FALSE
2016-11-20,Middlesbrough,Chelsea,0,1,en.1,FALSE
2016-11-20,Deportivo Alavés,RCD Espanyol de Barcelona,0,1,es.1,FALSE
2016-11-20,Valencia CF,Granada CF,1,1,es.1,FALSE
2016-11-20,Sporting Gijón,Real Sociedad de Fútbol,1,3,es.1,FALSE
2016-11-20,Athletic Club,Villarreal CF,1,0,es.1,FALSE
2016-11-20,Sampdoria,US Sassuolo Calcio,3,2,it.1,FALSE
2016-11-20,Atalanta BC,AS Roma,2,1,it.1,FALSE
2016-11-20,Bologna FC 1909,US Palermo,3,1,it.1,FALSE
2016-11-20,FC Crotone,Torino,0,2,it.1,FALSE
2016-11-20,Empoli,ACF Fiorentina,0,4,it.1,FALSE
2016-11-20,SS Lazio,Genoa CFC,3,1,it.1,FALSE
2016-11-20,AC Milan,FC Internazionale Milano,2,2,it.1,FALSE
2016-11-20,TSG 1899 Hoffenheim,Hamburger SV,2,2,de.1,FALSE
2016-11-20,SV Werder Bremen,Eintracht Frankfurt,1,2,de.1,FALSE
2016-11-21,West Bromwich Albion,Burnley,4,0,en.1,FALSE
2016-11-21,CD Leganés,CA Osasuna,2,0,es.1,FALSE
2016-11-22,CSKA Moskva,Bayer 04 Leverkusen,1,1,uefa.cl,FALSE
2016-11-22,AS Monaco,Tottenham Hotspur,2,1,uefa.cl,FALSE
2016-11-22,Borussia Dortmund,Legia Warszawa,8,4,uefa.cl,FALSE
2016-11-22,Sporting CP,Real Madrid CF,1,2,uefa.cl,FALSE
2016-11-22,FC København,FC Porto,0,0,uefa.cl,FALSE
2016-11-22,Leicester City,Club Brugge KV,2,1,uefa.cl,FALSE
2016-11-22,Dinamo Zagreb,Olympique Lyonnais,0,1,uefa.cl,FALSE
2016-11-22,Sevilla,Juventus,1,3,uefa.cl,FALSE
2016-11-23,Arsenal,Paris Saint-Germain,2,2,uefa.cl,FALSE
2016-11-23,PFC Ludogorets Razgrad,FC Basel 1893,0,0,uefa.cl,FALSE
2016-11-23,Beşiktaş,SL Benfica,3,3,uefa.cl,FALSE
2016-11-23,SSC Napoli,Dinamo Kiev,0,0,uefa.cl,FALSE
2016-11-23,Borussia Mönchengladbach,Manchester City,1,1,uefa.cl,FALSE
2016-11-23,Celtic,FC Barcelona,0,2,uefa.cl,FALSE
2016-11-23,FK Rostov,FC Bayern München,3,2,uefa.cl,FALSE
2016-11-23,Club Atlético de Madrid,PSV Eindhoven,2,0,uefa.cl,FALSE
2016-11-25,SD Eibar,Real Betis Balompié,3,1,es.1,FALSE
2016-11-25,SC Freiburg,RB Leipzig,1,4,de.1,FALSE
2016-11-26,Hull City,West Bromwich Albion,1,1,en.1,FALSE
2016-11-26,Leicester City,Middlesbrough,2,2,en.1,FALSE
2016-11-26,Liverpool,Sunderland,2,0,en.1,FALSE
2016-11-26,Swansea City,Crystal Palace,5,4,en.1,FALSE
2016-11-26,Chelsea,Tottenham Hotspur,2,1,en.1,FALSE
2016-11-26,Burnley,Manchester City,1,2,en.1,FALSE
2016-11-26,Málaga CF,Deportivo La Coruña,4,3,es.1,FALSE
2016-11-26,Real Madrid CF,Sporting Gijón,2,1,es.1,FALSE
2016-11-26,RCD Espanyol de Barcelona,CD Leganés,3,0,es.1,FALSE
2016-11-26,Sevilla,Valencia CF,2,1,es.1,FALSE
2016-11-26,Torino,Chievo Verona,2,1,it.1,FALSE
2016-11-26,Empoli,AC Milan,1,4,it.1,FALSE
2016-11-26,Borussia Mönchengladbach,TSG 1899 Hoffenheim,1,1,de.1,FALSE
2016-11-26,1. FC Köln,FC Augsburg,0,0,de.1,FALSE
2016-11-26,Hamburger SV,SV Werder Bremen,2,2,de.1,FALSE
2016-11-26,FC Ingolstadt 04,VfL Wolfsburg,1,1,de.1,FALSE
2016-11-26,Eintracht Frankfurt,Borussia Dortmund,2,1,de.1,FALSE
2016-11-26,FC Bayern München,Bayer 04 Leverkusen,2,1,de.1,FALSE
2016-11-27,Watford,Stoke City,0,1,en.1,FALSE
2016-11-27,Arsenal,AFC Bournemouth,3,1,en.1,FALSE
2016-11-27,Manchester United,West Ham United,1,1,en.1,FALSE
2016-11-27,Southampton,Everton,1,0,en.1,FALSE
2016-11-27,Villarreal CF,Deportivo Alavés,0,2,es.1,FALSE
2016-11-27,CA Osasuna,Club Atlético de Madrid,0,3,es.1,FALSE
2016-11-27,RC Celta de Vigo,Granada CF,3,1,es.1,FALSE
2016-11-27,Real Sociedad de Fútbol,FC Barcelona,1,1,es.1,FALSE
2016-11-27,US Palermo,SS Lazio,0,1,it.1,FALSE
2016-11-27,Bologna FC 1909,Atalanta BC,0,2,it.1,FALSE
2016-11-27,Cagliari Calcio,Udinese Calcio,2,1,it.1,FALSE
2016-11-27,FC Crotone,Sampdoria,1,1,it.1,FALSE
2016-11-27,Genoa CFC,Juventus,3,1,it.1,FALSE
2016-11-27,AS Roma,Delfino Pescara,3,2,it.1,FALSE
2016-11-27,FC Schalke 04,SV Darmstadt 98,3,1,de.1,FALSE
2016-11-27,Hertha BSC,1. FSV Mainz 05,2,1,de.1,FALSE
2016-11-28,UD Las Palmas,Athletic Club,3,1,es.1,FALSE
2016-11-28,SSC Napoli,US Sassuolo Calcio,1,1,it.1,FALSE
2016-11-28,FC Internazionale Milano,ACF Fiorentina,4,2,it.1,FALSE
2016-12-02,SSC Napoli,FC Internazionale Milano,3,0,it.1,FALSE
2016-12-02,1. FSV Mainz 05,FC Bayern München,1,3,de.1,FALSE
2016-12-03,Manchester City,Chelsea,1,3,en.1,FALSE
2016-12-03,Crystal Palace,Southampton,3,0,en.1,FALSE
2016-12-03,Stoke City,Burnley,2,0,en.1,FALSE
2016-12-03,Sunderland,Leicester City,2,1,en.1,FALSE
2016-12-03,Tottenham Hotspur,Swansea City,5,0,en.1,FALSE
2016-12-03,West Bromwich Albion,Watford,3,1,en.1,FALSE
2016-12-03,West Ham United,Arsenal,1,5,en.1,FALSE
2016-12-03,Granada CF,Sevilla,2,1,es.1,FALSE
2016-12-03,FC Barcelona,Real Madrid CF,1,1,es.1,FALSE
2016-12-03,CD Leganés,Villarreal CF,0,0,es.1,FALSE
2016-12-03,Club Atlético de Madrid,RCD Espanyol de Barcelona,0,0,es.1,FALSE
2016-12-03,Juventus,Atalanta BC,3,1,it.1,FALSE
2016-12-03,Borussia Dortmund,Borussia Mönchengladbach,4,1,de.1,FALSE
2016-12-03,Bayer 04 Leverkusen,SC Freiburg,1,1,de.1,FALSE
2016-12-03,VfL Wolfsburg,Hertha BSC,2,3,de.1,FALSE
2016-12-03,SV Werder Bremen,FC Ingolstadt 04,2,1,de.1,FALSE
2016-12-03,TSG 1899 Hoffenheim,1. FC Köln,4,0,de.1,FALSE
2016-12-03,RB Leipzig,FC Schalke 04,2,1,de.1,FALSE
2016-12-04,Everton,Manchester United,1,1,en.1,FALSE
2016-12-04,AFC Bournemouth,Liverpool,4,3,en.1,FALSE
2016-12-04,Real Betis Balompié,RC Celta de Vigo,3,3,es.1,FALSE
2016-12-04,Athletic Club,SD Eibar,3,1,es.1,FALSE
2016-12-04,Deportivo Alavés,UD Las Palmas,1,1,es.1,FALSE
2016-12-04,Sporting Gijón,CA Osasuna,3,1,es.1,FALSE
2016-12-04,Valencia CF,Málaga CF,2,2,es.1,FALSE
2016-12-04,AC Milan,FC Crotone,2,1,it.1,FALSE
2016-12-04,SS Lazio,AS Roma,0,2,it.1,FALSE
2016-12-04,Delfino Pescara,Cagliari Calcio,1,1,it.1,FALSE
2016-12-04,Sampdoria,Torino,2,0,it.1,FALSE
2016-12-04,US Sassuolo Calcio,Empoli,3,0,it.1,FALSE
2016-12-04,ACF Fiorentina,US Palermo,2,1,it.1,FALSE
2016-12-04,SV Darmstadt 98,Hamburger SV,0,2,de.1,FALSE
2016-12-04,FC Augsburg,Eintracht Frankfurt,1,1,de.1,FALSE
2016-12-05,Middlesbrough,Hull City,1,0,en.1,FALSE
2016-12-05,Deportivo La Coruña,Real Sociedad de Fútbol,5,1,es.1,FALSE
2016-12-05,Chievo Verona,Genoa CFC,0,0,it.1,FALSE
2016-12-05,Udinese Calcio,Bologna FC 1909,1,0,it.1,FALSE
2016-12-06,FC Basel 1893,Arsenal,1,4,uefa.cl,FALSE
2016-12-06,Paris Saint-Germain,PFC Ludogorets Razgrad,2,2,uefa.cl,FALSE
2016-12-06,Dinamo Kiev,Beşiktaş,6,0,uefa.cl,FALSE
2016-12-06,SL Benfica,SSC Napoli,1,2,uefa.cl,FALSE
2016-12-06,FC Barcelona,Borussia Mönchengladbach,4,0,uefa.cl,FALSE
2016-12-06,Manchester City,Celtic,1,1,uefa.cl,FALSE
2016-12-06,FC Bayern München,Club Atlético de Madrid,1,0,uefa.cl,FALSE
2016-12-06,PSV Eindhoven,FK Rostov,0,0,uefa.cl,FALSE
2016-12-07,Bayer 04 Leverkusen,AS Monaco,3,0,uefa.cl,FALSE
2016-12-07,Tottenham Hotspur,CSKA Moskva,3,1,uefa.cl,FALSE
2016-12-07,Legia Warszawa,Sporting CP,1,0,uefa.cl,FALSE
2016-12-07,Real Madrid CF,Borussia Dortmund,2,2,uefa.cl,FALSE
2016-12-07,Club Brugge KV,FC København,0,2,uefa.cl,FALSE
2016-12-07,FC Porto,Leicester City,5,0,uefa.cl,FALSE
2016-12-07,Juventus,Dinamo Zagreb,2,0,uefa.cl,FALSE
2016-12-07,Olympique Lyonnais,Sevilla,0,0,uefa.cl,FALSE
2016-12-09,Málaga CF,Granada CF,1,1,es.1,FALSE
2016-12-09,Eintracht Frankfurt,TSG 1899 Hoffenheim,0,0,de.1,FALSE
2016-12-10,Watford,Everton,3,2,en.1,FALSE
2016-12-10,Arsenal,Stoke City,3,1,en.1,FALSE
2016-12-10,Burnley,AFC Bournemouth,3,2,en.1,FALSE
2016-12-10,Hull City,Crystal Palace,3,3,en.1,FALSE
2016-12-10,Swansea City,Sunderland,3,0,en.1,FALSE
2016-12-10,Leicester City,Manchester City,4,2,en.1,FALSE
2016-12-10,CA Osasuna,FC Barcelona,0,3,es.1,FALSE
2016-12-10,Real Sociedad de Fútbol,Valencia CF,3,2,es.1,FALSE
2016-12-10,UD Las Palmas,CD Leganés,1,1,es.1,FALSE
2016-12-10,Real Madrid CF,Deportivo La Coruña,3,2,es.1,FALSE
2016-12-10,FC Crotone,Delfino Pescara,2,1,it.1,FALSE
2016-12-10,Sampdoria,SS Lazio,1,2,it.1,FALSE
2016-12-10,FC Bayern München,VfL Wolfsburg,5,0,de.1,FALSE
2016-12-10,1. FC Köln,Borussia Dortmund,1,1,de.1,FALSE
2016-12-10,Hamburger SV,FC Augsburg,1,0,de.1,FALSE
2016-12-10,FC Ingolstadt 04,RB Leipzig,1,0,de.1,FALSE
2016-12-10,SC Freiburg,SV Darmstadt 98,1,0,de.1,FALSE
2016-12-10,Hertha BSC,SV Werder Bremen,0,1,de.1,FALSE
2016-12-11,Manchester United,Tottenham Hotspur,1,0,en.1,FALSE
2016-12-11,Southampton,Middlesbrough,1,0,en.1,FALSE
2016-12-11,Liverpool,West Ham United,2,2,en.1,FALSE
2016-12-11,Chelsea,West Bromwich Albion,1,0,en.1,FALSE
2016-12-11,SD Eibar,Deportivo Alavés,0,0,es.1,FALSE
2016-12-11,RC Celta de Vigo,Sevilla,0,3,es.1,FALSE
2016-12-11,RCD Espanyol de Barcelona,Sporting Gijón,2,1,es.1,FALSE
2016-12-11,Real Betis Balompié,Athletic Club,1,0,es.1,FALSE
2016-12-11,Cagliari Calcio,SSC Napoli,0,5,it.1,FALSE
2016-12-11,Atalanta BC,Udinese Calcio,1,3,it.1,FALSE
2016-12-11,Bologna FC 1909,Empoli,0,0,it.1,FALSE
2016-12-11,US Palermo,Chievo Verona,0,2,it.1,FALSE
2016-12-11,Torino,Juventus,1,3,it.1,FALSE
2016-12-11,FC Internazionale Milano,Genoa CFC,2,0,it.1,FALSE
2016-12-11,Borussia Mönchengladbach,1. FSV Mainz 05,1,0,de.1,FALSE
2016-12-11,FC Schalke 04,Bayer 04 Leverkusen,0,1,de.1,FALSE
2016-12-12,Villarreal CF,Club Atlético de Madrid,3,0,es.1,FALSE
2016-12-12,ACF Fiorentina,US Sassuolo Calcio,2,1,it.1,FALSE
2016-12-12,AS Roma,AC Milan,1,0,it.1,FALSE
2016-12-13,Everton,Arsenal,2,1,en.1,FALSE
2016-12-13,AFC Bournemouth,Leicester City,1,0,en.1,FALSE
2016-12-14,Middlesbrough,Liverpool,0,3,en.1,FALSE
2016-12-14,Sunderland,Chelsea,0,1,en.1,FALSE
2016-12-14,West Ham United,Burnley,1,0,en.1,FALSE
2016-12-14,Crystal Palace,Manchester United,1,2,en.1,FALSE
2016-12-14,West Bromwich Albion,Swansea City,3,1,en.1,FALSE
2016-12-14,Manchester City,Watford,2,0,en.1,FALSE
2016-12-14,Stoke City,Southampton,0,0,en.1,FALSE
2016-12-14,Tottenham Hotspur,Hull City,3,0,en.1,FALSE
2016-12-15,Genoa CFC,ACF Fiorentina,1,0,it.1,FALSE
2016-12-16,Deportivo Alavés,Real Betis Balompié,1,0,es.1,FALSE
2016-12-16,TSG 1899 Hoffenheim,Borussia Dortmund,2,2,de.1,FALSE
2016-12-17,Middlesbrough,Swansea City,3,0,en.1,FALSE
2016-12-17,Stoke City,Leicester City,2,2,en.1,FALSE
2016-12-17,Sunderland,Watford,1,0,en.1,FALSE
2016-12-17,West Ham United,Hull City,1,0,en.1,FALSE
2016-12-17,West Bromwich Albion,Manchester United,0,2,en.1,FALSE
2016-12-17,Crystal Palace,Chelsea,0,1,en.1,FALSE
2016-12-17,Sporting Gijón,Villarreal CF,1,3,es.1,FALSE
2016-12-17,Club Atlético de Madrid,UD Las Palmas,1,0,es.1,FALSE
2016-12-17,Granada CF,Real Sociedad de Fútbol,0,2,es.1,FALSE
2016-12-17,Sevilla,Málaga CF,4,1,es.1,FALSE
2016-12-17,Empoli,Cagliari Calcio,2,0,it.1,FALSE
2016-12-17,AC Milan,Atalanta BC,0,0,it.1,FALSE
2016-12-17,Juventus,AS Roma,1,0,it.1,FALSE
2016-12-17,FC Schalke 04,SC Freiburg,1,1,de.1,FALSE
2016-12-17,1. FSV Mainz 05,Hamburger SV,3,1,de.1,FALSE
2016-12-17,FC Augsburg,Borussia Mönchengladbach,1,0,de.1,FALSE
2016-12-17,SV Werder Bremen,1. FC Köln,1,1,de.1,FALSE
2016-12-17,RB Leipzig,Hertha BSC,2,0,de.1,FALSE
2016-12-17,VfL Wolfsburg,Eintracht Frankfurt,1,0,de.1,FALSE
2016-12-18,AFC Bournemouth,Southampton,1,3,en.1,FALSE
2016-12-18,Manchester City,Arsenal,2,1,en.1,FALSE
2016-12-18,Tottenham Hotspur,Burnley,2,1,en.1,FALSE
2016-12-18,CD Leganés,SD Eibar,1,1,es.1,FALSE
2016-12-18,Deportivo La Coruña,CA Osasuna,2,0,es.1,FALSE
2016-12-18,FC Barcelona,RCD Espanyol de Barcelona,4,1,es.1,FALSE
2016-12-18,US Sassuolo Calcio,FC Internazionale Milano,0,1,it.1,FALSE
2016-12-18,Chievo Verona,Sampdoria,2,1,it.1,FALSE
2016-12-18,SSC Napoli,Torino,5,3,it.1,FALSE
2016-12-18,Delfino Pescara,Bologna FC 1909,0,3,it.1,FALSE
2016-12-18,Udinese Calcio,FC Crotone,2,0,it.1,FALSE
2016-12-18,Genoa CFC,US Palermo,3,4,it.1,FALSE
2016-12-18,SS Lazio,ACF Fiorentina,3,1,it.1,FALSE
2016-12-18,SV Darmstadt 98,FC Bayern München,0,1,de.1,FALSE
2016-12-18,Bayer 04 Leverkusen,FC Ingolstadt 04,1,2,de.1,FALSE
2016-12-19,Everton,Liverpool,0,1,en.1,FALSE
2016-12-19,Athletic Club,RC Celta de Vigo,2,1,es.1,FALSE
2016-12-20,Atalanta BC,Empoli,2,1,it.1,FALSE
2016-12-20,Borussia Dortmund,FC Augsburg,1,1,de.1,FALSE
2016-12-20,Borussia Mönchengladbach,VfL Wolfsburg,1,2,de.1,FALSE
2016-12-20,Hamburger SV,FC Schalke 04,2,1,de.1,FALSE
2016-12-20,Eintracht Frankfurt,1. FSV Mainz 05,3,0,de.1,FALSE
2016-12-21,FC Internazionale Milano,SS Lazio,3,0,it.1,FALSE
2016-12-21,FC Bayern München,RB Leipzig,3,0,de.1,FALSE
2016-12-21,Hertha BSC,SV Darmstadt 98,2,0,de.1,FALSE
2016-12-21,1. FC Köln,Bayer 04 Leverkusen,1,1,de.1,FALSE
2016-12-21,FC Ingolstadt 04,SC Freiburg,1,2,de.1,FALSE
2016-12-21,TSG 1899 Hoffenheim,SV Werder Bremen,1,1,de.1,FALSE
2016-12-22,Cagliari Calcio,US Sassuolo Calcio,4,3,it.1,FALSE
2016-12-22,ACF Fiorentina,SSC Napoli,3,3,it.1,FALSE
2016-12-22,US Palermo,Delfino Pescara,1,1,it.1,FALSE
2016-12-22,AS Roma,Chievo Verona,3,1,it.1,FALSE
2016-12-22,Sampdoria,Udinese Calcio,0,0,it.1,FALSE
2016-12-22,Torino,Genoa CFC,1,0,it.1,FALSE
2016-12-26,Watford,Crystal Palace,1,1,en.1,FALSE
2016-12-26,Arsenal,West Bromwich Albion,1,0,en.1,FALSE
2016-12-26,Burnley,Middlesbrough,1,0,en.1,FALSE
2016-12-26,Chelsea,AFC Bournemouth,3,0,en.1,FALSE
2016-12-26,Leicester City,Everton,0,2,en.1,FALSE
2016-12-26,Manchester United,Sunderland,3,1,en.1,FALSE
2016-12-26,Swansea City,West Ham United,1,4,en.1,FALSE
2016-12-26,Hull City,Manchester City,0,3,en.1,FALSE
2016-12-27,Liverpool,Stoke City,4,1,en.1,FALSE
2016-12-28,Southampton,Tottenham Hotspur,1,4,en.1,FALSE
2016-12-30,Hull City,Everton,2,2,en.1,FALSE
2016-12-31,Burnley,Sunderland,4,1,en.1,FALSE
2016-12-31,Chelsea,Stoke City,4,2,en.1,FALSE
2016-12-31,Leicester City,West Ham United,1,0,en.1,FALSE
2016-12-31,Manchester United,Middlesbrough,2,1,en.1,FALSE
2016-12-31,Southampton,West Bromwich Albion,1,2,en.1,FALSE
2016-12-31,Swansea City,AFC Bournemouth,0,3,en.1,FALSE
2016-12-31,Liverpool,Manchester City,1,0,en.1,FALSE
2017-01-01,Arsenal,Crystal Palace,2,0,en.1,FALSE
2017-01-01,Watford,Tottenham Hotspur,1,4,en.1,FALSE
2017-01-02,Middlesbrough,Leicester City,0,0,en.1,FALSE
2017-01-02,Everton,Southampton,3,0,en.1,FALSE
2017-01-02,Manchester City,Burnley,2,1,en.1,FALSE
2017-01-02,Sunderland,Liverpool,2,2,en.1,FALSE
2017-01-02,West Bromwich Albion,Hull City,3,1,en.1,FALSE
2017-01-02,West Ham United,Manchester United,0,2,en.1,FALSE
2017-01-03,Crystal Palace,Swansea City,1,2,en.1,FALSE
2017-01-03,Stoke City,Watford,2,0,en.1,FALSE
2017-01-03,AFC Bournemouth,Arsenal,3,3,en.1,FALSE
2017-01-04,Tottenham Hotspur,Chelsea,2,0,en.1,FALSE
2017-01-06,RCD Espanyol de Barcelona,Deportivo La Coruña,1,1,es.1,FALSE
2017-01-07,Real Madrid CF,Granada CF,5,0,es.1,FALSE
2017-01-07,SD Eibar,Club Atlético de Madrid,0,2,es.1,FALSE
2017-01-07,UD Las Palmas,Sporting Gijón,1,0,es.1,FALSE
2017-01-07,Real Sociedad de Fútbol,Sevilla,0,4,es.1,FALSE
2017-01-07,Empoli,US Palermo,1,0,it.1,FALSE
2017-01-07,SSC Napoli,Sampdoria,2,1,it.1,FALSE
2017-01-08,Athletic Club,Deportivo Alavés,0,0,es.1,FALSE
2017-01-08,Real Betis Balompié,CD Leganés,2,0,es.1,FALSE
2017-01-08,RC Celta de Vigo,Málaga CF,3,1,es.1,FALSE
2017-01-08,Villarreal CF,FC Barcelona,1,1,es.1,FALSE
2017-01-08,Udinese Calcio,FC Internazionale Milano,1,2,it.1,FALSE
2017-01-08,Chievo Verona,Atalanta BC,1,4,it.1,FALSE
2017-01-08,Genoa CFC,AS Roma,0,1,it.1,FALSE
2017-01-08,SS Lazio,FC Crotone,1,0,it.1,FALSE
2017-01-08,US Sassuolo Calcio,Torino,0,0,it.1,FALSE
2017-01-08,AC Milan,Cagliari Calcio,1,0,it.1,FALSE
2017-01-08,Juventus,Bologna FC 1909,3,0,it.1,FALSE
2017-01-09,CA Osasuna,Valencia CF,3,3,es.1,FALSE
2017-01-14,Tottenham Hotspur,West Bromwich Albion,4,0,en.1,FALSE
2017-01-14,Burnley,Southampton,1,0,en.1,FALSE
2017-01-14,Hull City,AFC Bournemouth,3,1,en.1,FALSE
2017-01-14,Sunderland,Stoke City,1,3,en.1,FALSE
2017-01-14,Swansea City,Arsenal,0,4,en.1,FALSE
2017-01-14,Watford,Middlesbrough,0,0,en.1,FALSE
2017-01-14,West Ham United,Crystal Palace,3,0,en.1,FALSE
2017-01-14,Leicester City,Chelsea,0,3,en.1,FALSE
2017-01-14,CD Leganés,Athletic Club,0,0,es.1,FALSE
2017-01-14,FC Barcelona,UD Las Palmas,5,0,es.1,FALSE
2017-01-14,Club Atlético de Madrid,Real Betis Balompié,1,0,es.1,FALSE
2017-01-14,Deportivo La Coruña,Villarreal CF,0,0,es.1,FALSE
2017-01-14,FC Crotone,Bologna FC 1909,0,1,it.1,FALSE
2017-01-14,FC Internazionale Milano,Chievo Verona,3,1,it.1,FALSE
2017-01-15,Manchester United,Liverpool,1,1,en.1,FALSE
2017-01-15,Everton,Manchester City,4,0,en.1,FALSE
2017-01-15,Valencia CF,RCD Espanyol de Barcelona,2,1,es.1,FALSE
2017-01-15,RC Celta de Vigo,Deportivo Alavés,1,0,es.1,FALSE
2017-01-15,Sporting Gijón,SD Eibar,2,3,es.1,FALSE
2017-01-15,Granada CF,CA Osasuna,1,1,es.1,FALSE
2017-01-15,Sevilla,Real Madrid CF,2,1,es.1,FALSE
2017-01-15,Cagliari Calcio,Genoa CFC,4,1,it.1,FALSE
2017-01-15,SS Lazio,Atalanta BC,2,1,it.1,FALSE
2017-01-15,Sampdoria,Empoli,0,0,it.1,FALSE
2017-01-15,US Sassuolo Calcio,US Palermo,4,1,it.1,FALSE
2017-01-15,SSC Napoli,Delfino Pescara,3,1,it.1,FALSE
2017-01-15,Udinese Calcio,AS Roma,0,1,it.1,FALSE
2017-01-15,ACF Fiorentina,Juventus,2,1,it.1,FALSE
2017-01-16,Málaga CF,Real Sociedad de Fútbol,0,2,es.1,FALSE
2017-01-16,Torino,AC Milan,2,2,it.1,FALSE
2017-01-20,UD Las Palmas,Deportivo La Coruña,1,1,es.1,FALSE
2017-01-20,SC Freiburg,FC Bayern München,1,2,de.1,FALSE
2017-01-21,Liverpool,Swansea City,2,3,en.1,FALSE
2017-01-21,AFC Bournemouth,Watford,2,2,en.1,FALSE
2017-01-21,Crystal Palace,Everton,0,1,en.1,FALSE
2017-01-21,Middlesbrough,West Ham United,1,3,en.1,FALSE
2017-01-21,Stoke City,Manchester United,1,1,en.1,FALSE
2017-01-21,West Bromwich Albion,Sunderland,2,0,en.1,FALSE
2017-01-21,Manchester City,Tottenham Hotspur,2,2,en.1,FALSE
2017-01-21,RCD Espanyol de Barcelona,Granada CF,3,1,es.1,FALSE
2017-01-21,Real Madrid CF,Málaga CF,2,1,es.1,FALSE
2017-01-21,Deportivo Alavés,CD Leganés,2,2,es.1,FALSE
2017-01-21,Villarreal CF,Valencia CF,0,2,es.1,FALSE
2017-01-21,Chievo Verona,ACF Fiorentina,0,3,it.1,FALSE
2017-01-21,AC Milan,SSC Napoli,1,2,it.1,FALSE
2017-01-21,FC Schalke 04,FC Ingolstadt 04,1,0,de.1,FALSE
2017-01-21,VfL Wolfsburg,Hamburger SV,1,0,de.1,FALSE
2017-01-21,FC Augsburg,TSG 1899 Hoffenheim,0,2,de.1,FALSE
2017-01-21,SV Werder Bremen,Borussia Dortmund,1,2,de.1,FALSE
2017-01-21,SV Darmstadt 98,Borussia Mönchengladbach,0,0,de.1,FALSE
2017-01-21,RB Leipzig,Eintracht Frankfurt,3,0,de.1,FALSE
2017-01-22,Southampton,Leicester City,3,0,en.1,FALSE
2017-01-22,Arsenal,Burnley,2,1,en.1,FALSE
2017-01-22,Chelsea,Hull City,2,0,en.1,FALSE
2017-01-22,CA Osasuna,Sevilla,3,4,es.1,FALSE
2017-01-22,Athletic Club,Club Atlético de Madrid,2,2,es.1,FALSE
2017-01-22,Real Betis Balompié,Sporting Gijón,0,0,es.1,FALSE
2017-01-22,Real Sociedad de Fútbol,RC Celta de Vigo,1,0,es.1,FALSE
2017-01-22,SD Eibar,FC Barcelona,0,4,es.1,FALSE
2017-01-22,Juventus,SS Lazio,2,0,it.1,FALSE
2017-01-22,Genoa CFC,FC Crotone,2,2,it.1,FALSE
2017-01-22,US Palermo,FC Internazionale Milano,0,1,it.1,FALSE
2017-01-22,Delfino Pescara,US Sassuolo Calcio,1,3,it.1,FALSE
2017-01-22,Bologna FC 1909,Torino,2,0,it.1,FALSE
2017-01-22,Empoli,Udinese Calcio,1,0,it.1,FALSE
2017-01-22,Atalanta BC,Sampdoria,1,0,it.1,FALSE
2017-01-22,AS Roma,Cagliari Calcio,1,0,it.1,FALSE
2017-01-22,Bayer 04 Leverkusen,Hertha BSC,3,1,de.1,FALSE
2017-01-22,1. FSV Mainz 05,1. FC Köln,0,0,de.1,FALSE
2017-01-27,CA Osasuna,Málaga CF,1,1,es.1,FALSE
2017-01-27,FC Schalke 04,Eintracht Frankfurt,0,1,de.1,FALSE
2017-01-28,Villarreal CF,Granada CF,2,0,es.1,FALSE
2017-01-28,Deportivo Alavés,Club Atlético de Madrid,0,0,es.1,FALSE
2017-01-28,SD Eibar,Deportivo La Coruña,3,1,es.1,FALSE
2017-01-28,CD Leganés,RC Celta de Vigo,0,2,es.1,FALSE
2017-01-28,SS Lazio,Chievo Verona,0,1,it.1,FALSE
2017-01-28,FC Internazionale Milano,Delfino Pescara,3,0,it.1,FALSE
2017-01-28,SV Werder Bremen,FC Bayern München,1,2,de.1,FALSE
2017-01-28,RB Leipzig,TSG 1899 Hoffenheim,2,1,de.1,FALSE
2017-01-28,VfL Wolfsburg,FC Augsburg,1,2,de.1,FALSE
2017-01-28,FC Ingolstadt 04,Hamburger SV,3,1,de.1,FALSE
2017-01-28,SV Darmstadt 98,1. FC Köln,1,6,de.1,FALSE
2017-01-28,Bayer 04 Leverkusen,Borussia Mönchengladbach,2,3,de.1,FALSE
2017-01-29,Real Betis Balompié,FC Barcelona,1,1,es.1,FALSE
2017-01-29,RCD Espanyol de Barcelona,Sevilla,3,1,es.1,FALSE
2017-01-29,Athletic Club,Sporting Gijón,2,1,es.1,FALSE
2017-01-29,Real Madrid CF,Real Sociedad de Fútbol,3,0,es.1,FALSE
2017-01-29,Torino,Atalanta BC,1,1,it.1,FALSE
2017-01-29,Cagliari Calcio,Bologna FC 1909,1,1,it.1,FALSE
2017-01-29,FC Crotone,Empoli,4,1,it.1,FALSE
2017-01-29,ACF Fiorentina,Genoa CFC,3,3,it.1,FALSE
2017-01-29,US Sassuolo Calcio,Juventus,0,2,it.1,FALSE
2017-01-29,Udinese Calcio,AC Milan,2,1,it.1,FALSE
2017-01-29,Sampdoria,AS Roma,3,2,it.1,FALSE
2017-01-29,SSC Napoli,US Palermo,1,1,it.1,FALSE
2017-01-29,SC Freiburg,Hertha BSC,2,1,de.1,FALSE
2017-01-29,1. FSV Mainz 05,Borussia Dortmund,1,1,de.1,FALSE
2017-01-30,UD Las Palmas,Valencia CF,3,1,es.1,FALSE
2017-01-31,Arsenal,Watford,1,2,en.1,FALSE
2017-01-31,Burnley,Leicester City,1,0,en.1,FALSE
2017-01-31,Middlesbrough,West Bromwich Albion,1,1,en.1,FALSE
2017-01-31,Sunderland,Tottenham Hotspur,0,0,en.1,FALSE
2017-01-31,Swansea City,Southampton,2,1,en.1,FALSE
2017-01-31,Liverpool,Chelsea,1,1,en.1,FALSE
2017-01-31,AFC Bournemouth,Crystal Palace,0,2,en.1,FALSE
2017-02-01,West Ham United,Manchester City,0,4,en.1,FALSE
2017-02-01,Manchester United,Hull City,0,0,en.1,FALSE
2017-02-01,Stoke City,Everton,1,1,en.1,FALSE
2017-02-01,Delfino Pescara,ACF Fiorentina,1,2,it.1,FALSE
2017-02-03,Hamburger SV,Bayer 04 Leverkusen,1,0,de.1,FALSE
2017-02-04,Crystal Palace,Sunderland,0,4,en.1,FALSE
2017-02-04,Everton,AFC Bournemouth,6,3,en.1,FALSE
2017-02-04,Hull City,Liverpool,2,0,en.1,FALSE
2017-02-04,Southampton,West Ham United,1,3,en.1,FALSE
2017-02-04,Watford,Burnley,2,1,en.1,FALSE
2017-02-04,West Bromwich Albion,Stoke City,1,0,en.1,FALSE
2017-02-04,Tottenham Hotspur,Middlesbrough,1,0,en.1,FALSE
2017-02-04,Chelsea,Arsenal,3,1,en.1,FALSE
2017-02-04,Málaga CF,RCD Espanyol de Barcelona,0,1,es.1,FALSE
2017-02-04,FC Barcelona,Athletic Club,3,0,es.1,FALSE
2017-02-04,Club Atlético de Madrid,CD Leganés,2,0,es.1,FALSE
2017-02-04,Valencia CF,SD Eibar,0,4,es.1,FALSE
2017-02-04,Bologna FC 1909,SSC Napoli,1,7,it.1,FALSE
2017-02-04,FC Bayern München,FC Schalke 04,1,1,de.1,FALSE
2017-02-04,TSG 1899 Hoffenheim,1. FSV Mainz 05,4,0,de.1,FALSE
2017-02-04,1. FC Köln,VfL Wolfsburg,1,0,de.1,FALSE
2017-02-04,Hertha BSC,FC Ingolstadt 04,1,0,de.1,FALSE
2017-02-04,Borussia Mönchengladbach,SC Freiburg,3,0,de.1,FALSE
2017-02-04,Borussia Dortmund,RB Leipzig,1,0,de.1,FALSE
2017-02-05,Manchester City,Swansea City,2,1,en.1,FALSE
2017-02-05,Leicester City,Manchester United,0,3,en.1,FALSE
2017-02-05,Sevilla,Villarreal CF,0,0,es.1,FALSE
2017-02-05,Sporting Gijón,Deportivo Alavés,2,4,es.1,FALSE
2017-02-05,Real Sociedad de Fútbol,CA Osasuna,3,2,es.1,FALSE
2017-02-05,AC Milan,Sampdoria,0,1,it.1,FALSE
2017-02-05,Atalanta BC,Cagliari Calcio,2,0,it.1,FALSE
2017-02-05,Delfino Pescara,SS Lazio,2,6,it.1,FALSE
2017-02-05,Genoa CFC,US Sassuolo Calcio,0,1,it.1,FALSE
2017-02-05,Empoli,Torino,1,1,it.1,FALSE
2017-02-05,Chievo Verona,Udinese Calcio,0,0,it.1,FALSE
2017-02-05,US Palermo,FC Crotone,1,0,it.1,FALSE
2017-02-05,Juventus,FC Internazionale Milano,1,0,it.1,FALSE
2017-02-05,FC Augsburg,SV Werder Bremen,3,2,de.1,FALSE
2017-02-05,Eintracht Frankfurt,SV Darmstadt 98,2,0,de.1,FALSE
2017-02-06,Granada CF,UD Las Palmas,1,0,es.1,FALSE
2017-02-07,AS Roma,ACF Fiorentina,4,0,it.1,FALSE
2017-02-08,FC Crotone,Juventus,0,2,it.1,FALSE
2017-02-08,Bologna FC 1909,AC Milan,0,1,it.1,FALSE
2017-02-10,RCD Espanyol de Barcelona,Real Sociedad de Fútbol,1,2,es.1,FALSE
2017-02-10,SSC Napoli,Genoa CFC,2,0,it.1,FALSE
2017-02-10,1. FSV Mainz 05,FC Augsburg,2,0,de.1,FALSE
2017-02-11,Arsenal,Hull City,2,0,en.1,FALSE
2017-02-11,Manchester United,Watford,2,0,en.1,FALSE
2017-02-11,Middlesbrough,Everton,0,0,en.1,FALSE
2017-02-11,Stoke City,Crystal Palace,1,0,en.1,FALSE
2017-02-11,Sunderland,Southampton,0,4,en.1,FALSE
2017-02-11,West Ham United,West Bromwich Albion,2,2,en.1,FALSE
2017-02-11,Liverpool,Tottenham Hotspur,2,0,en.1,FALSE
2017-02-11,Real Betis Balompié,Valencia CF,0,0,es.1,FALSE
2017-02-11,Deportivo Alavés,FC Barcelona,0,6,es.1,FALSE
2017-02-11,Athletic Club,Deportivo La Coruña,2,1,es.1,FALSE
2017-02-11,CA Osasuna,Real Madrid CF,1,3,es.1,FALSE
2017-02-11,ACF Fiorentina,Udinese Calcio,3,0,it.1,FALSE
2017-02-11,FC Ingolstadt 04,FC Bayern München,0,2,de.1,FALSE
2017-02-11,SV Darmstadt 98,Borussia Dortmund,2,1,de.1,FALSE
2017-02-11,SV Werder Bremen,Borussia Mönchengladbach,0,1,de.1,FALSE
2017-02-11,RB Leipzig,Hamburger SV,0,3,de.1,FALSE
2017-02-11,Bayer 04 Leverkusen,Eintracht Frankfurt,3,0,de.1,FALSE
2017-02-11,FC Schalke 04,Hertha BSC,2,0,de.1,FALSE
2017-02-12,Swansea City,Leicester City,2,0,en.1,FALSE
2017-02-12,Burnley,Chelsea,1,1,en.1,FALSE
2017-02-12,Villarreal CF,Málaga CF,1,1,es.1,FALSE
2017-02-12,CD Leganés,Sporting Gijón,0,2,es.1,FALSE
2017-02-12,UD Las Palmas,Sevilla,0,1,es.1,FALSE
2017-02-12,Club Atlético de Madrid,RC Celta de Vigo,3,2,es.1,FALSE
2017-02-12,FC Crotone,AS Roma,0,2,it.1,FALSE
2017-02-12,US Palermo,Atalanta BC,1,3,it.1,FALSE
2017-02-12,US Sassuolo Calcio,Chievo Verona,1,3,it.1,FALSE
2017-02-12,FC Internazionale Milano,Empoli,2,0,it.1,FALSE
2017-02-12,Torino,Delfino Pescara,5,3,it.1,FALSE
2017-02-12,Sampdoria,Bologna FC 1909,3,1,it.1,FALSE
2017-02-12,Cagliari Calcio,Juventus,0,2,it.1,FALSE
2017-02-12,VfL Wolfsburg,TSG 1899 Hoffenheim,2,1,de.1,FALSE
2017-02-12,SC Freiburg,1. FC Köln,2,1,de.1,FALSE
2017-02-13,AFC Bournemouth,Manchester City,0,2,en.1,FALSE
2017-02-13,SD Eibar,Granada CF,4,0,es.1,FALSE
2017-02-13,SS Lazio,AC Milan,1,1,it.1,FALSE
2017-02-14,SL Benfica,Borussia Dortmund,1,0,uefa.cl,FALSE
2017-02-14,Paris Saint-Germain,FC Barcelona,4,0,uefa.cl,FALSE
2017-02-15,Real Madrid CF,SSC Napoli,3,1,uefa.cl,FALSE
2017-02-15,FC Bayern München,Arsenal,5,1,uefa.cl,FALSE
2017-02-17,Granada CF,Real Betis Balompié,4,1,es.1,FALSE
2017-02-17,Juventus,US Palermo,4,1,it.1,FALSE
2017-02-17,FC Augsburg,Bayer 04 Leverkusen,1,3,de.1,FALSE
2017-02-18,Sporting Gijón,Club Atlético de Madrid,1,4,es.1,FALSE
2017-02-18,Real Madrid CF,RCD Espanyol de Barcelona,2,0,es.1,FALSE
2017-02-18,Deportivo La Coruña,Deportivo Alavés,0,1,es.1,FALSE
2017-02-18,Sevilla,SD Eibar,2,0,es.1,FALSE
2017-02-18,Atalanta BC,FC Crotone,1,0,it.1,FALSE
2017-02-18,Empoli,SS Lazio,1,2,it.1,FALSE
2017-02-18,Hertha BSC,FC Bayern München,1,1,de.1,FALSE
2017-02-18,Borussia Dortmund,VfL Wolfsburg,3,0,de.1,FALSE
2017-02-18,Eintracht Frankfurt,FC Ingolstadt 04,0,2,de.1,FALSE
2017-02-18,1. FSV Mainz 05,SV Werder Bremen,0,2,de.1,FALSE
2017-02-18,TSG 1899 Hoffenheim,SV Darmstadt 98,2,0,de.1,FALSE
2017-02-18,Hamburger SV,SC Freiburg,2,2,de.1,FALSE
2017-02-19,Real Sociedad de Fútbol,Villarreal CF,0,1,es.1,FALSE
2017-02-19,Valencia CF,Athletic Club,2,0,es.1,FALSE
2017-02-19,RC Celta de Vigo,CA Osasuna,3,0,es.1,FALSE
2017-02-19,FC Barcelona,CD Leganés,2,1,es.1,FALSE
2017-02-19,Bologna FC 1909,FC Internazionale Milano,0,1,it.1,FALSE
2017-02-19,Sampdoria,Cagliari Calcio,1,1,it.1,FALSE
2017-02-19,Delfino Pescara,Genoa CFC,5,0,it.1,FALSE
2017-02-19,Chievo Verona,SSC Napoli,1,3,it.1,FALSE
2017-02-19,Udinese Calcio,US Sassuolo Calcio,1,2,it.1,FALSE
2017-02-19,AS Roma,Torino,4,1,it.1,FALSE
2017-02-19,AC Milan,ACF Fiorentina,2,1,it.1,FALSE
2017-02-19,Borussia Mönchengladbach,RB Leipzig,1,2,de.1,FALSE
2017-02-19,1. FC Köln,FC Schalke 04,1,1,de.1,FALSE
2017-02-20,Málaga CF,UD Las Palmas,2,1,es.1,FALSE
2017-02-21,Manchester City,AS Monaco,5,3,uefa.cl,FALSE
2017-02-21,Bayer 04 Leverkusen,Club Atlético de Madrid,2,4,uefa.cl,FALSE
2017-02-22,Valencia CF,Real Madrid CF,2,1,es.1,FALSE
2017-02-22,FC Porto,Juventus,0,2,uefa.cl,FALSE
2017-02-22,Sevilla,Leicester City,2,1,uefa.cl,FALSE
2017-02-24,UD Las Palmas,Real Sociedad de Fútbol,0,1,es.1,FALSE
2017-02-24,VfL Wolfsburg,SV Werder Bremen,1,2,de.1,FALSE
2017-02-25,Crystal Palace,Middlesbrough,1,0,en.1,FALSE
2017-02-25,Everton,Sunderland,2,0,en.1,FALSE
2017-02-25,Hull City,Burnley,1,1,en.1,FALSE
2017-02-25,West Bromwich Albion,AFC Bournemouth,2,1,en.1,FALSE
2017-02-25,Watford,West Ham United,1,1,en.1,FALSE
2017-02-25,Chelsea,Swansea City,3,1,en.1,FALSE
2017-02-25,Deportivo Alavés,Valencia CF,2,1,es.1,FALSE
2017-02-25,Real Betis Balompié,Sevilla,1,2,es.1,FALSE
2017-02-25,CD Leganés,Deportivo La Coruña,4,0,es.1,FALSE
2017-02-25,SD Eibar,Málaga CF,3,0,es.1,FALSE
2017-02-25,SSC Napoli,Atalanta BC,0,2,it.1,FALSE
2017-02-25,Juventus,Empoli,2,0,it.1,FALSE
2017-02-25,SC Freiburg,Borussia Dortmund,0,3,de.1,FALSE
2017-02-25,Bayer 04 Leverkusen,1. FSV Mainz 05,0,2,de.1,FALSE
2017-02-25,RB Leipzig,1. FC Köln,3,1,de.1,FALSE
2017-02-25,FC Bayern München,Hamburger SV,8,0,de.1,FALSE
2017-02-25,SV Darmstadt 98,FC Augsburg,1,2,de.1,FALSE
2017-02-25,Hertha BSC,Eintracht Frankfurt,2,0,de.1,FALSE
2017-02-26,Tottenham Hotspur,Stoke City,4,0,en.1,FALSE
2017-02-26,RCD Espanyol de Barcelona,CA Osasuna,3,0,es.1,FALSE
2017-02-26,Club Atlético de Madrid,FC Barcelona,1,2,es.1,FALSE
2017-02-26,Athletic Club,Granada CF,3,1,es.1,FALSE
2017-02-26,Sporting Gijón,RC Celta de Vigo,1,1,es.1,FALSE
2017-02-26,Villarreal CF,Real Madrid CF,2,3,es.1,FALSE
2017-02-26,US Palermo,Sampdoria,1,1,it.1,FALSE
2017-02-26,Genoa CFC,Bologna FC 1909,1,1,it.1,FALSE
2017-02-26,FC Crotone,Cagliari Calcio,1,2,it.1,FALSE
2017-02-26,US Sassuolo Calcio,AC Milan,0,1,it.1,FALSE
2017-02-26,Chievo Verona,Delfino Pescara,2,0,it.1,FALSE
2017-02-26,SS Lazio,Udinese Calcio,1,0,it.1,FALSE
2017-02-26,FC Internazionale Milano,AS Roma,1,3,it.1,FALSE
2017-02-26,FC Ingolstadt 04,Borussia Mönchengladbach,0,2,de.1,FALSE
2017-02-26,FC Schalke 04,TSG 1899 Hoffenheim,1,1,de.1,FALSE
2017-02-27,Leicester City,Liverpool,3,1,en.1,FALSE
2017-02-27,ACF Fiorentina,Torino,2,2,it.1,FALSE
2017-02-28,Real Sociedad de Fútbol,SD Eibar,2,2,es.1,FALSE
2017-02-28,Málaga CF,Real Betis Balompié,1,2,es.1,FALSE
2017-02-28,Valencia CF,CD Leganés,1,0,es.1,FALSE
2017-03-01,CA Osasuna,Villarreal CF,1,4,es.1,FALSE
2017-03-01,FC Barcelona,Sporting Gijón,6,1,es.1,FALSE
2017-03-01,RC Celta de Vigo,RCD Espanyol de Barcelona,2,2,es.1,FALSE
2017-03-01,Real Madrid CF,UD Las Palmas,3,3,es.1,FALSE
2017-03-01,Granada CF,Deportivo Alavés,2,1,es.1,FALSE
2017-03-02,Deportivo La Coruña,Club Atlético de Madrid,1,1,es.1,FALSE
2017-03-02,Sevilla,Athletic Club,1,0,es.1,FALSE
2017-03-03,Real Betis Balompié,Real Sociedad de Fútbol,2,3,es.1,FALSE
2017-03-03,FC Augsburg,RB Leipzig,2,2,de.1,FALSE
2017-03-04,Liverpool,Arsenal,3,1,en.1,FALSE
2017-03-04,West Bromwich Albion,Crystal Palace,0,2,en.1,FALSE
2017-03-04,Manchester United,AFC Bournemouth,1,1,en.1,FALSE
2017-03-04,Leicester City,Hull City,3,1,en.1,FALSE
2017-03-04,Stoke City,Middlesbrough,2,0,en.1,FALSE
2017-03-04,Swansea City,Burnley,3,2,en.1,FALSE
2017-03-04,Watford,Southampton,3,4,en.1,FALSE
2017-03-04,CD Leganés,Granada CF,1,0,es.1,FALSE
2017-03-04,SD Eibar,Real Madrid CF,1,4,es.1,FALSE
2017-03-04,Villarreal CF,RCD Espanyol de Barcelona,2,0,es.1,FALSE
2017-03-04,FC Barcelona,RC Celta de Vigo,5,0,es.1,FALSE
2017-03-04,AS Roma,SSC Napoli,1,2,it.1,FALSE
2017-03-04,Sampdoria,Delfino Pescara,3,1,it.1,FALSE
2017-03-04,AC Milan,Chievo Verona,3,1,it.1,FALSE
2017-03-04,1. FC Köln,FC Bayern München,0,3,de.1,FALSE
2017-03-04,Borussia Dortmund,Bayer 04 Leverkusen,6,2,de.1,FALSE
2017-03-04,1. FSV Mainz 05,VfL Wolfsburg,1,1,de.1,FALSE
2017-03-04,TSG 1899 Hoffenheim,FC Ingolstadt 04,5,2,de.1,FALSE
2017-03-04,SV Werder Bremen,SV Darmstadt 98,2,0,de.1,FALSE
2017-03-04,Borussia Mönchengladbach,FC Schalke 04,4,2,de.1,FALSE
2017-03-05,Sunderland,Manchester City,0,2,en.1,FALSE
2017-03-05,Tottenham Hotspur,Everton,3,2,en.1,FALSE
2017-03-05,Sporting Gijón,Deportivo La Coruña,0,1,es.1,FALSE
2017-03-05,Club Atlético de Madrid,Valencia CF,3,0,es.1,FALSE
2017-03-05,UD Las Palmas,CA Osasuna,5,2,es.1,FALSE
2017-03-05,Athletic Club,Málaga CF,1,0,es.1,FALSE
2017-03-05,Atalanta BC,ACF Fiorentina,0,0,it.1,FALSE
2017-03-05,Empoli,Genoa CFC,0,2,it.1,FALSE
2017-03-05,Cagliari Calcio,FC Internazionale Milano,1,5,it.1,FALSE
2017-03-05,Udinese Calcio,Juventus,1,1,it.1,FALSE
2017-03-05,Torino,US Palermo,3,1,it.1,FALSE
2017-03-05,FC Crotone,US Sassuolo Calcio,0,0,it.1,FALSE
2017-03-05,Bologna FC 1909,SS Lazio,0,2,it.1,FALSE
2017-03-05,Eintracht Frankfurt,SC Freiburg,1,2,de.1,FALSE
2017-03-05,Hamburger SV,Hertha BSC,1,0,de.1,FALSE
2017-03-06,West Ham United,Chelsea,1,2,en.1,FALSE
2017-03-06,Deportivo Alavés,Sevilla,1,1,es.1,FALSE
2017-03-07,SSC Napoli,Real Madrid CF,1,3,uefa.cl,FALSE
2017-03-07,Arsenal,FC Bayern München,1,5,uefa.cl,FALSE
2017-03-08,Manchester City,Stoke City,0,0,en.1,FALSE
2017-03-08,Deportivo La Coruña,Real Betis Balompié,1,1,es.1,FALSE
2017-03-08,Borussia Dortmund,SL Benfica,4,0,uefa.cl,FALSE
2017-03-08,FC Barcelona,Paris Saint-Germain,6,1,uefa.cl,FALSE
2017-03-10,RCD Espanyol de Barcelona,UD Las Palmas,4,3,es.1,FALSE
2017-03-10,Juventus,AC Milan,2,1,it.1,FALSE
2017-03-10,Bayer 04 Leverkusen,SV Werder Bremen,1,1,de.1,FALSE
2017-03-11,Hull City,Swansea City,2,1,en.1,FALSE
2017-03-11,Everton,West Bromwich Albion,3,0,en.1,FALSE
2017-03-11,AFC Bournemouth,West Ham United,3,2,en.1,FALSE
2017-03-11,Valencia CF,Sporting Gijón,1,1,es.1,FALSE
2017-03-11,Sevilla,CD Leganés,1,1,es.1,FALSE
2017-03-11,Málaga CF,Deportivo Alavés,1,2,es.1,FALSE
2017-03-11,Granada CF,Club Atlético de Madrid,0,1,es.1,FALSE
2017-03-11,Genoa CFC,Sampdoria,0,1,it.1,FALSE
2017-03-11,Hertha BSC,Borussia Dortmund,2,1,de.1,FALSE
2017-03-11,SV Darmstadt 98,1. FSV Mainz 05,2,1,de.1,FALSE
2017-03-11,RB Leipzig,VfL Wolfsburg,0,1,de.1,FALSE
2017-03-11,SC Freiburg,TSG 1899 Hoffenheim,1,1,de.1,FALSE
2017-03-11,FC Bayern München,Eintracht Frankfurt,3,0,de.1,FALSE
2017-03-11,FC Ingolstadt 04,1. FC Köln,2,2,de.1,FALSE
2017-03-12,Liverpool,Burnley,2,1,en.1,FALSE
2017-03-12,Real Sociedad de Fútbol,Athletic Club,0,2,es.1,FALSE
2017-03-12,Deportivo La Coruña,FC Barcelona,2,1,es.1,FALSE
2017-03-12,RC Celta de Vigo,Villarreal CF,0,1,es.1,FALSE
2017-03-12,Real Madrid CF,Real Betis Balompié,2,1,es.1,FALSE
2017-03-12,US Sassuolo Calcio,Bologna FC 1909,0,1,it.1,FALSE
2017-03-12,FC Internazionale Milano,Atalanta BC,7,1,it.1,FALSE
2017-03-12,ACF Fiorentina,Cagliari Calcio,1,0,it.1,FALSE
2017-03-12,SSC Napoli,FC Crotone,3,0,it.1,FALSE
2017-03-12,Chievo Verona,Empoli,4,0,it.1,FALSE
2017-03-12,Delfino Pescara,Udinese Calcio,1,3,it.1,FALSE
2017-03-12,US Palermo,AS Roma,0,3,it.1,FALSE
2017-03-12,FC Schalke 04,FC Augsburg,3,0,de.1,FALSE
2017-03-12,Hamburger SV,Borussia Mönchengladbach,2,1,de.1,FALSE
2017-03-13,CA Osasuna,SD Eibar,1,1,es.1,FALSE
2017-03-13,SS Lazio,Torino,3,1,it.1,FALSE
2017-03-14,Juventus,FC Porto,1,0,uefa.cl,FALSE
2017-03-14,Leicester City,Sevilla,2,0,uefa.cl,FALSE
2017-03-15,AS Monaco,Manchester City,3,1,uefa.cl,FALSE
2017-03-15,Club Atlético de Madrid,Bayer 04 Leverkusen,0,0,uefa.cl,FALSE
2017-03-17,UD Las Palmas,Villarreal CF,1,0,es.1,FALSE
2017-03-17,Borussia Dortmund,FC Ingolstadt 04,1,0,de.1,FALSE
2017-03-18,Crystal Palace,Watford,1,0,en.1,FALSE
2017-03-18,Everton,Hull City,4,0,en.1,FALSE
2017-03-18,West Bromwich Albion,Arsenal,3,1,en.1,FALSE
2017-03-18,AFC Bournemouth,Swansea City,2,0,en.1,FALSE
2017-03-18,West Ham United,Leicester City,2,3,en.1,FALSE
2017-03-18,Sunderland,Burnley,0,0,en.1,FALSE
2017-03-18,Stoke City,Chelsea,1,2,en.1,FALSE
2017-03-18,SD Eibar,RCD Espanyol de Barcelona,1,1,es.1,FALSE
2017-03-18,Athletic Club,Real Madrid CF,1,2,es.1,FALSE
2017-03-18,Deportivo Alavés,Real Sociedad de Fútbol,1,0,es.1,FALSE
2017-03-18,Real Betis Balompié,CA Osasuna,2,0,es.1,FALSE
2017-03-18,Torino,FC Internazionale Milano,2,2,it.1,FALSE
2017-03-18,AC Milan,Genoa CFC,1,0,it.1,FALSE
2017-03-18,TSG 1899 Hoffenheim,Bayer 04 Leverkusen,1,0,de.1,FALSE
2017-03-18,1. FC Köln,Hertha BSC,4,2,de.1,FALSE
2017-03-18,VfL Wolfsburg,SV Darmstadt 98,1,0,de.1,FALSE
2017-03-18,SV Werder Bremen,RB Leipzig,3,0,de.1,FALSE
2017-03-18,FC Augsburg,SC Freiburg,1,1,de.1,FALSE
2017-03-18,Eintracht Frankfurt,Hamburger SV,0,0,de.1,FALSE
2017-03-19,Manchester City,Liverpool,1,1,en.1,FALSE
2017-03-19,Tottenham Hotspur,Southampton,2,1,en.1,FALSE
2017-03-19,Middlesbrough,Manchester United,1,3,en.1,FALSE
2017-03-19,CD Leganés,Málaga CF,0,0,es.1,FALSE
2017-03-19,Club Atlético de Madrid,Sevilla,3,1,es.1,FALSE
2017-03-19,Sporting Gijón,Granada CF,3,1,es.1,FALSE
2017-03-19,Deportivo La Coruña,RC Celta de Vigo,0,1,es.1,FALSE
2017-03-19,FC Barcelona,Valencia CF,4,2,es.1,FALSE
2017-03-19,Empoli,SSC Napoli,2,3,it.1,FALSE
2017-03-19,Bologna FC 1909,Chievo Verona,4,1,it.1,FALSE
2017-03-19,FC Crotone,ACF Fiorentina,0,1,it.1,FALSE
2017-03-19,Sampdoria,Juventus,0,1,it.1,FALSE
2017-03-19,Cagliari Calcio,SS Lazio,0,0,it.1,FALSE
2017-03-19,Atalanta BC,Delfino Pescara,3,0,it.1,FALSE
2017-03-19,Udinese Calcio,US Palermo,4,1,it.1,FALSE
2017-03-19,AS Roma,US Sassuolo Calcio,3,1,it.1,FALSE
2017-03-19,1. FSV Mainz 05,FC Schalke 04,0,1,de.1,FALSE
2017-03-19,Borussia Mönchengladbach,FC Bayern München,0,1,de.1,FALSE
2017-03-31,RCD Espanyol de Barcelona,Real Betis Balompié,2,1,es.1,FALSE
2017-03-31,Hertha BSC,TSG 1899 Hoffenheim,1,3,de.1,FALSE
2017-04-01,Hull City,West Ham United,2,1,en.1,FALSE
2017-04-01,Leicester City,Stoke City,2,0,en.1,FALSE
2017-04-01,Chelsea,Crystal Palace,1,2,en.1,FALSE
2017-04-01,Burnley,Tottenham Hotspur,0,2,en.1,FALSE
2017-04-01,Southampton,AFC Bournemouth,0,0,en.1,FALSE
2017-04-01,Watford,Sunderland,1,0,en.1,FALSE
2017-04-01,Manchester United,West Bromwich Albion,0,0,en.1,FALSE
2017-04-01,Liverpool,Everton,3,1,en.1,FALSE
2017-04-01,Villarreal CF,SD Eibar,2,3,es.1,FALSE
2017-04-01,CA Osasuna,Athletic Club,1,2,es.1,FALSE
2017-04-01,Real Sociedad de Fútbol,CD Leganés,1,1,es.1,FALSE
2017-04-01,Málaga CF,Club Atlético de Madrid,0,2,es.1,FALSE
2017-04-01,US Sassuolo Calcio,SS Lazio,1,2,it.1,FALSE
2017-04-01,AS Roma,Empoli,2,0,it.1,FALSE
2017-04-01,FC Schalke 04,Borussia Dortmund,1,1,de.1,FALSE
2017-04-01,Hamburger SV,1. FC Köln,2,1,de.1,FALSE
2017-04-01,FC Bayern München,FC Augsburg,6,0,de.1,FALSE
2017-04-01,SC Freiburg,SV Werder Bremen,2,5,de.1,FALSE
2017-04-01,RB Leipzig,SV Darmstadt 98,4,0,de.1,FALSE
2017-04-01,Eintracht Frankfurt,Borussia Mönchengladbach,0,0,de.1,FALSE
2017-04-02,Arsenal,Manchester City,2,2,en.1,FALSE
2017-04-02,Swansea City,Middlesbrough,0,0,en.1,FALSE
2017-04-02,Sevilla,Sporting Gijón,0,0,es.1,FALSE
2017-04-02,Real Madrid CF,Deportivo Alavés,3,0,es.1,FALSE
2017-04-02,Valencia CF,Deportivo La Coruña,3,0,es.1,FALSE
2017-04-02,Granada CF,FC Barcelona,1,4,es.1,FALSE
2017-04-02,Torino,Udinese Calcio,2,2,it.1,FALSE
2017-04-02,Genoa CFC,Atalanta BC,0,5,it.1,FALSE
2017-04-02,ACF Fiorentina,Bologna FC 1909,1,0,it.1,FALSE
2017-04-02,US Palermo,Cagliari Calcio,1,3,it.1,FALSE
2017-04-02,Chievo Verona,FC Crotone,1,2,it.1,FALSE
2017-04-02,Delfino Pescara,AC Milan,1,1,it.1,FALSE
2017-04-02,SSC Napoli,Juventus,1,1,it.1,FALSE
2017-04-02,FC Ingolstadt 04,1. FSV Mainz 05,2,1,de.1,FALSE
2017-04-02,Bayer 04 Leverkusen,VfL Wolfsburg,3,3,de.1,FALSE
2017-04-03,RC Celta de Vigo,UD Las Palmas,3,1,es.1,FALSE
2017-04-03,FC Internazionale Milano,Sampdoria,1,2,it.1,FALSE
2017-04-04,Burnley,Stoke City,1,0,en.1,FALSE
2017-04-04,Manchester United,Everton,1,1,en.1,FALSE
2017-04-04,Leicester City,Sunderland,2,0,en.1,FALSE
2017-04-04,Watford,West Bromwich Albion,2,0,en.1,FALSE
2017-04-04,Athletic Club,RCD Espanyol de Barcelona,2,0,es.1,FALSE
2017-04-04,Real Betis Balompié,Villarreal CF,0,1,es.1,FALSE
2017-04-04,Club Atlético de Madrid,Real Sociedad de Fútbol,1,0,es.1,FALSE
2017-04-04,TSG 1899 Hoffenheim,FC Bayern München,1,0,de.1,FALSE
2017-04-04,SV Werder Bremen,FC Schalke 04,3,0,de.1,FALSE
2017-04-04,Borussia Dortmund,Hamburger SV,3,0,de.1,FALSE
2017-04-04,1. FC Köln,Eintracht Frankfurt,1,0,de.1,FALSE
2017-04-05,Southampton,Crystal Palace,3,1,en.1,FALSE
2017-04-05,Chelsea,Manchester City,2,1,en.1,FALSE
2017-04-05,Liverpool,AFC Bournemouth,2,2,en.1,FALSE
2017-04-05,Arsenal,West Ham United,3,0,en.1,FALSE
2017-04-05,Swansea City,Tottenham Hotspur,1,3,en.1,FALSE
2017-04-05,Hull City,Middlesbrough,4,2,en.1,FALSE
2017-04-05,FC Barcelona,Sevilla,3,0,es.1,FALSE
2017-04-05,Deportivo Alavés,CA Osasuna,0,1,es.1,FALSE
2017-04-05,Sporting Gijón,Málaga CF,0,1,es.1,FALSE
2017-04-05,Deportivo La Coruña,Granada CF,0,0,es.1,FALSE
2017-04-05,CD Leganés,Real Madrid CF,2,4,es.1,FALSE
2017-04-05,SV Darmstadt 98,Bayer 04 Leverkusen,0,2,de.1,FALSE
2017-04-05,Borussia Mönchengladbach,Hertha BSC,1,0,de.1,FALSE
2017-04-05,FC Augsburg,FC Ingolstadt 04,2,3,de.1,FALSE
2017-04-05,VfL Wolfsburg,SC Freiburg,0,1,de.1,FALSE
2017-04-05,1. FSV Mainz 05,RB Leipzig,2,3,de.1,FALSE
2017-04-06,SD Eibar,UD Las Palmas,3,1,es.1,FALSE
2017-04-06,Valencia CF,RC Celta de Vigo,3,2,es.1,FALSE
2017-04-07,Villarreal CF,Athletic Club,3,1,es.1,FALSE
2017-04-07,Eintracht Frankfurt,SV Werder Bremen,2,2,de.1,FALSE
2017-04-08,Tottenham Hotspur,Watford,4,0,en.1,FALSE
2017-04-08,AFC Bournemouth,Chelsea,1,3,en.1,FALSE
2017-04-08,West Ham United,Swansea City,1,0,en.1,FALSE
2017-04-08,West Bromwich Albion,Southampton,0,1,en.1,FALSE
2017-04-08,Stoke City,Liverpool,1,2,en.1,FALSE
2017-04-08,Middlesbrough,Burnley,0,0,en.1,FALSE
2017-04-08,Manchester City,Hull City,3,1,en.1,FALSE
2017-04-08,RCD Espanyol de Barcelona,Deportivo Alavés,1,0,es.1,FALSE
2017-04-08,Real Madrid CF,Club Atlético de Madrid,1,1,es.1,FALSE
2017-04-08,Sevilla,Deportivo La Coruña,4,2,es.1,FALSE
2017-04-08,Málaga CF,FC Barcelona,2,0,es.1,FALSE
2017-04-08,Empoli,Delfino Pescara,1,1,it.1,FALSE
2017-04-08,Atalanta BC,US Sassuolo Calcio,1,1,it.1,FALSE
2017-04-08,Juventus,Chievo Verona,2,0,it.1,FALSE
2017-04-08,RB Leipzig,Bayer 04 Leverkusen,1,0,de.1,FALSE
2017-04-08,1. FC Köln,Borussia Mönchengladbach,2,3,de.1,FALSE
2017-04-08,SC Freiburg,1. FSV Mainz 05,1,0,de.1,FALSE
2017-04-08,FC Schalke 04,VfL Wolfsburg,4,1,de.1,FALSE
2017-04-08,Hamburger SV,TSG 1899 Hoffenheim,2,1,de.1,FALSE
2017-04-08,FC Bayern München,Borussia Dortmund,4,1,de.1,FALSE
2017-04-09,Sunderland,Manchester United,0,3,en.1,FALSE
2017-04-09,Everton,Leicester City,4,2,en.1,FALSE
2017-04-09,Granada CF,Valencia CF,1,3,es.1,FALSE
2017-04-09,RC Celta de Vigo,SD Eibar,0,2,es.1,FALSE
2017-04-09,CA Osasuna,CD Leganés,2,1,es.1,FALSE
2017-04-09,UD Las Palmas,Real Betis Balompié,4,1,es.1,FALSE
2017-04-09,Sampdoria,ACF Fiorentina,2,2,it.1,FALSE
2017-04-09,Udinese Calcio,Genoa CFC,3,0,it.1,FALSE
2017-04-09,FC Crotone,FC Internazionale Milano,2,1,it.1,FALSE
2017-04-09,AC Milan,US Palermo,4,0,it.1,FALSE
2017-04-09,Bologna FC 1909,AS Roma,0,3,it.1,FALSE
2017-04-09,Cagliari Calcio,Torino,2,3,it.1,FALSE
2017-04-09,SS Lazio,SSC Napoli,0,3,it.1,FALSE
2017-04-09,Hertha BSC,FC Augsburg,2,0,de.1,FALSE
2017-04-09,FC Ingolstadt 04,SV Darmstadt 98,3,2,de.1,FALSE
2017-04-10,Crystal Palace,Arsenal,3,0,en.1,FALSE
2017-04-10,Real Sociedad de Fútbol,Sporting Gijón,3,1,es.1,FALSE
2017-04-11,Juventus,FC Barcelona,3,0,uefa.cl,FALSE
2017-04-12,Borussia Dortmund,AS Monaco,2,3,uefa.cl,FALSE
2017-04-12,Club Atlético de Madrid,Leicester City,1,0,uefa.cl,FALSE
2017-04-12,FC Bayern München,Real Madrid CF,1,2,uefa.cl,FALSE
2017-04-14,Athletic Club,UD Las Palmas,5,1,es.1,FALSE
2017-04-15,Everton,Burnley,3,1,en.1,FALSE
2017-04-15,Crystal Palace,Leicester City,2,2,en.1,FALSE
2017-04-15,Tottenham Hotspur,AFC Bournemouth,4,0,en.1,FALSE
2017-04-15,Southampton,Manchester City,0,3,en.1,FALSE
2017-04-15,Stoke City,Hull City,3,1,en.1,FALSE
2017-04-15,Sunderland,West Ham United,2,2,en.1,FALSE
2017-04-15,Watford,Swansea City,1,0,en.1,FALSE
2017-04-15,Deportivo La Coruña,Málaga CF,2,0,es.1,FALSE
2017-04-15,Sporting Gijón,Real Madrid CF,2,3,es.1,FALSE
2017-04-15,Club Atlético de Madrid,CA Osasuna,3,0,es.1,FALSE
2017-04-15,FC Barcelona,Real Sociedad de Fútbol,3,2,es.1,FALSE
2017-04-15,FC Internazionale Milano,AC Milan,2,2,it.1,FALSE
2017-04-15,AS Roma,Atalanta BC,1,1,it.1,FALSE
2017-04-15,US Palermo,Bologna FC 1909,0,0,it.1,FALSE
2017-04-15,Cagliari Calcio,Chievo Verona,4,0,it.1,FALSE
2017-04-15,Torino,FC Crotone,1,1,it.1,FALSE
2017-04-15,ACF Fiorentina,Empoli,1,2,it.1,FALSE
2017-04-15,Delfino Pescara,Juventus,0,2,it.1,FALSE
2017-04-15,Genoa CFC,SS Lazio,2,2,it.1,FALSE
2017-04-15,US Sassuolo Calcio,Sampdoria,2,1,it.1,FALSE
2017-04-15,SSC Napoli,Udinese Calcio,3,0,it.1,FALSE
2017-04-15,TSG 1899 Hoffenheim,Borussia Mönchengladbach,5,3,de.1,FALSE
2017-04-15,1. FSV Mainz 05,Hertha BSC,1,0,de.1,FALSE
2017-04-15,FC Augsburg,1. FC Köln,2,1,de.1,FALSE
2017-04-15,VfL Wolfsburg,FC Ingolstadt 04,3,0,de.1,FALSE
2017-04-15,Borussia Dortmund,Eintracht Frankfurt,3,1,de.1,FALSE
2017-04-15,RB Leipzig,SC Freiburg,4,0,de.1,FALSE
2017-04-15,Bayer 04 Leverkusen,FC Bayern München,0,0,de.1,FALSE
2017-04-16,Manchester United,Chelsea,2,0,en.1,FALSE
2017-04-16,West Bromwich Albion,Liverpool,0,1,en.1,FALSE
2017-04-16,CD Leganés,RCD Espanyol de Barcelona,0,1,es.1,FALSE
2017-04-16,Valencia CF,Sevilla,0,0,es.1,FALSE
2017-04-16,Real Betis Balompié,SD Eibar,2,0,es.1,FALSE
2017-04-16,Granada CF,RC Celta de Vigo,0,3,es.1,FALSE
2017-04-16,SV Werder Bremen,Hamburger SV,2,1,de.1,FALSE
2017-04-16,SV Darmstadt 98,FC Schalke 04,2,1,de.1,FALSE
2017-04-17,Middlesbrough,Arsenal,1,2,en.1,FALSE
2017-04-17,Deportivo Alavés,Villarreal CF,2,1,es.1,FALSE
2017-04-18,Leicester City,Club Atlético de Madrid,1,1,uefa.cl,FALSE
2017-04-18,Real Madrid CF,FC Bayern München,1,2,uefa.cl,FALSE
2017-04-19,FC Barcelona,Juventus,0,0,uefa.cl,FALSE
2017-04-19,AS Monaco,Borussia Dortmund,3,1,uefa.cl,FALSE
2017-04-21,Sevilla,Granada CF,2,0,es.1,FALSE
2017-04-21,1. FC Köln,TSG 1899 Hoffenheim,1,1,de.1,FALSE
2017-04-22,West Ham United,Everton,0,0,en.1,FALSE
2017-04-22,Swansea City,Stoke City,2,0,en.1,FALSE
2017-04-22,AFC Bournemouth,Middlesbrough,4,0,en.1,FALSE
2017-04-22,Hull City,Watford,2,0,en.1,FALSE
2017-04-22,Málaga CF,Valencia CF,2,0,es.1,FALSE
2017-04-22,Villarreal CF,CD Leganés,2,1,es.1,FALSE
2017-04-22,CA Osasuna,Sporting Gijón,2,2,es.1,FALSE
2017-04-22,RCD Espanyol de Barcelona,Club Atlético de Madrid,0,1,es.1,FALSE
2017-04-22,Atalanta BC,Bologna FC 1909,3,2,it.1,FALSE
2017-04-22,ACF Fiorentina,FC Internazionale Milano,5,4,it.1,FALSE
2017-04-22,FC Bayern München,1. FSV Mainz 05,2,2,de.1,FALSE
2017-04-22,Hertha BSC,VfL Wolfsburg,1,0,de.1,FALSE
2017-04-22,Eintracht Frankfurt,FC Augsburg,3,1,de.1,FALSE
2017-04-22,FC Ingolstadt 04,SV Werder Bremen,2,4,de.1,FALSE
2017-04-22,Hamburger SV,SV Darmstadt 98,1,2,de.1,FALSE
2017-04-22,Borussia Mönchengladbach,Borussia Dortmund,2,3,de.1,FALSE
2017-04-23,Burnley,Manchester United,0,2,en.1,FALSE
2017-04-23,Liverpool,Crystal Palace,1,2,en.1,FALSE
2017-04-23,Real Sociedad de Fútbol,Deportivo La Coruña,1,0,es.1,FALSE
2017-04-23,RC Celta de Vigo,Real Betis Balompié,0,1,es.1,FALSE
2017-04-23,UD Las Palmas,Deportivo Alavés,1,1,es.1,FALSE
2017-04-23,Real Madrid CF,FC Barcelona,2,3,es.1,FALSE
2017-04-23,US Sassuolo Calcio,SSC Napoli,2,2,it.1,FALSE
2017-04-23,Udinese Calcio,Cagliari Calcio,2,1,it.1,FALSE
2017-04-23,Sampdoria,FC Crotone,1,2,it.1,FALSE
2017-04-23,AC Milan,Empoli,1,2,it.1,FALSE
2017-04-23,SS Lazio,US Palermo,6,2,it.1,FALSE
2017-04-23,Chievo Verona,Torino,1,3,it.1,FALSE
2017-04-23,Juventus,Genoa CFC,4,0,it.1,FALSE
2017-04-23,SC Freiburg,Bayer 04 Leverkusen,2,1,de.1,FALSE
2017-04-23,FC Schalke 04,RB Leipzig,1,1,de.1,FALSE
2017-04-24,SD Eibar,Athletic Club,0,1,es.1,FALSE
2017-04-24,Delfino Pescara,AS Roma,1,4,it.1,FALSE
2017-04-25,Chelsea,Southampton,4,2,en.1,FALSE
2017-04-25,Sporting Gijón,RCD Espanyol de Barcelona,1,1,es.1,FALSE
2017-04-25,Granada CF,Málaga CF,0,2,es.1,FALSE
2017-04-25,Club Atlético de Madrid,Villarreal CF,0,1,es.1,FALSE
2017-04-26,Middlesbrough,Sunderland,1,0,en.1,FALSE
2017-04-26,Crystal Palace,Tottenham Hotspur,0,1,en.1,FALSE
2017-04-26,Arsenal,Leicester City,1,0,en.1,FALSE
2017-04-26,FC Barcelona,CA Osasuna,7,1,es.1,FALSE
2017-04-26,CD Leganés,UD Las Palmas,3,0,es.1,FALSE
2017-04-26,Valencia CF,Real Sociedad de Fútbol,2,3,es.1,FALSE
2017-04-26,Deportivo La Coruña,Real Madrid CF,2,6,es.1,FALSE
2017-04-27,Manchester City,Manchester United,0,0,en.1,FALSE
2017-04-27,Deportivo Alavés,SD Eibar,0,0,es.1,FALSE
2017-04-27,Sevilla,RC Celta de Vigo,2,1,es.1,FALSE
2017-04-27,Athletic Club,Real Betis Balompié,2,1,es.1,FALSE
2017-04-28,Villarreal CF,Sporting Gijón,3,1,es.1,FALSE
2017-04-28,Atalanta BC,Juventus,2,2,it.1,FALSE
2017-04-28,Bayer 04 Leverkusen,FC Schalke 04,1,4,de.1,FALSE
2017-04-29,Crystal Palace,Burnley,0,2,en.1,FALSE
2017-04-29,Stoke City,West Ham United,0,0,en.1,FALSE
2017-04-29,Southampton,Hull City,0,0,en.1,FALSE
2017-04-29,West Bromwich Albion,Leicester City,0,1,en.1,FALSE
2017-04-29,Sunderland,AFC Bournemouth,0,1,en.1,FALSE
2017-04-29,Real Sociedad de Fútbol,Granada CF,2,1,es.1,FALSE
2017-04-29,Real Madrid CF,Valencia CF,2,1,es.1,FALSE
2017-04-29,UD Las Palmas,Club Atlético de Madrid,0,5,es.1,FALSE
2017-04-29,RCD Espanyol de Barcelona,FC Barcelona,0,3,es.1,FALSE
2017-04-29,Torino,Sampdoria,1,1,it.1,FALSE
2017-04-29,1. FSV Mainz 05,Borussia Mönchengladbach,1,2,de.1,FALSE
2017-04-29,SV Werder Bremen,Hertha BSC,2,0,de.1,FALSE
2017-04-29,Borussia Dortmund,1. FC Köln,0,0,de.1,FALSE
2017-04-29,RB Leipzig,FC Ingolstadt 04,0,0,de.1,FALSE
2017-04-29,SV Darmstadt 98,SC Freiburg,3,0,de.1,FALSE
2017-04-29,VfL Wolfsburg,FC Bayern München,0,6,de.1,FALSE
2017-04-30,Tottenham Hotspur,Arsenal,2,0,en.1,FALSE
2017-04-30,Middlesbrough,Manchester City,2,2,en.1,FALSE
2017-04-30,Everton,Chelsea,0,3,en.1,FALSE
2017-04-30,Manchester United,Swansea City,1,1,en.1,FALSE
2017-04-30,CA Osasuna,Deportivo La Coruña,2,2,es.1,FALSE
2017-04-30,Real Betis Balompié,Deportivo Alavés,1,4,es.1,FALSE
2017-04-30,SD Eibar,CD Leganés,2,0,es.1,FALSE
2017-04-30,RC Celta de Vigo,Athletic Club,0,3,es.1,FALSE
2017-04-30,AS Roma,SS Lazio,1,3,it.1,FALSE
2017-04-30,Genoa CFC,Chievo Verona,1,2,it.1,FALSE
2017-04-30,US Palermo,ACF Fiorentina,2,0,it.1,FALSE
2017-04-30,FC Crotone,AC Milan,1,1,it.1,FALSE
2017-04-30,Cagliari Calcio,Delfino Pescara,1,0,it.1,FALSE
2017-04-30,Empoli,US Sassuolo Calcio,1,3,it.1,FALSE
2017-04-30,Bologna FC 1909,Udinese Calcio,4,0,it.1,FALSE
2017-04-30,FC Internazionale Milano,SSC Napoli,0,1,it.1,FALSE
2017-04-30,FC Augsburg,Hamburger SV,4,0,de.1,FALSE
2017-04-30,TSG 1899 Hoffenheim,Eintracht Frankfurt,1,0,de.1,FALSE
2017-05-01,Watford,Liverpool,0,1,en.1,FALSE
2017-05-01,Málaga CF,Sevilla,4,2,es.1,FALSE
2017-05-02,Real Madrid CF,Club Atlético de Madrid,3,0,uefa.cl,FALSE
2017-05-03,AS Monaco,Juventus,0,2,uefa.cl,FALSE
2017-05-05,West Ham United,Tottenham Hotspur,1,0,en.1,FALSE
2017-05-05,Sevilla,Real Sociedad de Fútbol,1,1,es.1,FALSE
2017-05-05,1. FC Köln,SV Werder Bremen,4,3,de.1,FALSE
2017-05-06,Burnley,West Bromwich Albion,2,2,en.1,FALSE
2017-05-06,AFC Bournemouth,Stoke City,2,2,en.1,FALSE
2017-05-06,Manchester City,Crystal Palace,5,0,en.1,FALSE
2017-05-06,Hull City,Sunderland,0,2,en.1,FALSE
2017-05-06,Leicester City,Watford,3,0,en.1,FALSE
2017-05-06,Swansea City,Everton,1,0,en.1,FALSE
2017-05-06,Sporting Gijón,UD Las Palmas,1,0,es.1,FALSE
2017-05-06,Club Atlético de Madrid,SD Eibar,1,0,es.1,FALSE
2017-05-06,FC Barcelona,Villarreal CF,4,1,es.1,FALSE
2017-05-06,Granada CF,Real Madrid CF,0,4,es.1,FALSE
2017-05-06,SSC Napoli,Cagliari Calcio,3,1,it.1,FALSE
2017-05-06,Juventus,Torino,1,1,it.1,FALSE
2017-05-06,FC Ingolstadt 04,Bayer 04 Leverkusen,1,1,de.1,FALSE
2017-05-06,Eintracht Frankfurt,VfL Wolfsburg,0,2,de.1,FALSE
2017-05-06,Borussia Mönchengladbach,FC Augsburg,1,1,de.1,FALSE
2017-05-06,FC Bayern München,SV Darmstadt 98,1,0,de.1,FALSE
2017-05-06,Borussia Dortmund,TSG 1899 Hoffenheim,2,1,de.1,FALSE
2017-05-06,Hertha BSC,RB Leipzig,1,4,de.1,FALSE
2017-05-07,Arsenal,Manchester United,2,0,en.1,FALSE
2017-05-07,Liverpool,Southampton,0,0,en.1,FALSE
2017-05-07,Deportivo Alavés,Athletic Club,1,0,es.1,FALSE
2017-05-07,Valencia CF,CA Osasuna,4,1,es.1,FALSE
2017-05-07,Deportivo La Coruña,RCD Espanyol de Barcelona,1,2,es.1,FALSE
2017-05-07,Málaga CF,RC Celta de Vigo,3,0,es.1,FALSE
2017-05-07,Udinese Calcio,Atalanta BC,1,1,it.1,FALSE
2017-05-07,Empoli,Bologna FC 1909,3,1,it.1,FALSE
2017-05-07,Delfino Pescara,FC Crotone,0,1,it.1,FALSE
2017-05-07,US Sassuolo Calcio,ACF Fiorentina,2,2,it.1,FALSE
2017-05-07,Genoa CFC,FC Internazionale Milano,1,0,it.1,FALSE
2017-05-07,Chievo Verona,US Palermo,1,1,it.1,FALSE
2017-05-07,SS Lazio,Sampdoria,7,3,it.1,FALSE
2017-05-07,AC Milan,AS Roma,1,4,it.1,FALSE
2017-05-07,Hamburger SV,1. FSV Mainz 05,0,0,de.1,FALSE
2017-05-07,SC Freiburg,FC Schalke 04,2,0,de.1,FALSE
2017-05-08,Chelsea,Middlesbrough,3,0,en.1,FALSE
2017-05-08,CD Leganés,Real Betis Balompié,4,0,es.1,FALSE
2017-05-09,Juventus,AS Monaco,2,1,uefa.cl,FALSE
2017-05-10,Southampton,Arsenal,0,2,en.1,FALSE
2017-05-10,Club Atlético de Madrid,Real Madrid CF,2,1,uefa.cl,FALSE
2017-05-12,Everton,Watford,1,0,en.1,FALSE
2017-05-12,West Bromwich Albion,Chelsea,0,1,en.1,FALSE
2017-05-13,Sunderland,Swansea City,0,2,en.1,FALSE
2017-05-13,AFC Bournemouth,Burnley,2,1,en.1,FALSE
2017-05-13,Stoke City,Arsenal,1,4,en.1,FALSE
2017-05-13,Manchester City,Leicester City,2,1,en.1,FALSE
2017-05-13,Middlesbrough,Southampton,1,2,en.1,FALSE
2017-05-13,RCD Espanyol de Barcelona,Valencia CF,0,1,es.1,FALSE
2017-05-13,CA Osasuna,Granada CF,2,1,es.1,FALSE
2017-05-13,ACF Fiorentina,SS Lazio,3,2,it.1,FALSE
2017-05-13,Atalanta BC,AC Milan,1,1,it.1,FALSE
2017-05-13,RB Leipzig,FC Bayern München,4,5,de.1,FALSE
2017-05-13,FC Augsburg,Borussia Dortmund,1,1,de.1,FALSE
2017-05-13,VfL Wolfsburg,Borussia Mönchengladbach,1,1,de.1,FALSE
2017-05-13,SV Darmstadt 98,Hertha BSC,0,2,de.1,FALSE
2017-05-13,Bayer 04 Leverkusen,1. FC Köln,2,2,de.1,FALSE
2017-05-13,FC Schalke 04,Hamburger SV,1,1,de.1,FALSE
2017-05-13,SC Freiburg,FC Ingolstadt 04,1,1,de.1,FALSE
2017-05-13,SV Werder Bremen,TSG 1899 Hoffenheim,3,5,de.1,FALSE
2017-05-13,1. FSV Mainz 05,Eintracht Frankfurt,4,2,de.1,FALSE
2017-05-14,Crystal Palace,Hull City,4,0,en.1,FALSE
2017-05-14,Tottenham Hotspur,Manchester United,2,1,en.1,FALSE
2017-05-14,West Ham United,Liverpool,0,4,en.1,FALSE
2017-05-14,Deportivo Alavés,RC Celta de Vigo,3,1,es.1,FALSE
2017-05-14,Athletic Club,CD Leganés,1,1,es.1,FALSE
2017-05-14,Real Betis Balompié,Club Atlético de Madrid,1,1,es.1,FALSE
2017-05-14,SD Eibar,Sporting Gijón,0,1,es.1,FALSE
2017-05-14,UD Las Palmas,FC Barcelona,1,4,es.1,FALSE
2017-05-14,Villarreal CF,Deportivo La Coruña,0,0,es.1,FALSE
2017-05-14,Real Madrid CF,Sevilla,4,1,es.1,FALSE
2017-05-14,Real Sociedad de Fútbol,Málaga CF,2,2,es.1,FALSE
2017-05-14,FC Internazionale Milano,US Sassuolo Calcio,1,2,it.1,FALSE
2017-05-14,Sampdoria,Chievo Verona,1,1,it.1,FALSE
2017-05-14,Cagliari Calcio,Empoli,3,2,it.1,FALSE
2017-05-14,US Palermo,Genoa CFC,1,0,it.1,FALSE
2017-05-14,Torino,SSC Napoli,0,5,it.1,FALSE
2017-05-14,Bologna FC 1909,Delfino Pescara,3,1,it.1,FALSE
2017-05-14,FC Crotone,Udinese Calcio,1,0,it.1,FALSE
2017-05-14,AS Roma,Juventus,3,1,it.1,FALSE
2017-05-15,Chelsea,Watford,4,3,en.1,FALSE
2017-05-16,Manchester City,West Bromwich Albion,3,1,en.1,FALSE
2017-05-16,Arsenal,Sunderland,2,0,en.1,FALSE
2017-05-17,Southampton,Manchester United,0,0,en.1,FALSE
2017-05-17,RC Celta de Vigo,Real Madrid CF,1,4,es.1,FALSE
2017-05-18,Leicester City,Tottenham Hotspur,1,6,en.1,FALSE
2017-05-19,Granada CF,RCD Espanyol de Barcelona,1,2,es.1,FALSE
2017-05-20,Sporting Gijón,Real Betis Balompié,2,2,es.1,FALSE
2017-05-20,CD Leganés,Deportivo Alavés,1,1,es.1,FALSE
2017-05-20,Deportivo La Coruña,UD Las Palmas,3,0,es.1,FALSE
2017-05-20,Sevilla,CA Osasuna,5,0,es.1,FALSE
2017-05-20,Chievo Verona,AS Roma,3,5,it.1,FALSE
2017-05-20,SSC Napoli,ACF Fiorentina,4,1,it.1,FALSE
2017-05-20,Hertha BSC,Bayer 04 Leverkusen,2,6,de.1,FALSE
2017-05-20,FC Ingolstadt 04,FC Schalke 04,1,1,de.1,FALSE
2017-05-20,1. FC Köln,1. FSV Mainz 05,2,0,de.1,FALSE
2017-05-20,Hamburger SV,VfL Wolfsburg,2,1,de.1,FALSE
2017-05-20,TSG 1899 Hoffenheim,FC Augsburg,0,0,de.1,FALSE
2017-05-20,Borussia Dortmund,SV Werder Bremen,4,3,de.1,FALSE
2017-05-20,Borussia Mönchengladbach,SV Darmstadt 98,2,2,de.1,FALSE
2017-05-20,FC Bayern München,SC Freiburg,4,1,de.1,FALSE
2017-05-20,Eintracht Frankfurt,RB Leipzig,2,2,de.1,FALSE
2017-05-21,Arsenal,Everton,3,1,en.1,FALSE
2017-05-21,Burnley,West Ham United,1,2,en.1,FALSE
2017-05-21,Chelsea,Sunderland,5,1,en.1,FALSE
2017-05-21,Hull City,Tottenham Hotspur,1,7,en.1,FALSE
2017-05-21,Leicester City,AFC Bournemouth,1,1,en.1,FALSE
2017-05-21,Liverpool,Middlesbrough,3,0,en.1,FALSE
2017-05-21,Manchester United,Crystal Palace,2,0,en.1,FALSE
2017-05-21,Southampton,Stoke City,0,1,en.1,FALSE
2017-05-21,Swansea City,West Bromwich Albion,2,1,en.1,FALSE
2017-05-21,Watford,Manchester City,0,5,en.1,FALSE
2017-05-21,Club Atlético de Madrid,Athletic Club,3,1,es.1,FALSE
2017-05-21,Valencia CF,Villarreal CF,1,3,es.1,FALSE
2017-05-21,RC Celta de Vigo,Real Sociedad de Fútbol,2,2,es.1,FALSE
2017-05-21,FC Barcelona,SD Eibar,4,2,es.1,FALSE
2017-05-21,Málaga CF,Real Madrid CF,0,2,es.1,FALSE
2017-05-21,Empoli,Atalanta BC,0,1,it.1,FALSE
2017-05-21,AC Milan,Bologna FC 1909,3,0,it.1,FALSE
2017-05-21,US Sassuolo Calcio,Cagliari Calcio,6,2,it.1,FALSE
2017-05-21,Juventus,FC Crotone,3,0,it.1,FALSE
2017-05-21,Udinese Calcio,Sampdoria,1,1,it.1,FALSE
2017-05-21,Genoa CFC,Torino,2,1,it.1,FALSE
2017-05-21,SS Lazio,FC Internazionale Milano,1,3,it.1,FALSE
2017-05-22,Delfino Pescara,US Palermo,2,0,it.1,FALSE
2017-05-27,Atalanta BC,Chievo Verona,1,0,it.1,FALSE
2017-05-27,Bologna FC 1909,Juventus,1,2,it.1,FALSE
2017-05-28,Cagliari Calcio,AC Milan,2,1,it.1,FALSE
2017-05-28,AS Roma,Genoa CFC,3,2,it.1,FALSE
2017-05-28,Sampdoria,SSC Napoli,2,4,it.1,FALSE
2017-05-28,US Palermo,Empoli,2,1,it.1,FALSE
2017-05-28,FC Crotone,SS Lazio,3,1,it.1,FALSE
2017-05-28,ACF Fiorentina,Delfino Pescara,2,2,it.1,FALSE
2017-05-28,Torino,US Sassuolo Calcio,5,3,it.1,FALSE
2017-05-28,FC Internazionale Milano,Udinese Calcio,5,2,it.1,FALSE
2017-06-03,Juventus,Real Madrid CF,1,4,uefa.cl,TRUE
2017-08-11,Arsenal,Leicester City,4,3,en.1,FALSE
2017-08-12,Watford,Liverpool,3,3,en.1,FALSE
2017-08-12,Chelsea,Burnley,2,3,en.1,FALSE
2017-08-12,Crystal Palace,Huddersfield Town,0,3,en.1,FALSE
2017-08-12,Everton,Stoke City,1,0,en.1,FALSE
2017-08-12,Southampton,Swansea City,0,0,en.1,FALSE
2017-08-12,West Bromwich Albion,AFC Bournemouth,1,0,en.1,FALSE
2017-08-12,Brighton & Hove Albion,Manchester City,0,2,en.1,FALSE
2017-08-13,Manchester United,West Ham United,4,0,en.1,FALSE
2017-08-13,Newcastle United,Tottenham Hotspur,0,2,en.1,FALSE
2017-08-18,CD Leganés,Deportivo Alavés,1,0,es.1,FALSE
2017-08-18,Valencia CF,UD Las Palmas,1,0,es.1,FALSE
2017-08-18,FC Bayern München,Bayer 04 Leverkusen,3,1,de.1,FALSE
2017-08-19,Swansea City,Manchester United,0,4,en.1,FALSE
2017-08-19,AFC Bournemouth,Watford,0,2,en.1,FALSE
2017-08-19,Burnley,West Bromwich Albion,0,1,en.1,FALSE
2017-08-19,Leicester City,Brighton & Hove Albion,2,0,en.1,FALSE
2017-08-19,Liverpool,Crystal Palace,1,0,en.1,FALSE
2017-08-19,Southampton,West Ham United,3,2,en.1,FALSE
2017-08-19,Stoke City,Arsenal,1,0,en.1,FALSE
2017-08-19,RC Celta de Vigo,Real Sociedad de Fútbol,2,3,es.1,FALSE
2017-08-19,Girona,Club Atlético de Madrid,2,2,es.1,FALSE
2017-08-19,Sevilla,RCD Espanyol de Barcelona,1,1,es.1,FALSE
2017-08-19,Juventus,Cagliari Calcio,3,0,it.1,FALSE
2017-08-19,Hellas Verona,SSC Napoli,1,3,it.1,FALSE
2017-08-19,TSG 1899 Hoffenheim,SV Werder Bremen,1,0,de.1,FALSE
2017-08-19,Hertha BSC,VfB Stuttgart,2,0,de.1,FALSE
2017-08-19,Hamburger SV,FC Augsburg,1,0,de.1,FALSE
2017-08-19,1. FSV Mainz 05,Hannover 96,0,1,de.1,FALSE
2017-08-19,VfL Wolfsburg,Borussia Dortmund,0,3,de.1,FALSE
2017-08-19,FC Schalke 04,RB Leipzig,2,0,de.1,FALSE
2017-08-20,Tottenham Hotspur,Chelsea,1,2,en.1,FALSE
2017-08-20,Huddersfield Town,Newcastle United,1,0,en.1,FALSE
2017-08-20,Athletic Club,Getafe CF,0,0,es.1,FALSE
2017-08-20,FC Barcelona,Real Betis Balompié,2,0,es.1,FALSE
2017-08-20,Deportivo La Coruña,Real Madrid CF,0,3,es.1,FALSE
2017-08-20,Atalanta BC,AS Roma,0,1,it.1,FALSE
2017-08-20,Bologna FC 1909,Torino,1,1,it.1,FALSE
2017-08-20,FC Crotone,AC Milan,0,3,it.1,FALSE
2017-08-20,FC Internazionale Milano,ACF Fiorentina,3,0,it.1,FALSE
2017-08-20,SS Lazio,SPAL 2013 Ferrara,0,0,it.1,FALSE
2017-08-20,Sampdoria,Benevento Calcio,2,1,it.1,FALSE
2017-08-20,US Sassuolo Calcio,Genoa CFC,0,0,it.1,FALSE
2017-08-20,Udinese Calcio,Chievo Verona,1,2,it.1,FALSE
2017-08-20,SC Freiburg,Eintracht Frankfurt,0,0,de.1,FALSE
2017-08-20,Borussia Mönchengladbach,1. FC Köln,1,0,de.1,FALSE
2017-08-21,Manchester City,Everton,1,1,en.1,FALSE
2017-08-21,Levante UD,Villarreal CF,1,0,es.1,FALSE
2017-08-21,Málaga CF,SD Eibar,0,1,es.1,FALSE
2017-08-25,Real Sociedad de Fútbol,Villarreal CF,3,0,es.1,FALSE
2017-08-25,Real Betis Balompié,RC Celta de Vigo,2,1,es.1,FALSE
2017-08-25,1. FC Köln,Hamburger SV,1,3,de.1,FALSE
2017-08-26,AFC Bournemouth,Manchester City,1,2,en.1,FALSE
2017-08-26,Crystal Palace,Swansea City,0,2,en.1,FALSE
2017-08-26,Huddersfield Town,Southampton,0,0,en.1,FALSE
2017-08-26,Newcastle United,West Ham United,3,0,en.1,FALSE
2017-08-26,Watford,Brighton & Hove Albion,0,0,en.1,FALSE
2017-08-26,Manchester United,Leicester City,2,0,en.1,FALSE
2017-08-26,Deportivo Alavés,FC Barcelona,0,2,es.1,FALSE
2017-08-26,Girona,Málaga CF,1,0,es.1,FALSE
2017-08-26,Levante UD,Deportivo La Coruña,2,2,es.1,FALSE
2017-08-26,UD Las Palmas,Club Atlético de Madrid,1,5,es.1,FALSE
2017-08-26,Benevento Calcio,Bologna FC 1909,0,1,it.1,FALSE
2017-08-26,Genoa CFC,Juventus,2,4,it.1,FALSE
2017-08-26,AS Roma,FC Internazionale Milano,1,3,it.1,FALSE
2017-08-26,SV Werder Bremen,FC Bayern München,0,2,de.1,FALSE
2017-08-26,Eintracht Frankfurt,VfL Wolfsburg,0,1,de.1,FALSE
2017-08-26,Bayer 04 Leverkusen,TSG 1899 Hoffenheim,2,2,de.1,FALSE
2017-08-26,FC Augsburg,Borussia Mönchengladbach,2,2,de.1,FALSE
2017-08-26,VfB Stuttgart,1. FSV Mainz 05,1,0,de.1,FALSE
2017-08-26,Borussia Dortmund,Hertha BSC,2,0,de.1,FALSE
2017-08-27,West Bromwich Albion,Stoke City,1,1,en.1,FALSE
2017-08-27,Liverpool,Arsenal,4,0,en.1,FALSE
2017-08-27,Tottenham Hotspur,Burnley,1,1,en.1,FALSE
2017-08-27,Chelsea,Everton,2,0,en.1,FALSE
2017-08-27,SD Eibar,Athletic Club,0,1,es.1,FALSE
2017-08-27,RCD Espanyol de Barcelona,CD Leganés,0,1,es.1,FALSE
2017-08-27,Getafe CF,Sevilla,0,1,es.1,FALSE
2017-08-27,Real Madrid CF,Valencia CF,2,2,es.1,FALSE
2017-08-27,Torino,US Sassuolo Calcio,3,0,it.1,FALSE
2017-08-27,Chievo Verona,SS Lazio,1,2,it.1,FALSE
2017-08-27,FC Crotone,Hellas Verona,0,0,it.1,FALSE
2017-08-27,ACF Fiorentina,Sampdoria,1,2,it.1,FALSE
2017-08-27,AC Milan,Cagliari Calcio,2,1,it.1,FALSE
2017-08-27,SSC Napoli,Atalanta BC,3,1,it.1,FALSE
2017-08-27,SPAL 2013 Ferrara,Udinese Calcio,3,2,it.1,FALSE
2017-08-27,RB Leipzig,SC Freiburg,4,1,de.1,FALSE
2017-08-27,Hannover 96,FC Schalke 04,1,0,de.1,FALSE
2017-09-08,CD Leganés,Getafe CF,1,2,es.1,FALSE
2017-09-08,Hamburger SV,RB Leipzig,0,2,de.1,FALSE
2017-09-09,Manchester City,Liverpool,5,0,en.1,FALSE
2017-09-09,Arsenal,AFC Bournemouth,3,0,en.1,FALSE
2017-09-09,Brighton & Hove Albion,West Bromwich Albion,3,1,en.1,FALSE
2017-09-09,Everton,Tottenham Hotspur,0,3,en.1,FALSE
2017-09-09,Leicester City,Chelsea,1,2,en.1,FALSE
2017-09-09,Southampton,Watford,0,2,en.1,FALSE
2017-09-09,Stoke City,Manchester United,2,2,en.1,FALSE
2017-09-09,Real Madrid CF,Levante UD,1,1,es.1,FALSE
2017-09-09,Valencia CF,Club Atlético de Madrid,0,0,es.1,FALSE
2017-09-09,Sevilla,SD Eibar,3,0,es.1,FALSE
2017-09-09,FC Barcelona,RCD Espanyol de Barcelona,5,0,es.1,FALSE
2017-09-09,Juventus,Chievo Verona,3,0,it.1,FALSE
2017-09-09,SC Freiburg,Borussia Dortmund,0,0,de.1,FALSE
2017-09-09,Borussia Mönchengladbach,Eintracht Frankfurt,0,1,de.1,FALSE
2017-09-09,FC Augsburg,1. FC Köln,3,0,de.1,FALSE
2017-09-09,1. FSV Mainz 05,Bayer 04 Leverkusen,3,1,de.1,FALSE
2017-09-09,VfL Wolfsburg,Hannover 96,1,1,de.1,FALSE
2017-09-09,TSG 1899 Hoffenheim,FC Bayern München,2,0,de.1,FALSE
2017-09-10,Swansea City,Newcastle United,0,1,en.1,FALSE
2017-09-10,Burnley,Crystal Palace,1,0,en.1,FALSE
2017-09-10,Deportivo La Coruña,Real Sociedad de Fútbol,2,4,es.1,FALSE
2017-09-10,Athletic Club,Girona,2,0,es.1,FALSE
2017-09-10,RC Celta de Vigo,Deportivo Alavés,1,0,es.1,FALSE
2017-09-10,Villarreal CF,Real Betis Balompié,3,1,es.1,FALSE
2017-09-10,FC Internazionale Milano,SPAL 2013 Ferrara,2,0,it.1,FALSE
2017-09-10,Atalanta BC,US Sassuolo Calcio,2,1,it.1,FALSE
2017-09-10,Cagliari Calcio,FC Crotone,1,0,it.1,FALSE
2017-09-10,Hellas Verona,ACF Fiorentina,0,5,it.1,FALSE
2017-09-10,Udinese Calcio,Genoa CFC,1,0,it.1,FALSE
2017-09-10,SS Lazio,AC Milan,4,1,it.1,FALSE
2017-09-10,Benevento Calcio,Torino,0,1,it.1,FALSE
2017-09-10,Bologna FC 1909,SSC Napoli,0,3,it.1,FALSE
2017-09-10,Hertha BSC,SV Werder Bremen,1,1,de.1,FALSE
2017-09-10,FC Schalke 04,VfB Stuttgart,3,1,de.1,FALSE
2017-09-11,West Ham United,Huddersfield Town,2,0,en.1,FALSE
2017-09-11,Málaga CF,UD Las Palmas,1,3,es.1,FALSE
2017-09-12,Manchester United,FC Basel 1893,3,0,uefa.cl,FALSE
2017-09-12,SL Benfica,CSKA Moskva,1,2,uefa.cl,FALSE
2017-09-12,FC Bayern München,RSC Anderlecht,3,0,uefa.cl,FALSE
2017-09-12,Celtic,Paris Saint-Germain,0,5,uefa.cl,FALSE
2017-09-12,AS Roma,Club Atlético de Madrid,0,0,uefa.cl,FALSE
2017-09-12,Chelsea,Qarabağ FK,6,0,uefa.cl,FALSE
2017-09-12,FC Barcelona,Juventus,3,0,uefa.cl,FALSE
2017-09-12,Olympiakos Piraeus,Sporting CP,2,3,uefa.cl,FALSE
2017-09-13,Liverpool,Sevilla,2,2,uefa.cl,FALSE
2017-09-13,NK Maribor,Spartak Moskva,1,1,uefa.cl,FALSE
2017-09-13,Shakhtar Donetsk,SSC Napoli,2,1,uefa.cl,FALSE
2017-09-13,Feyenoord,Manchester City,0,4,uefa.cl,FALSE
2017-09-13,FC Porto,Beşiktaş,1,3,uefa.cl,FALSE
2017-09-13,RB Leipzig,AS Monaco,1,1,uefa.cl,FALSE
2017-09-13,Tottenham Hotspur,Borussia Dortmund,3,1,uefa.cl,FALSE
2017-09-13,Real Madrid CF,APOEL Nikosia,3,0,uefa.cl,FALSE
2017-09-15,AFC Bournemouth,Brighton & Hove Albion,2,1,en.1,FALSE
2017-09-15,SD Eibar,CD Leganés,1,0,es.1,FALSE
2017-09-15,Hannover 96,Hamburger SV,2,0,de.1,FALSE
2017-09-16,Crystal Palace,Southampton,0,1,en.1,FALSE
2017-09-16,Huddersfield Town,Leicester City,1,1,en.1,FALSE
2017-09-16,Liverpool,Burnley,1,1,en.1,FALSE
2017-09-16,Newcastle United,Stoke City,2,1,en.1,FALSE
2017-09-16,Watford,Manchester City,0,6,en.1,FALSE
2017-09-16,West Bromwich Albion,West Ham United,0,0,en.1,FALSE
2017-09-16,Tottenham Hotspur,Swansea City,0,0,en.1,FALSE
2017-09-16,Levante UD,Valencia CF,1,1,es.1,FALSE
2017-09-16,Getafe CF,FC Barcelona,1,2,es.1,FALSE
2017-09-16,Real Betis Balompié,Deportivo La Coruña,2,1,es.1,FALSE
2017-09-16,Club Atlético de Madrid,Málaga CF,1,0,es.1,FALSE
2017-09-16,FC Crotone,FC Internazionale Milano,0,2,it.1,FALSE
2017-09-16,ACF Fiorentina,Bologna FC 1909,2,1,it.1,FALSE
2017-09-16,AS Roma,Hellas Verona,3,0,it.1,FALSE
2017-09-16,FC Bayern München,1. FSV Mainz 05,4,0,de.1,FALSE
2017-09-16,SV Werder Bremen,FC Schalke 04,1,2,de.1,FALSE
2017-09-16,Eintracht Frankfurt,FC Augsburg,1,2,de.1,FALSE
2017-09-16,VfB Stuttgart,VfL Wolfsburg,1,0,de.1,FALSE
2017-09-16,RB Leipzig,Borussia Mönchengladbach,2,2,de.1,FALSE
2017-09-17,Manchester United,Everton,4,0,en.1,FALSE
2017-09-17,Chelsea,Arsenal,0,0,en.1,FALSE
2017-09-17,Deportivo Alavés,Villarreal CF,0,3,es.1,FALSE
2017-09-17,Girona,Sevilla,0,1,es.1,FALSE
2017-09-17,UD Las Palmas,Athletic Club,1,0,es.1,FALSE
2017-09-17,Real Sociedad de Fútbol,Real Madrid CF,1,3,es.1,FALSE
2017-09-17,US Sassuolo Calcio,Juventus,1,3,it.1,FALSE
2017-09-17,AC Milan,Udinese Calcio,2,1,it.1,FALSE
2017-09-17,SSC Napoli,Benevento Calcio,6,0,it.1,FALSE
2017-09-17,SPAL 2013 Ferrara,Cagliari Calcio,0,2,it.1,FALSE
2017-09-17,Torino,Sampdoria,2,2,it.1,FALSE
2017-09-17,Chievo Verona,Atalanta BC,1,1,it.1,FALSE
2017-09-17,Genoa CFC,SS Lazio,2,3,it.1,FALSE
2017-09-17,TSG 1899 Hoffenheim,Hertha BSC,1,1,de.1,FALSE
2017-09-17,Bayer 04 Leverkusen,SC Freiburg,4,0,de.1,FALSE
2017-09-17,Borussia Dortmund,1. FC Köln,5,0,de.1,FALSE
2017-09-18,RCD Espanyol de Barcelona,RC Celta de Vigo,2,1,es.1,FALSE
2017-09-19,Valencia CF,Málaga CF,5,0,es.1,FALSE
2017-09-19,FC Barcelona,SD Eibar,6,1,es.1,FALSE
2017-09-19,Bologna FC 1909,FC Internazionale Milano,1,1,it.1,FALSE
2017-09-19,Borussia Mönchengladbach,VfB Stuttgart,2,0,de.1,FALSE
2017-09-19,FC Schalke 04,FC Bayern München,0,3,de.1,FALSE
2017-09-19,FC Augsburg,RB Leipzig,1,0,de.1,FALSE
2017-09-19,VfL Wolfsburg,SV Werder Bremen,1,1,de.1,FALSE
2017-09-20,Athletic Club,Club Atlético de Madrid,1,2,es.1,FALSE
2017-09-20,CD Leganés,Girona,0,0,es.1,FALSE
2017-09-20,Deportivo La Coruña,Deportivo Alavés,1,0,es.1,FALSE
2017-09-20,Real Madrid CF,Real Betis Balompié,0,1,es.1,FALSE
2017-09-20,Sevilla,UD Las Palmas,1,0,es.1,FALSE
2017-09-20,Benevento Calcio,AS Roma,0,4,it.1,FALSE
2017-09-20,Atalanta BC,FC Crotone,5,1,it.1,FALSE
2017-09-20,Cagliari Calcio,US Sassuolo Calcio,0,1,it.1,FALSE
2017-09-20,Genoa CFC,Chievo Verona,1,1,it.1,FALSE
2017-09-20,Hellas Verona,Sampdoria,0,0,it.1,FALSE
2017-09-20,Juventus,ACF Fiorentina,1,0,it.1,FALSE
2017-09-20,SS Lazio,SSC Napoli,1,4,it.1,FALSE
2017-09-20,AC Milan,SPAL 2013 Ferrara,2,0,it.1,FALSE
2017-09-20,Udinese Calcio,Torino,2,3,it.1,FALSE
2017-09-20,1. FC Köln,Eintracht Frankfurt,0,1,de.1,FALSE
2017-09-20,Hertha BSC,Bayer 04 Leverkusen,2,1,de.1,FALSE
2017-09-20,SC Freiburg,Hannover 96,1,1,de.1,FALSE
2017-09-20,Hamburger SV,Borussia Dortmund,0,3,de.1,FALSE
2017-09-20,1. FSV Mainz 05,TSG 1899 Hoffenheim,2,3,de.1,FALSE
2017-09-21,Villarreal CF,RCD Espanyol de Barcelona,0,0,es.1,FALSE
2017-09-21,RC Celta de Vigo,Getafe CF,1,1,es.1,FALSE
2017-09-21,Levante UD,Real Sociedad de Fútbol,3,0,es.1,FALSE
2017-09-22,FC Bayern München,VfL Wolfsburg,2,2,de.1,FALSE
2017-09-23,West Ham United,Tottenham Hotspur,2,3,en.1,FALSE
2017-09-23,Burnley,Huddersfield Town,0,0,en.1,FALSE
2017-09-23,Everton,AFC Bournemouth,2,1,en.1,FALSE
2017-09-23,Manchester City,Crystal Palace,5,0,en.1,FALSE
2017-09-23,Southampton,Manchester United,0,1,en.1,FALSE
2017-09-23,Stoke City,Chelsea,0,4,en.1,FALSE
2017-09-23,Swansea City,Watford,1,2,en.1,FALSE
2017-09-23,Leicester City,Liverpool,2,3,en.1,FALSE
2017-09-23,Club Atlético de Madrid,Sevilla,2,0,es.1,FALSE
2017-09-23,Deportivo Alavés,Real Madrid CF,1,2,es.1,FALSE
2017-09-23,Málaga CF,Athletic Club,3,3,es.1,FALSE
2017-09-23,Girona,FC Barcelona,0,3,es.1,FALSE
2017-09-23,AS Roma,Udinese Calcio,3,1,it.1,FALSE
2017-09-23,SPAL 2013 Ferrara,SSC Napoli,2,3,it.1,FALSE
2017-09-23,Juventus,Torino,4,0,it.1,FALSE
2017-09-23,RB Leipzig,Eintracht Frankfurt,2,1,de.1,FALSE
2017-09-23,TSG 1899 Hoffenheim,FC Schalke 04,2,0,de.1,FALSE
2017-09-23,SV Werder Bremen,SC Freiburg,0,0,de.1,FALSE
2017-09-23,1. FSV Mainz 05,Hertha BSC,1,0,de.1,FALSE
2017-09-23,VfB Stuttgart,FC Augsburg,0,0,de.1,FALSE
2017-09-23,Borussia Dortmund,Borussia Mönchengladbach,6,1,de.1,FALSE
2017-09-24,Brighton & Hove Albion,Newcastle United,1,0,en.1,FALSE
2017-09-24,RCD Espanyol de Barcelona,Deportivo La Coruña,4,1,es.1,FALSE
2017-09-24,Getafe CF,Villarreal CF,4,0,es.1,FALSE
2017-09-24,SD Eibar,RC Celta de Vigo,0,4,es.1,FALSE
2017-09-24,UD Las Palmas,CD Leganés,0,2,es.1,FALSE
2017-09-24,Real Sociedad de Fútbol,Valencia CF,2,3,es.1,FALSE
2017-09-24,Sampdoria,AC Milan,2,0,it.1,FALSE
2017-09-24,Cagliari Calcio,Chievo Verona,0,2,it.1,FALSE
2017-09-24,FC Crotone,Benevento Calcio,2,0,it.1,FALSE
2017-09-24,Hellas Verona,SS Lazio,0,3,it.1,FALSE
2017-09-24,FC Internazionale Milano,Genoa CFC,1,0,it.1,FALSE
2017-09-24,US Sassuolo Calcio,Bologna FC 1909,0,1,it.1,FALSE
2017-09-24,ACF Fiorentina,Atalanta BC,1,1,it.1,FALSE
2017-09-24,Hannover 96,1. FC Köln,0,0,de.1,FALSE
2017-09-24,Bayer 04 Leverkusen,Hamburger SV,3,0,de.1,FALSE
2017-09-25,Arsenal,West Bromwich Albion,2,0,en.1,FALSE
2017-09-25,Real Betis Balompié,Levante UD,4,0,es.1,FALSE
2017-09-26,Spartak Moskva,Liverpool,1,1,uefa.cl,FALSE
2017-09-26,Sevilla,NK Maribor,3,0,uefa.cl,FALSE
2017-09-26,Manchester City,Shakhtar Donetsk,2,0,uefa.cl,FALSE
2017-09-26,SSC Napoli,Feyenoord,3,1,uefa.cl,FALSE
2017-09-26,AS Monaco,FC Porto,0,3,uefa.cl,FALSE
2017-09-26,Beşiktaş,RB Leipzig,2,0,uefa.cl,FALSE
2017-09-26,Borussia Dortmund,Real Madrid CF,1,3,uefa.cl,FALSE
2017-09-26,APOEL Nikosia,Tottenham Hotspur,0,3,uefa.cl,FALSE
2017-09-27,FC Basel 1893,SL Benfica,5,0,uefa.cl,FALSE
2017-09-27,CSKA Moskva,Manchester United,1,4,uefa.cl,FALSE
2017-09-27,Paris Saint-Germain,FC Bayern München,3,0,uefa.cl,FALSE
2017-09-27,RSC Anderlecht,Celtic,0,3,uefa.cl,FALSE
2017-09-27,Qarabağ FK,AS Roma,1,2,uefa.cl,FALSE
2017-09-27,Club Atlético de Madrid,Chelsea,1,2,uefa.cl,FALSE
2017-09-27,Juventus,Olympiakos Piraeus,2,0,uefa.cl,FALSE
2017-09-27,Sporting CP,FC Barcelona,0,1,uefa.cl,FALSE
2017-09-29,RC Celta de Vigo,Girona,3,3,es.1,FALSE
2017-09-29,FC Schalke 04,Bayer 04 Leverkusen,1,1,de.1,FALSE
2017-09-30,Huddersfield Town,Tottenham Hotspur,0,4,en.1,FALSE
2017-09-30,AFC Bournemouth,Leicester City,0,0,en.1,FALSE
2017-09-30,Manchester United,Crystal Palace,4,0,en.1,FALSE
2017-09-30,Stoke City,Southampton,2,1,en.1,FALSE
2017-09-30,West Bromwich Albion,Watford,2,2,en.1,FALSE
2017-09-30,West Ham United,Swansea City,1,0,en.1,FALSE
2017-09-30,Chelsea,Manchester City,0,1,en.1,FALSE
2017-09-30,Deportivo La Coruña,Getafe CF,2,1,es.1,FALSE
2017-09-30,Sevilla,Málaga CF,2,0,es.1,FALSE
2017-09-30,Levante UD,Deportivo Alavés,0,2,es.1,FALSE
2017-09-30,CD Leganés,Club Atlético de Madrid,0,0,es.1,FALSE
2017-09-30,Udinese Calcio,Sampdoria,4,0,it.1,FALSE
2017-09-30,Genoa CFC,Bologna FC 1909,0,1,it.1,FALSE
2017-09-30,Eintracht Frankfurt,VfB Stuttgart,2,1,de.1,FALSE
2017-09-30,FC Augsburg,Borussia Dortmund,1,2,de.1,FALSE
2017-09-30,VfL Wolfsburg,1. FSV Mainz 05,1,1,de.1,FALSE
2017-09-30,Borussia Mönchengladbach,Hannover 96,2,1,de.1,FALSE
2017-09-30,Hamburger SV,SV Werder Bremen,0,0,de.1,FALSE
2017-10-01,Arsenal,Brighton & Hove Albion,2,0,en.1,FALSE
2017-10-01,Everton,Burnley,0,1,en.1,FALSE
2017-10-01,Newcastle United,Liverpool,1,1,en.1,FALSE
2017-10-01,Real Sociedad de Fútbol,Real Betis Balompié,4,4,es.1,FALSE
2017-10-01,FC Barcelona,UD Las Palmas,3,0,es.1,FALSE
2017-10-01,Valencia CF,Athletic Club,3,2,es.1,FALSE
2017-10-01,Villarreal CF,SD Eibar,3,0,es.1,FALSE
2017-10-01,Real Madrid CF,RCD Espanyol de Barcelona,2,0,es.1,FALSE
2017-10-01,SSC Napoli,Cagliari Calcio,3,0,it.1,FALSE
2017-10-01,Benevento Calcio,FC Internazionale Milano,1,2,it.1,FALSE
2017-10-01,Chievo Verona,ACF Fiorentina,2,1,it.1,FALSE
2017-10-01,SS Lazio,US Sassuolo Calcio,6,1,it.1,FALSE
2017-10-01,SPAL 2013 Ferrara,FC Crotone,1,1,it.1,FALSE
2017-10-01,Torino,Hellas Verona,2,2,it.1,FALSE
2017-10-01,AC Milan,AS Roma,0,2,it.1,FALSE
2017-10-01,Atalanta BC,Juventus,2,2,it.1,FALSE
2017-10-01,SC Freiburg,TSG 1899 Hoffenheim,3,2,de.1,FALSE
2017-10-01,Hertha BSC,FC Bayern München,2,2,de.1,FALSE
2017-10-01,1. FC Köln,RB Leipzig,1,2,de.1,FALSE
2017-10-13,RCD Espanyol de Barcelona,Levante UD,0,0,es.1,FALSE
2017-10-13,VfB Stuttgart,1. FC Köln,2,1,de.1,FALSE
2017-10-14,Liverpool,Manchester United,0,0,en.1,FALSE
2017-10-14,Burnley,West Ham United,1,1,en.1,FALSE
2017-10-14,Crystal Palace,Chelsea,2,1,en.1,FALSE
2017-10-14,Manchester City,Stoke City,7,2,en.1,FALSE
2017-10-14,Swansea City,Huddersfield Town,2,0,en.1,FALSE
2017-10-14,Tottenham Hotspur,AFC Bournemouth,1,0,en.1,FALSE
2017-10-14,Watford,Arsenal,2,1,en.1,FALSE
2017-10-14,Athletic Club,Sevilla,1,0,es.1,FALSE
2017-10-14,Getafe CF,Real Madrid CF,1,2,es.1,FALSE
2017-10-14,Deportivo Alavés,Real Sociedad de Fútbol,0,2,es.1,FALSE
2017-10-14,Club Atlético de Madrid,FC Barcelona,1,1,es.1,FALSE
2017-10-14,Juventus,SS Lazio,1,2,it.1,FALSE
2017-10-14,AS Roma,SSC Napoli,0,1,it.1,FALSE
2017-10-14,FC Bayern München,SC Freiburg,5,0,de.1,FALSE
2017-10-14,TSG 1899 Hoffenheim,FC Augsburg,2,2,de.1,FALSE
2017-10-14,Hertha BSC,FC Schalke 04,0,2,de.1,FALSE
2017-10-14,1. FSV Mainz 05,Hamburger SV,3,2,de.1,FALSE
2017-10-14,Hannover 96,Eintracht Frankfurt,1,2,de.1,FALSE
2017-10-14,Borussia Dortmund,RB Leipzig,2,3,de.1,FALSE
2017-10-15,Southampton,Newcastle United,2,2,en.1,FALSE
2017-10-15,Brighton & Hove Albion,Everton,1,1,en.1,FALSE
2017-10-15,SD Eibar,Deportivo La Coruña,0,0,es.1,FALSE
2017-10-15,Girona,Villarreal CF,1,2,es.1,FALSE
2017-10-15,Málaga CF,CD Leganés,0,2,es.1,FALSE
2017-10-15,Real Betis Balompié,Valencia CF,3,6,es.1,FALSE
2017-10-15,ACF Fiorentina,Udinese Calcio,2,1,it.1,FALSE
2017-10-15,Bologna FC 1909,SPAL 2013 Ferrara,2,1,it.1,FALSE
2017-10-15,Cagliari Calcio,Genoa CFC,2,3,it.1,FALSE
2017-10-15,FC Crotone,Torino,2,2,it.1,FALSE
2017-10-15,Sampdoria,Atalanta BC,3,1,it.1,FALSE
2017-10-15,US Sassuolo Calcio,Chievo Verona,0,0,it.1,FALSE
2017-10-15,FC Internazionale Milano,AC Milan,3,2,it.1,FALSE
2017-10-15,Bayer 04 Leverkusen,VfL Wolfsburg,2,2,de.1,FALSE
2017-10-15,SV Werder Bremen,Borussia Mönchengladbach,0,2,de.1,FALSE
2017-10-16,Leicester City,West Bromwich Albion,1,1,en.1,FALSE
2017-10-16,UD Las Palmas,RC Celta de Vigo,2,5,es.1,FALSE
2017-10-16,Hellas Verona,Benevento Calcio,1,0,it.1,FALSE
2017-10-17,Spartak Moskva,Sevilla,5,1,uefa.cl,FALSE
2017-10-17,NK Maribor,Liverpool,0,7,uefa.cl,FALSE
2017-10-17,Manchester City,SSC Napoli,2,1,uefa.cl,FALSE
2017-10-17,Feyenoord,Shakhtar Donetsk,1,2,uefa.cl,FALSE
2017-10-17,AS Monaco,Beşiktaş,1,2,uefa.cl,FALSE
2017-10-17,RB Leipzig,FC Porto,3,2,uefa.cl,FALSE
2017-10-17,Real Madrid CF,Tottenham Hotspur,1,1,uefa.cl,FALSE
2017-10-17,APOEL Nikosia,Borussia Dortmund,1,1,uefa.cl,FALSE
2017-10-18,SL Benfica,Manchester United,0,1,uefa.cl,FALSE
2017-10-18,CSKA Moskva,FC Basel 1893,0,2,uefa.cl,FALSE
2017-10-18,RSC Anderlecht,Paris Saint-Germain,0,4,uefa.cl,FALSE
2017-10-18,FC Bayern München,Celtic,3,0,uefa.cl,FALSE
2017-10-18,Qarabağ FK,Club Atlético de Madrid,0,0,uefa.cl,FALSE
2017-10-18,Chelsea,AS Roma,3,3,uefa.cl,FALSE
2017-10-18,FC Barcelona,Olympiakos Piraeus,3,1,uefa.cl,FALSE
2017-10-18,Juventus,Sporting CP,2,1,uefa.cl,FALSE
2017-10-20,West Ham United,Brighton & Hove Albion,0,3,en.1,FALSE
2017-10-20,FC Schalke 04,1. FSV Mainz 05,2,0,de.1,FALSE
2017-10-21,Chelsea,Watford,4,2,en.1,FALSE
2017-10-21,Huddersfield Town,Manchester United,2,1,en.1,FALSE
2017-10-21,Manchester City,Burnley,3,0,en.1,FALSE
2017-10-21,Newcastle United,Crystal Palace,1,0,en.1,FALSE
2017-10-21,Stoke City,AFC Bournemouth,1,2,en.1,FALSE
2017-10-21,Swansea City,Leicester City,1,2,en.1,FALSE
2017-10-21,Southampton,West Bromwich Albion,1,0,en.1,FALSE
2017-10-21,Levante UD,Getafe CF,1,1,es.1,FALSE
2017-10-21,Real Betis Balompié,Deportivo Alavés,2,0,es.1,FALSE
2017-10-21,Valencia CF,Sevilla,4,0,es.1,FALSE
2017-10-21,FC Barcelona,Málaga CF,2,0,es.1,FALSE
2017-10-21,Sampdoria,FC Crotone,5,0,it.1,FALSE
2017-10-21,SSC Napoli,FC Internazionale Milano,0,0,it.1,FALSE
2017-10-21,RB Leipzig,VfB Stuttgart,1,0,de.1,FALSE
2017-10-21,Borussia Mönchengladbach,Bayer 04 Leverkusen,1,5,de.1,FALSE
2017-10-21,Eintracht Frankfurt,Borussia Dortmund,2,2,de.1,FALSE
2017-10-21,FC Augsburg,Hannover 96,1,2,de.1,FALSE
2017-10-21,Hamburger SV,FC Bayern München,0,1,de.1,FALSE
2017-10-22,Tottenham Hotspur,Liverpool,4,1,en.1,FALSE
2017-10-22,Everton,Arsenal,2,5,en.1,FALSE
2017-10-22,Villarreal CF,UD Las Palmas,4,0,es.1,FALSE
2017-10-22,RC Celta de Vigo,Club Atlético de Madrid,0,1,es.1,FALSE
2017-10-22,CD Leganés,Athletic Club,1,0,es.1,FALSE
2017-10-22,Real Madrid CF,SD Eibar,3,0,es.1,FALSE
2017-10-22,Chievo Verona,Hellas Verona,3,2,it.1,FALSE
2017-10-22,Atalanta BC,Bologna FC 1909,1,0,it.1,FALSE
2017-10-22,Benevento Calcio,ACF Fiorentina,0,3,it.1,FALSE
2017-10-22,AC Milan,Genoa CFC,0,0,it.1,FALSE
2017-10-22,SPAL 2013 Ferrara,US Sassuolo Calcio,0,1,it.1,FALSE
2017-10-22,Torino,AS Roma,0,1,it.1,FALSE
2017-10-22,Udinese Calcio,Juventus,2,6,it.1,FALSE
2017-10-22,SS Lazio,Cagliari Calcio,3,0,it.1,FALSE
2017-10-22,1. FC Köln,SV Werder Bremen,0,0,de.1,FALSE
2017-10-22,SC Freiburg,Hertha BSC,1,1,de.1,FALSE
2017-10-22,VfL Wolfsburg,TSG 1899 Hoffenheim,1,1,de.1,FALSE
2017-10-23,Real Sociedad de Fútbol,RCD Espanyol de Barcelona,1,1,es.1,FALSE
2017-10-23,Deportivo La Coruña,Girona,1,2,es.1,FALSE
2017-10-24,FC Internazionale Milano,Sampdoria,3,2,it.1,FALSE
2017-10-25,Atalanta BC,Hellas Verona,3,0,it.1,FALSE
2017-10-25,Bologna FC 1909,SS Lazio,1,2,it.1,FALSE
2017-10-25,Cagliari Calcio,Benevento Calcio,2,1,it.1,FALSE
2017-10-25,Chievo Verona,AC Milan,1,4,it.1,FALSE
2017-10-25,ACF Fiorentina,Torino,3,0,it.1,FALSE
2017-10-25,Genoa CFC,SSC Napoli,2,3,it.1,FALSE
2017-10-25,Juventus,SPAL 2013 Ferrara,4,1,it.1,FALSE
2017-10-25,AS Roma,FC Crotone,1,0,it.1,FALSE
2017-10-25,US Sassuolo Calcio,Udinese Calcio,0,1,it.1,FALSE
2017-10-27,1. FSV Mainz 05,Eintracht Frankfurt,1,1,de.1,FALSE
2017-10-28,Manchester United,Tottenham Hotspur,1,0,en.1,FALSE
2017-10-28,Arsenal,Swansea City,2,1,en.1,FALSE
2017-10-28,Crystal Palace,West Ham United,2,2,en.1,FALSE
2017-10-28,Liverpool,Huddersfield Town,3,0,en.1,FALSE
2017-10-28,Watford,Stoke City,0,1,en.1,FALSE
2017-10-28,West Bromwich Albion,Manchester City,2,3,en.1,FALSE
2017-10-28,AFC Bournemouth,Chelsea,0,1,en.1,FALSE
2017-10-28,Deportivo Alavés,Valencia CF,1,2,es.1,FALSE
2017-10-28,Club Atlético de Madrid,Villarreal CF,1,1,es.1,FALSE
2017-10-28,Athletic Club,FC Barcelona,0,2,es.1,FALSE
2017-10-28,Sevilla,CD Leganés,2,1,es.1,FALSE
2017-10-28,AC Milan,Juventus,0,2,it.1,FALSE
2017-10-28,AS Roma,Bologna FC 1909,1,0,it.1,FALSE
2017-10-28,TSG 1899 Hoffenheim,Borussia Mönchengladbach,1,3,de.1,FALSE
2017-10-28,Hertha BSC,Hamburger SV,2,1,de.1,FALSE
2017-10-28,FC Schalke 04,VfL Wolfsburg,1,1,de.1,FALSE
2017-10-28,Bayer 04 Leverkusen,1. FC Köln,2,1,de.1,FALSE
2017-10-28,Hannover 96,Borussia Dortmund,4,2,de.1,FALSE
2017-10-28,FC Bayern München,RB Leipzig,2,0,de.1,FALSE
2017-10-29,Leicester City,Everton,2,0,en.1,FALSE
2017-10-29,Brighton & Hove Albion,Southampton,1,1,en.1,FALSE
2017-10-29,Getafe CF,Real Sociedad de Fútbol,2,1,es.1,FALSE
2017-10-29,Girona,Real Madrid CF,2,1,es.1,FALSE
2017-10-29,SD Eibar,Levante UD,2,2,es.1,FALSE
2017-10-29,Málaga CF,RC Celta de Vigo,2,1,es.1,FALSE
2017-10-29,Benevento Calcio,SS Lazio,1,5,it.1,FALSE
2017-10-29,FC Crotone,ACF Fiorentina,2,1,it.1,FALSE
2017-10-29,SSC Napoli,US Sassuolo Calcio,3,1,it.1,FALSE
2017-10-29,Sampdoria,Chievo Verona,4,1,it.1,FALSE
2017-10-29,SPAL 2013 Ferrara,Genoa CFC,1,0,it.1,FALSE
2017-10-29,Udinese Calcio,Atalanta BC,2,1,it.1,FALSE
2017-10-29,Torino,Cagliari Calcio,2,1,it.1,FALSE
2017-10-29,SV Werder Bremen,FC Augsburg,0,3,de.1,FALSE
2017-10-29,VfB Stuttgart,SC Freiburg,3,0,de.1,FALSE
2017-10-30,Burnley,Newcastle United,1,0,en.1,FALSE
2017-10-30,RCD Espanyol de Barcelona,Real Betis Balompié,1,0,es.1,FALSE
2017-10-30,UD Las Palmas,Deportivo La Coruña,1,3,es.1,FALSE
2017-10-30,Hellas Verona,FC Internazionale Milano,1,2,it.1,FALSE
2017-10-31,Manchester United,SL Benfica,2,0,uefa.cl,FALSE
2017-10-31,FC Basel 1893,CSKA Moskva,1,2,uefa.cl,FALSE
2017-10-31,Paris Saint-Germain,RSC Anderlecht,5,0,uefa.cl,FALSE
2017-10-31,Celtic,FC Bayern München,1,2,uefa.cl,FALSE
2017-10-31,AS Roma,Chelsea,3,0,uefa.cl,FALSE
2017-10-31,Club Atlético de Madrid,Qarabağ FK,1,1,uefa.cl,FALSE
2017-10-31,Olympiakos Piraeus,FC Barcelona,0,0,uefa.cl,FALSE
2017-10-31,Sporting CP,Juventus,1,1,uefa.cl,FALSE
2017-11-01,Sevilla,Spartak Moskva,2,1,uefa.cl,FALSE
2017-11-01,Liverpool,NK Maribor,3,0,uefa.cl,FALSE
2017-11-01,SSC Napoli,Manchester City,2,4,uefa.cl,FALSE
2017-11-01,Shakhtar Donetsk,Feyenoord,3,1,uefa.cl,FALSE
2017-11-01,Beşiktaş,AS Monaco,1,1,uefa.cl,FALSE
2017-11-01,FC Porto,RB Leipzig,3,1,uefa.cl,FALSE
2017-11-01,Tottenham Hotspur,Real Madrid CF,3,1,uefa.cl,FALSE
2017-11-01,Borussia Dortmund,APOEL Nikosia,1,1,uefa.cl,FALSE
2017-11-03,Real Betis Balompié,Getafe CF,2,2,es.1,FALSE
2017-11-03,Eintracht Frankfurt,SV Werder Bremen,2,1,de.1,FALSE
2017-11-04,Stoke City,Leicester City,2,2,en.1,FALSE
2017-11-04,Huddersfield Town,West Bromwich Albion,1,0,en.1,FALSE
2017-11-04,Newcastle United,AFC Bournemouth,0,1,en.1,FALSE
2017-11-04,Southampton,Burnley,0,1,en.1,FALSE
2017-11-04,Swansea City,Brighton & Hove Albion,0,1,en.1,FALSE
2017-11-04,West Ham United,Liverpool,1,4,en.1,FALSE
2017-11-04,Valencia CF,CD Leganés,3,0,es.1,FALSE
2017-11-04,Deportivo La Coruña,Club Atlético de Madrid,0,1,es.1,FALSE
2017-11-04,Deportivo Alavés,RCD Espanyol de Barcelona,1,0,es.1,FALSE
2017-11-04,FC Barcelona,Sevilla,2,1,es.1,FALSE
2017-11-04,Bologna FC 1909,FC Crotone,2,3,it.1,FALSE
2017-11-04,Genoa CFC,Sampdoria,0,2,it.1,FALSE
2017-11-04,RB Leipzig,Hannover 96,2,1,de.1,FALSE
2017-11-04,SC Freiburg,FC Schalke 04,0,1,de.1,FALSE
2017-11-04,Borussia Mönchengladbach,1. FSV Mainz 05,1,1,de.1,FALSE
2017-11-04,FC Augsburg,Bayer 04 Leverkusen,1,1,de.1,FALSE
2017-11-04,Hamburger SV,VfB Stuttgart,3,1,de.1,FALSE
2017-11-04,Borussia Dortmund,FC Bayern München,1,3,de.1,FALSE
2017-11-05,Tottenham Hotspur,Crystal Palace,1,0,en.1,FALSE
2017-11-05,Manchester City,Arsenal,3,1,en.1,FALSE
2017-11-05,Chelsea,Manchester United,1,0,en.1,FALSE
2017-11-05,Everton,Watford,3,2,en.1,FALSE
2017-11-05,Levante UD,Girona,1,2,es.1,FALSE
2017-11-05,RC Celta de Vigo,Athletic Club,3,1,es.1,FALSE
2017-11-05,Real Sociedad de Fútbol,SD Eibar,3,1,es.1,FALSE
2017-11-05,Villarreal CF,Málaga CF,2,0,es.1,FALSE
2017-11-05,Real Madrid CF,UD Las Palmas,3,0,es.1,FALSE
2017-11-05,FC Internazionale Milano,Torino,1,1,it.1,FALSE
2017-11-05,Cagliari Calcio,Hellas Verona,2,1,it.1,FALSE
2017-11-05,Chievo Verona,SSC Napoli,0,0,it.1,FALSE
2017-11-05,ACF Fiorentina,AS Roma,2,4,it.1,FALSE
2017-11-05,Juventus,Benevento Calcio,2,1,it.1,FALSE
2017-11-05,Atalanta BC,SPAL 2013 Ferrara,1,1,it.1,FALSE
2017-11-05,US Sassuolo Calcio,AC Milan,0,2,it.1,FALSE
2017-11-05,1. FC Köln,TSG 1899 Hoffenheim,0,3,de.1,FALSE
2017-11-05,VfL Wolfsburg,Hertha BSC,3,3,de.1,FALSE
2017-11-17,Girona,Real Sociedad de Fútbol,1,1,es.1,FALSE
2017-11-17,VfB Stuttgart,Borussia Dortmund,2,1,de.1,FALSE
2017-11-18,AFC Bournemouth,Huddersfield Town,4,0,en.1,FALSE
2017-11-18,Burnley,Swansea City,2,0,en.1,FALSE
2017-11-18,Crystal Palace,Everton,2,2,en.1,FALSE
2017-11-18,Leicester City,Manchester City,0,2,en.1,FALSE
2017-11-18,Liverpool,Southampton,3,0,en.1,FALSE
2017-11-18,West Bromwich Albion,Chelsea,0,4,en.1,FALSE
2017-11-18,Manchester United,Newcastle United,4,1,en.1,FALSE
2017-11-18,Arsenal,Tottenham Hotspur,2,0,en.1,FALSE
2017-11-18,Getafe CF,Deportivo Alavés,4,1,es.1,FALSE
2017-11-18,CD Leganés,FC Barcelona,0,3,es.1,FALSE
2017-11-18,Sevilla,RC Celta de Vigo,2,1,es.1,FALSE
2017-11-18,Club Atlético de Madrid,Real Madrid CF,0,0,es.1,FALSE
2017-11-18,AS Roma,SS Lazio,2,1,it.1,FALSE
2017-11-18,SSC Napoli,AC Milan,2,1,it.1,FALSE
2017-11-18,FC Bayern München,FC Augsburg,3,0,de.1,FALSE
2017-11-18,TSG 1899 Hoffenheim,Eintracht Frankfurt,1,1,de.1,FALSE
2017-11-18,Bayer 04 Leverkusen,RB Leipzig,2,2,de.1,FALSE
2017-11-18,1. FSV Mainz 05,1. FC Köln,1,0,de.1,FALSE
2017-11-18,VfL Wolfsburg,SC Freiburg,3,1,de.1,FALSE
2017-11-18,Hertha BSC,Borussia Mönchengladbach,2,4,de.1,FALSE
2017-11-19,Watford,West Ham United,2,0,en.1,FALSE
2017-11-19,Málaga CF,Deportivo La Coruña,3,2,es.1,FALSE
2017-11-19,RCD Espanyol de Barcelona,Valencia CF,0,2,es.1,FALSE
2017-11-19,UD Las Palmas,Levante UD,0,2,es.1,FALSE
2017-11-19,Athletic Club,Villarreal CF,1,1,es.1,FALSE
2017-11-19,FC Crotone,Genoa CFC,0,1,it.1,FALSE
2017-11-19,Benevento Calcio,US Sassuolo Calcio,1,2,it.1,FALSE
2017-11-19,Sampdoria,Juventus,3,2,it.1,FALSE
2017-11-19,SPAL 2013 Ferrara,ACF Fiorentina,1,1,it.1,FALSE
2017-11-19,Torino,Chievo Verona,1,1,it.1,FALSE
2017-11-19,Udinese Calcio,Cagliari Calcio,0,1,it.1,FALSE
2017-11-19,FC Internazionale Milano,Atalanta BC,2,0,it.1,FALSE
2017-11-19,FC Schalke 04,Hamburger SV,2,0,de.1,FALSE
2017-11-19,SV Werder Bremen,Hannover 96,4,0,de.1,FALSE
2017-11-20,Brighton & Hove Albion,Stoke City,2,2,en.1,FALSE
2017-11-20,SD Eibar,Real Betis Balompié,5,0,es.1,FALSE
2017-11-20,Hellas Verona,Bologna FC 1909,2,3,it.1,FALSE
2017-11-21,Spartak Moskva,NK Maribor,1,1,uefa.cl,FALSE
2017-11-21,Sevilla,Liverpool,3,3,uefa.cl,FALSE
2017-11-21,SSC Napoli,Shakhtar Donetsk,3,0,uefa.cl,FALSE
2017-11-21,Manchester City,Feyenoord,1,0,uefa.cl,FALSE
2017-11-21,Beşiktaş,FC Porto,1,1,uefa.cl,FALSE
2017-11-21,AS Monaco,RB Leipzig,1,4,uefa.cl,FALSE
2017-11-21,Borussia Dortmund,Tottenham Hotspur,1,2,uefa.cl,FALSE
2017-11-21,APOEL Nikosia,Real Madrid CF,0,6,uefa.cl,FALSE
2017-11-22,CSKA Moskva,SL Benfica,2,0,uefa.cl,FALSE
2017-11-22,FC Basel 1893,Manchester United,1,0,uefa.cl,FALSE
2017-11-22,RSC Anderlecht,FC Bayern München,1,2,uefa.cl,FALSE
2017-11-22,Paris Saint-Germain,Celtic,7,1,uefa.cl,FALSE
2017-11-22,Qarabağ FK,Chelsea,0,4,uefa.cl,FALSE
2017-11-22,Club Atlético de Madrid,AS Roma,2,0,uefa.cl,FALSE
2017-11-22,Juventus,FC Barcelona,0,0,uefa.cl,FALSE
2017-11-22,Sporting CP,Olympiakos Piraeus,3,1,uefa.cl,FALSE
2017-11-24,West Ham United,Leicester City,1,1,en.1,FALSE
2017-11-24,RC Celta de Vigo,CD Leganés,1,0,es.1,FALSE
2017-11-24,Hannover 96,VfB Stuttgart,1,1,de.1,FALSE
2017-11-25,Manchester United,Brighton & Hove Albion,1,0,en.1,FALSE
2017-11-25,Newcastle United,Watford,0,3,en.1,FALSE
2017-11-25,Swansea City,AFC Bournemouth,0,0,en.1,FALSE
2017-11-25,Tottenham Hotspur,West Bromwich Albion,1,1,en.1,FALSE
2017-11-25,Liverpool,Chelsea,1,1,en.1,FALSE
2017-11-25,Crystal Palace,Stoke City,2,1,en.1,FALSE
2017-11-25,Deportivo Alavés,SD Eibar,1,2,es.1,FALSE
2017-11-25,Real Madrid CF,Málaga CF,3,2,es.1,FALSE
2017-11-25,Real Betis Balompié,Girona,2,2,es.1,FALSE
2017-11-25,Levante UD,Club Atlético de Madrid,0,5,es.1,FALSE
2017-11-25,Bologna FC 1909,Sampdoria,3,0,it.1,FALSE
2017-11-25,Chievo Verona,SPAL 2013 Ferrara,2,1,it.1,FALSE
2017-11-25,US Sassuolo Calcio,Hellas Verona,0,2,it.1,FALSE
2017-11-25,Cagliari Calcio,FC Internazionale Milano,1,3,it.1,FALSE
2017-11-25,Borussia Dortmund,FC Schalke 04,4,4,de.1,FALSE
2017-11-25,RB Leipzig,SV Werder Bremen,2,0,de.1,FALSE
2017-11-25,SC Freiburg,1. FSV Mainz 05,2,1,de.1,FALSE
2017-11-25,Eintracht Frankfurt,Bayer 04 Leverkusen,0,1,de.1,FALSE
2017-11-25,FC Augsburg,VfL Wolfsburg,2,1,de.1,FALSE
2017-11-25,Borussia Mönchengladbach,FC Bayern München,2,1,de.1,FALSE
2017-11-26,Southampton,Everton,4,1,en.1,FALSE
2017-11-26,Burnley,Arsenal,0,1,en.1,FALSE
2017-11-26,Huddersfield Town,Manchester City,1,2,en.1,FALSE
2017-11-26,Deportivo La Coruña,Athletic Club,2,2,es.1,FALSE
2017-11-26,Real Sociedad de Fútbol,UD Las Palmas,2,2,es.1,FALSE
2017-11-26,Villarreal CF,Sevilla,2,3,es.1,FALSE
2017-11-26,Valencia CF,FC Barcelona,1,1,es.1,FALSE
2017-11-26,Genoa CFC,AS Roma,1,1,it.1,FALSE
2017-11-26,AC Milan,Torino,0,0,it.1,FALSE
2017-11-26,Udinese Calcio,SSC Napoli,0,1,it.1,FALSE
2017-11-26,SS Lazio,ACF Fiorentina,1,1,it.1,FALSE
2017-11-26,Juventus,FC Crotone,3,0,it.1,FALSE
2017-11-26,Hamburger SV,TSG 1899 Hoffenheim,3,0,de.1,FALSE
2017-11-26,1. FC Köln,Hertha BSC,0,2,de.1,FALSE
2017-11-27,RCD Espanyol de Barcelona,Getafe CF,1,0,es.1,FALSE
2017-11-27,Atalanta BC,Benevento Calcio,1,0,it.1,FALSE
2017-11-28,Leicester City,Tottenham Hotspur,2,1,en.1,FALSE
2017-11-28,Watford,Manchester United,2,4,en.1,FALSE
2017-11-28,West Bromwich Albion,Newcastle United,2,2,en.1,FALSE
2017-11-28,Brighton & Hove Albion,Crystal Palace,0,0,en.1,FALSE
2017-11-29,AFC Bournemouth,Burnley,1,2,en.1,FALSE
2017-11-29,Arsenal,Huddersfield Town,5,0,en.1,FALSE
2017-11-29,Chelsea,Swansea City,1,0,en.1,FALSE
2017-11-29,Everton,West Ham United,4,0,en.1,FALSE
2017-11-29,Manchester City,Southampton,2,1,en.1,FALSE
2017-11-29,Stoke City,Liverpool,0,3,en.1,FALSE
2017-12-01,Málaga CF,Levante UD,0,0,es.1,FALSE
2017-12-01,AS Roma,SPAL 2013 Ferrara,3,1,it.1,FALSE
2017-12-01,SSC Napoli,Juventus,0,1,it.1,FALSE
2017-12-01,SC Freiburg,Hamburger SV,0,0,de.1,FALSE
2017-12-02,Chelsea,Newcastle United,3,1,en.1,FALSE
2017-12-02,Brighton & Hove Albion,Liverpool,1,5,en.1,FALSE
2017-12-02,Everton,Huddersfield Town,2,0,en.1,FALSE
2017-12-02,Leicester City,Burnley,1,0,en.1,FALSE
2017-12-02,Stoke City,Swansea City,2,1,en.1,FALSE
2017-12-02,Watford,Tottenham Hotspur,1,1,en.1,FALSE
2017-12-02,West Bromwich Albion,Crystal Palace,0,0,en.1,FALSE
2017-12-02,Arsenal,Manchester United,1,3,en.1,FALSE
2017-12-02,FC Barcelona,RC Celta de Vigo,2,2,es.1,FALSE
2017-12-02,Club Atlético de Madrid,Real Sociedad de Fútbol,2,1,es.1,FALSE
2017-12-02,Sevilla,Deportivo La Coruña,2,0,es.1,FALSE
2017-12-02,Athletic Club,Real Madrid CF,0,0,es.1,FALSE
2017-12-02,Torino,Atalanta BC,1,1,it.1,FALSE
2017-12-02,FC Bayern München,Hannover 96,3,1,de.1,FALSE
2017-12-02,TSG 1899 Hoffenheim,RB Leipzig,4,0,de.1,FALSE
2017-12-02,SV Werder Bremen,VfB Stuttgart,1,0,de.1,FALSE
2017-12-02,Bayer 04 Leverkusen,Borussia Dortmund,1,1,de.1,FALSE
2017-12-02,1. FSV Mainz 05,FC Augsburg,1,3,de.1,FALSE
2017-12-02,FC Schalke 04,1. FC Köln,2,2,de.1,FALSE
2017-12-03,Manchester City,West Ham United,2,1,en.1,FALSE
2017-12-03,AFC Bournemouth,Southampton,1,1,en.1,FALSE
2017-12-03,CD Leganés,Villarreal CF,3,1,es.1,FALSE
2017-12-03,Getafe CF,Valencia CF,1,0,es.1,FALSE
2017-12-03,SD Eibar,RCD Espanyol de Barcelona,3,1,es.1,FALSE
2017-12-03,UD Las Palmas,Real Betis Balompié,1,0,es.1,FALSE
2017-12-03,Benevento Calcio,AC Milan,2,2,it.1,FALSE
2017-12-03,Bologna FC 1909,Cagliari Calcio,1,1,it.1,FALSE
2017-12-03,ACF Fiorentina,US Sassuolo Calcio,3,0,it.1,FALSE
2017-12-03,FC Internazionale Milano,Chievo Verona,5,0,it.1,FALSE
2017-12-03,Sampdoria,SS Lazio,1,2,it.1,FALSE
2017-12-03,Hertha BSC,Eintracht Frankfurt,1,2,de.1,FALSE
2017-12-03,VfL Wolfsburg,Borussia Mönchengladbach,3,0,de.1,FALSE
2017-12-04,Girona,Deportivo Alavés,2,3,es.1,FALSE
2017-12-04,FC Crotone,Udinese Calcio,0,3,it.1,FALSE
2017-12-04,Hellas Verona,Genoa CFC,0,1,it.1,FALSE
2017-12-05,SL Benfica,FC Basel 1893,0,2,uefa.cl,FALSE
2017-12-05,Manchester United,CSKA Moskva,2,1,uefa.cl,FALSE
2017-12-05,FC Bayern München,Paris Saint-Germain,3,1,uefa.cl,FALSE
2017-12-05,Celtic,RSC Anderlecht,0,1,uefa.cl,FALSE
2017-12-05,Chelsea,Club Atlético de Madrid,1,1,uefa.cl,FALSE
2017-12-05,AS Roma,Qarabağ FK,1,0,uefa.cl,FALSE
2017-12-05,FC Barcelona,Sporting CP,2,0,uefa.cl,FALSE
2017-12-05,Olympiakos Piraeus,Juventus,0,2,uefa.cl,FALSE
2017-12-06,Liverpool,Spartak Moskva,7,0,uefa.cl,FALSE
2017-12-06,NK Maribor,Sevilla,1,1,uefa.cl,FALSE
2017-12-06,Shakhtar Donetsk,Manchester City,2,1,uefa.cl,FALSE
2017-12-06,Feyenoord,SSC Napoli,2,1,uefa.cl,FALSE
2017-12-06,FC Porto,AS Monaco,5,2,uefa.cl,FALSE
2017-12-06,RB Leipzig,Beşiktaş,1,2,uefa.cl,FALSE
2017-12-06,Real Madrid CF,Borussia Dortmund,3,2,uefa.cl,FALSE
2017-12-06,Tottenham Hotspur,APOEL Nikosia,3,0,uefa.cl,FALSE
2017-12-08,Deportivo Alavés,UD Las Palmas,2,0,es.1,FALSE
2017-12-08,VfB Stuttgart,Bayer 04 Leverkusen,0,2,de.1,FALSE
2017-12-09,West Ham United,Chelsea,1,0,en.1,FALSE
2017-12-09,Burnley,Watford,1,0,en.1,FALSE
2017-12-09,Crystal Palace,AFC Bournemouth,2,2,en.1,FALSE
2017-12-09,Huddersfield Town,Brighton & Hove Albion,2,0,en.1,FALSE
2017-12-09,Swansea City,West Bromwich Albion,1,0,en.1,FALSE
2017-12-09,Tottenham Hotspur,Stoke City,5,1,en.1,FALSE
2017-12-09,Newcastle United,Leicester City,2,3,en.1,FALSE
2017-12-09,Getafe CF,SD Eibar,0,0,es.1,FALSE
2017-12-09,Real Madrid CF,Sevilla,5,0,es.1,FALSE
2017-12-09,Deportivo La Coruña,CD Leganés,1,0,es.1,FALSE
2017-12-09,Valencia CF,RC Celta de Vigo,2,1,es.1,FALSE
2017-12-09,Cagliari Calcio,Sampdoria,2,2,it.1,FALSE
2017-12-09,Juventus,FC Internazionale Milano,0,0,it.1,FALSE
2017-12-09,Borussia Dortmund,SV Werder Bremen,1,2,de.1,FALSE
2017-12-09,RB Leipzig,1. FSV Mainz 05,2,2,de.1,FALSE
2017-12-09,Eintracht Frankfurt,FC Bayern München,0,1,de.1,FALSE
2017-12-09,Hamburger SV,VfL Wolfsburg,0,0,de.1,FALSE
2017-12-09,Borussia Mönchengladbach,FC Schalke 04,1,1,de.1,FALSE
2017-12-10,Liverpool,Everton,1,1,en.1,FALSE
2017-12-10,Manchester United,Manchester City,1,2,en.1,FALSE
2017-12-10,Southampton,Arsenal,1,1,en.1,FALSE
2017-12-10,Real Sociedad de Fútbol,Málaga CF,0,2,es.1,FALSE
2017-12-10,Real Betis Balompié,Club Atlético de Madrid,0,1,es.1,FALSE
2017-12-10,Levante UD,Athletic Club,1,2,es.1,FALSE
2017-12-10,Villarreal CF,FC Barcelona,0,2,es.1,FALSE
2017-12-10,Chievo Verona,AS Roma,0,0,it.1,FALSE
2017-12-10,SSC Napoli,ACF Fiorentina,0,0,it.1,FALSE
2017-12-10,SPAL 2013 Ferrara,Hellas Verona,2,2,it.1,FALSE
2017-12-10,Udinese Calcio,Benevento Calcio,2,0,it.1,FALSE
2017-12-10,US Sassuolo Calcio,FC Crotone,2,1,it.1,FALSE
2017-12-10,AC Milan,Bologna FC 1909,2,1,it.1,FALSE
2017-12-10,1. FC Köln,SC Freiburg,3,4,de.1,FALSE
2017-12-10,Hannover 96,TSG 1899 Hoffenheim,2,0,de.1,FALSE
2017-12-10,FC Augsburg,Hertha BSC,1,1,de.1,FALSE
2017-12-11,RCD Espanyol de Barcelona,Girona,0,1,es.1,FALSE
2017-12-11,SS Lazio,Torino,1,3,it.1,FALSE
2017-12-12,Crystal Palace,Watford,2,1,en.1,FALSE
2017-12-12,Huddersfield Town,Chelsea,1,3,en.1,FALSE
2017-12-12,Burnley,Stoke City,1,0,en.1,FALSE
2017-12-12,Genoa CFC,Atalanta BC,1,2,it.1,FALSE
2017-12-12,VfL Wolfsburg,RB Leipzig,1,1,de.1,FALSE
2017-12-12,Hamburger SV,Eintracht Frankfurt,1,2,de.1,FALSE
2017-12-12,1. FSV Mainz 05,Borussia Dortmund,0,2,de.1,FALSE
2017-12-12,SC Freiburg,Borussia Mönchengladbach,1,0,de.1,FALSE
2017-12-13,Swansea City,Manchester City,0,4,en.1,FALSE
2017-12-13,Newcastle United,Everton,0,1,en.1,FALSE
2017-12-13,Southampton,Leicester City,1,4,en.1,FALSE
2017-12-13,Manchester United,AFC Bournemouth,1,0,en.1,FALSE
2017-12-13,West Ham United,Arsenal,0,0,en.1,FALSE
2017-12-13,Liverpool,West Bromwich Albion,0,0,en.1,FALSE
2017-12-13,Tottenham Hotspur,Brighton & Hove Albion,2,0,en.1,FALSE
2017-12-13,TSG 1899 Hoffenheim,VfB Stuttgart,1,0,de.1,FALSE
2017-12-13,FC Bayern München,1. FC Köln,1,0,de.1,FALSE
2017-12-13,Hertha BSC,Hannover 96,3,1,de.1,FALSE
2017-12-13,FC Schalke 04,FC Augsburg,3,2,de.1,FALSE
2017-12-13,Bayer 04 Leverkusen,SV Werder Bremen,1,0,de.1,FALSE
2017-12-15,Sevilla,Levante UD,0,0,es.1,FALSE
2017-12-15,Borussia Mönchengladbach,Hamburger SV,3,1,de.1,FALSE
2017-12-16,Leicester City,Crystal Palace,0,3,en.1,FALSE
2017-12-16,Arsenal,Newcastle United,1,0,en.1,FALSE
2017-12-16,Brighton & Hove Albion,Burnley,0,0,en.1,FALSE
2017-12-16,Chelsea,Southampton,1,0,en.1,FALSE
2017-12-16,Watford,Huddersfield Town,1,4,en.1,FALSE
2017-12-16,Stoke City,West Ham United,0,3,en.1,FALSE
2017-12-16,Manchester City,Tottenham Hotspur,4,1,en.1,FALSE
2017-12-16,Athletic Club,Real Sociedad de Fútbol,0,0,es.1,FALSE
2017-12-16,SD Eibar,Valencia CF,2,1,es.1,FALSE
2017-12-16,Club Atlético de Madrid,Deportivo Alavés,1,0,es.1,FALSE
2017-12-16,FC Internazionale Milano,Udinese Calcio,1,3,it.1,FALSE
2017-12-16,Torino,SSC Napoli,1,3,it.1,FALSE
2017-12-16,AS Roma,Cagliari Calcio,1,0,it.1,FALSE
2017-12-16,1. FC Köln,VfL Wolfsburg,1,0,de.1,FALSE
2017-12-16,SV Werder Bremen,1. FSV Mainz 05,2,2,de.1,FALSE
2017-12-16,Eintracht Frankfurt,FC Schalke 04,2,2,de.1,FALSE
2017-12-16,FC Augsburg,SC Freiburg,3,3,de.1,FALSE
2017-12-16,VfB Stuttgart,FC Bayern München,0,1,de.1,FALSE
2017-12-16,Borussia Dortmund,TSG 1899 Hoffenheim,2,1,de.1,FALSE
2017-12-17,AFC Bournemouth,Liverpool,0,4,en.1,FALSE
2017-12-17,West Bromwich Albion,Manchester United,1,2,en.1,FALSE
2017-12-17,Girona,Getafe CF,1,0,es.1,FALSE
2017-12-17,RC Celta de Vigo,Villarreal CF,0,1,es.1,FALSE
2017-12-17,UD Las Palmas,RCD Espanyol de Barcelona,2,2,es.1,FALSE
2017-12-17,FC Barcelona,Deportivo La Coruña,4,0,es.1,FALSE
2017-12-17,Hellas Verona,AC Milan,3,0,it.1,FALSE
2017-12-17,Bologna FC 1909,Juventus,0,3,it.1,FALSE
2017-12-17,FC Crotone,Chievo Verona,1,0,it.1,FALSE
2017-12-17,ACF Fiorentina,Genoa CFC,0,0,it.1,FALSE
2017-12-17,Sampdoria,US Sassuolo Calcio,0,1,it.1,FALSE
2017-12-17,Benevento Calcio,SPAL 2013 Ferrara,1,2,it.1,FALSE
2017-12-17,Atalanta BC,SS Lazio,3,3,it.1,FALSE
2017-12-17,Hannover 96,Bayer 04 Leverkusen,4,4,de.1,FALSE
2017-12-17,RB Leipzig,Hertha BSC,2,3,de.1,FALSE
2017-12-18,Everton,Swansea City,3,1,en.1,FALSE
2017-12-18,Málaga CF,Real Betis Balompié,0,2,es.1,FALSE
2017-12-19,Levante UD,CD Leganés,0,0,es.1,FALSE
2017-12-20,Getafe CF,UD Las Palmas,2,0,es.1,FALSE
2017-12-20,Real Sociedad de Fútbol,Sevilla,3,1,es.1,FALSE
2017-12-21,SD Eibar,Girona,4,1,es.1,FALSE
2017-12-21,Deportivo Alavés,Málaga CF,1,0,es.1,FALSE
2017-12-22,Arsenal,Liverpool,3,3,en.1,FALSE
2017-12-22,Real Betis Balompié,Athletic Club,0,2,es.1,FALSE
2017-12-22,RCD Espanyol de Barcelona,Club Atlético de Madrid,1,0,es.1,FALSE
2017-12-22,Chievo Verona,Bologna FC 1909,2,3,it.1,FALSE
2017-12-22,Cagliari Calcio,ACF Fiorentina,0,1,it.1,FALSE
2017-12-23,Everton,Chelsea,0,0,en.1,FALSE
2017-12-23,Brighton & Hove Albion,Watford,1,0,en.1,FALSE
2017-12-23,Manchester City,AFC Bournemouth,4,0,en.1,FALSE
2017-12-23,Southampton,Huddersfield Town,1,1,en.1,FALSE
2017-12-23,Stoke City,West Bromwich Albion,3,1,en.1,FALSE
2017-12-23,Swansea City,Crystal Palace,1,1,en.1,FALSE
2017-12-23,West Ham United,Newcastle United,2,3,en.1,FALSE
2017-12-23,Burnley,Tottenham Hotspur,0,3,en.1,FALSE
2017-12-23,Leicester City,Manchester United,2,2,en.1,FALSE
2017-12-23,Real Madrid CF,FC Barcelona,0,3,es.1,FALSE
2017-12-23,Valencia CF,Villarreal CF,0,1,es.1,FALSE
2017-12-23,Deportivo La Coruña,RC Celta de Vigo,1,3,es.1,FALSE
2017-12-23,SS Lazio,FC Crotone,4,0,it.1,FALSE
2017-12-23,Genoa CFC,Benevento Calcio,1,0,it.1,FALSE
2017-12-23,SSC Napoli,Sampdoria,3,2,it.1,FALSE
2017-12-23,US Sassuolo Calcio,FC Internazionale Milano,1,0,it.1,FALSE
2017-12-23,SPAL 2013 Ferrara,Torino,2,2,it.1,FALSE
2017-12-23,Udinese Calcio,Hellas Verona,4,0,it.1,FALSE
2017-12-23,AC Milan,Atalanta BC,0,2,it.1,FALSE
2017-12-23,Juventus,AS Roma,1,0,it.1,FALSE
2017-12-26,Tottenham Hotspur,Southampton,5,2,en.1,FALSE
2017-12-26,AFC Bournemouth,West Ham United,3,3,en.1,FALSE
2017-12-26,Chelsea,Brighton & Hove Albion,2,0,en.1,FALSE
2017-12-26,Huddersfield Town,Stoke City,1,1,en.1,FALSE
2017-12-26,Manchester United,Burnley,2,2,en.1,FALSE
2017-12-26,Watford,Leicester City,2,1,en.1,FALSE
2017-12-26,West Bromwich Albion,Everton,0,0,en.1,FALSE
2017-12-26,Liverpool,Swansea City,5,0,en.1,FALSE
2017-12-27,Newcastle United,Manchester City,0,1,en.1,FALSE
2017-12-28,Crystal Palace,Arsenal,2,3,en.1,FALSE
2017-12-29,FC Crotone,SSC Napoli,0,1,it.1,FALSE
2017-12-30,AFC Bournemouth,Everton,2,1,en.1,FALSE
2017-12-30,Chelsea,Stoke City,5,0,en.1,FALSE
2017-12-30,Huddersfield Town,Burnley,0,0,en.1,FALSE
2017-12-30,Liverpool,Leicester City,2,1,en.1,FALSE
2017-12-30,Newcastle United,Brighton & Hove Albion,0,0,en.1,FALSE
2017-12-30,Watford,Swansea City,1,2,en.1,FALSE
2017-12-30,Manchester United,Southampton,0,0,en.1,FALSE
2017-12-30,ACF Fiorentina,AC Milan,1,1,it.1,FALSE
2017-12-30,Atalanta BC,Cagliari Calcio,1,2,it.1,FALSE
2017-12-30,Benevento Calcio,Chievo Verona,1,0,it.1,FALSE
2017-12-30,Bologna FC 1909,Udinese Calcio,1,2,it.1,FALSE
2017-12-30,AS Roma,US Sassuolo Calcio,1,1,it.1,FALSE
2017-12-30,Sampdoria,SPAL 2013 Ferrara,2,0,it.1,FALSE
2017-12-30,Torino,Genoa CFC,0,0,it.1,FALSE
2017-12-30,FC Internazionale Milano,SS Lazio,0,0,it.1,FALSE
2017-12-30,Hellas Verona,Juventus,1,3,it.1,FALSE
2017-12-31,Crystal Palace,Manchester City,0,0,en.1,FALSE
2017-12-31,West Bromwich Albion,Arsenal,1,1,en.1,FALSE
2018-01-01,Brighton & Hove Albion,AFC Bournemouth,2,2,en.1,FALSE
2018-01-01,Burnley,Liverpool,1,2,en.1,FALSE
2018-01-01,Leicester City,Huddersfield Town,3,0,en.1,FALSE
2018-01-01,Stoke City,Newcastle United,0,1,en.1,FALSE
2018-01-01,Everton,Manchester United,0,2,en.1,FALSE
2018-01-02,Manchester City,Watford,3,1,en.1,FALSE
2018-01-02,Southampton,Crystal Palace,1,2,en.1,FALSE
2018-01-02,Swansea City,Tottenham Hotspur,0,2,en.1,FALSE
2018-01-02,West Ham United,West Bromwich Albion,2,1,en.1,FALSE
2018-01-03,Arsenal,Chelsea,2,2,en.1,FALSE
2018-01-04,Tottenham Hotspur,West Ham United,1,1,en.1,FALSE
2018-01-05,Chievo Verona,Udinese Calcio,1,1,it.1,FALSE
2018-01-05,ACF Fiorentina,FC Internazionale Milano,1,1,it.1,FALSE
2018-01-06,Club Atlético de Madrid,Getafe CF,2,0,es.1,FALSE
2018-01-06,Valencia CF,Girona,2,1,es.1,FALSE
2018-01-06,UD Las Palmas,SD Eibar,1,2,es.1,FALSE
2018-01-06,Sevilla,Real Betis Balompié,3,5,es.1,FALSE
2018-01-06,Torino,Bologna FC 1909,3,0,it.1,FALSE
2018-01-06,AC Milan,FC Crotone,1,0,it.1,FALSE
2018-01-06,SSC Napoli,Hellas Verona,2,0,it.1,FALSE
2018-01-06,SPAL 2013 Ferrara,SS Lazio,2,5,it.1,FALSE
2018-01-06,Benevento Calcio,Sampdoria,3,2,it.1,FALSE
2018-01-06,Genoa CFC,US Sassuolo Calcio,1,0,it.1,FALSE
2018-01-06,AS Roma,Atalanta BC,1,2,it.1,FALSE
2018-01-06,Cagliari Calcio,Juventus,0,1,it.1,FALSE
2018-01-07,CD Leganés,Real Sociedad de Fútbol,1,0,es.1,FALSE
2018-01-07,FC Barcelona,Levante UD,3,0,es.1,FALSE
2018-01-07,Athletic Club,Deportivo Alavés,2,0,es.1,FALSE
2018-01-07,Villarreal CF,Deportivo La Coruña,1,1,es.1,FALSE
2018-01-07,RC Celta de Vigo,Real Madrid CF,2,2,es.1,FALSE
2018-01-08,Málaga CF,RCD Espanyol de Barcelona,0,1,es.1,FALSE
2018-01-12,Getafe CF,Málaga CF,1,0,es.1,FALSE
2018-01-12,Bayer 04 Leverkusen,FC Bayern München,1,3,de.1,FALSE
2018-01-13,Chelsea,Leicester City,0,0,en.1,FALSE
2018-01-13,Crystal Palace,Burnley,1,0,en.1,FALSE
2018-01-13,Huddersfield Town,West Ham United,1,4,en.1,FALSE
2018-01-13,Newcastle United,Swansea City,1,1,en.1,FALSE
2018-01-13,Watford,Southampton,2,2,en.1,FALSE
2018-01-13,West Bromwich Albion,Brighton & Hove Albion,2,0,en.1,FALSE
2018-01-13,Tottenham Hotspur,Everton,4,0,en.1,FALSE
2018-01-13,Girona,UD Las Palmas,6,0,es.1,FALSE
2018-01-13,Real Madrid CF,Villarreal CF,0,1,es.1,FALSE
2018-01-13,SD Eibar,Club Atlético de Madrid,0,1,es.1,FALSE
2018-01-13,Deportivo La Coruña,Valencia CF,1,2,es.1,FALSE
2018-01-13,SV Werder Bremen,TSG 1899 Hoffenheim,1,1,de.1,FALSE
2018-01-13,VfB Stuttgart,Hertha BSC,1,0,de.1,FALSE
2018-01-13,Eintracht Frankfurt,SC Freiburg,1,1,de.1,FALSE
2018-01-13,FC Augsburg,Hamburger SV,1,0,de.1,FALSE
2018-01-13,Hannover 96,1. FSV Mainz 05,3,2,de.1,FALSE
2018-01-13,RB Leipzig,FC Schalke 04,3,1,de.1,FALSE
2018-01-14,Liverpool,Manchester City,4,3,en.1,FALSE
2018-01-14,AFC Bournemouth,Arsenal,2,1,en.1,FALSE
2018-01-14,Levante UD,RC Celta de Vigo,0,1,es.1,FALSE
2018-01-14,Deportivo Alavés,Sevilla,1,0,es.1,FALSE
2018-01-14,RCD Espanyol de Barcelona,Athletic Club,1,1,es.1,FALSE
2018-01-14,Real Sociedad de Fútbol,FC Barcelona,2,4,es.1,FALSE
2018-01-14,1. FC Köln,Borussia Mönchengladbach,2,1,de.1,FALSE
2018-01-14,Borussia Dortmund,VfL Wolfsburg,0,0,de.1,FALSE
2018-01-15,Manchester United,Stoke City,3,0,en.1,FALSE
2018-01-15,Real Betis Balompié,CD Leganés,3,2,es.1,FALSE
2018-01-19,Getafe CF,Athletic Club,2,2,es.1,FALSE
2018-01-19,Hertha BSC,Borussia Dortmund,1,1,de.1,FALSE
2018-01-20,Brighton & Hove Albion,Chelsea,0,4,en.1,FALSE
2018-01-20,Arsenal,Crystal Palace,4,1,en.1,FALSE
2018-01-20,Burnley,Manchester United,0,1,en.1,FALSE
2018-01-20,Everton,West Bromwich Albion,1,1,en.1,FALSE
2018-01-20,Leicester City,Watford,2,0,en.1,FALSE
2018-01-20,Stoke City,Huddersfield Town,2,0,en.1,FALSE
2018-01-20,West Ham United,AFC Bournemouth,1,1,en.1,FALSE
2018-01-20,Manchester City,Newcastle United,3,1,en.1,FALSE
2018-01-20,RCD Espanyol de Barcelona,Sevilla,0,3,es.1,FALSE
2018-01-20,Club Atlético de Madrid,Girona,1,1,es.1,FALSE
2018-01-20,Villarreal CF,Levante UD,2,1,es.1,FALSE
2018-01-20,UD Las Palmas,Valencia CF,2,1,es.1,FALSE
2018-01-20,SC Freiburg,RB Leipzig,2,1,de.1,FALSE
2018-01-20,VfL Wolfsburg,Eintracht Frankfurt,1,3,de.1,FALSE
2018-01-20,TSG 1899 Hoffenheim,Bayer 04 Leverkusen,1,4,de.1,FALSE
2018-01-20,Borussia Mönchengladbach,FC Augsburg,2,0,de.1,FALSE
2018-01-20,1. FSV Mainz 05,VfB Stuttgart,3,2,de.1,FALSE
2018-01-20,Hamburger SV,1. FC Köln,0,2,de.1,FALSE
2018-01-21,Southampton,Tottenham Hotspur,1,1,en.1,FALSE
2018-01-21,Deportivo Alavés,CD Leganés,2,2,es.1,FALSE
2018-01-21,Real Madrid CF,Deportivo La Coruña,7,1,es.1,FALSE
2018-01-21,Real Sociedad de Fútbol,RC Celta de Vigo,1,2,es.1,FALSE
2018-01-21,Real Betis Balompié,FC Barcelona,0,5,es.1,FALSE
2018-01-21,Atalanta BC,SSC Napoli,0,1,it.1,FALSE
2018-01-21,Bologna FC 1909,Benevento Calcio,3,0,it.1,FALSE
2018-01-21,SS Lazio,Chievo Verona,5,1,it.1,FALSE
2018-01-21,Hellas Verona,FC Crotone,0,3,it.1,FALSE
2018-01-21,Sampdoria,ACF Fiorentina,3,1,it.1,FALSE
2018-01-21,Udinese Calcio,SPAL 2013 Ferrara,1,1,it.1,FALSE
2018-01-21,US Sassuolo Calcio,Torino,1,1,it.1,FALSE
2018-01-21,Cagliari Calcio,AC Milan,1,2,it.1,FALSE
2018-01-21,FC Internazionale Milano,AS Roma,1,1,it.1,FALSE
2018-01-21,FC Bayern München,SV Werder Bremen,4,2,de.1,FALSE
2018-01-21,FC Schalke 04,Hannover 96,1,1,de.1,FALSE
2018-01-22,Swansea City,Liverpool,1,0,en.1,FALSE
2018-01-22,SD Eibar,Málaga CF,1,1,es.1,FALSE
2018-01-22,Juventus,Genoa CFC,1,0,it.1,FALSE
2018-01-24,Sampdoria,AS Roma,1,1,it.1,FALSE
2018-01-24,SS Lazio,Udinese Calcio,3,0,it.1,FALSE
2018-01-26,Athletic Club,SD Eibar,1,1,es.1,FALSE
2018-01-26,Eintracht Frankfurt,Borussia Mönchengladbach,2,0,de.1,FALSE
2018-01-27,Deportivo La Coruña,Levante UD,2,2,es.1,FALSE
2018-01-27,Valencia CF,Real Madrid CF,1,4,es.1,FALSE
2018-01-27,Málaga CF,Girona,0,0,es.1,FALSE
2018-01-27,Villarreal CF,Real Sociedad de Fútbol,4,2,es.1,FALSE
2018-01-27,US Sassuolo Calcio,Atalanta BC,0,3,it.1,FALSE
2018-01-27,Chievo Verona,Juventus,0,2,it.1,FALSE
2018-01-27,FC Bayern München,TSG 1899 Hoffenheim,5,2,de.1,FALSE
2018-01-27,Borussia Dortmund,SC Freiburg,2,2,de.1,FALSE
2018-01-27,VfB Stuttgart,FC Schalke 04,0,2,de.1,FALSE
2018-01-27,1. FC Köln,FC Augsburg,1,1,de.1,FALSE
2018-01-27,RB Leipzig,Hamburger SV,1,1,de.1,FALSE
2018-01-27,SV Werder Bremen,Hertha BSC,0,0,de.1,FALSE
2018-01-28,CD Leganés,RCD Espanyol de Barcelona,3,2,es.1,FALSE
2018-01-28,Club Atlético de Madrid,UD Las Palmas,3,0,es.1,FALSE
2018-01-28,Sevilla,Getafe CF,1,1,es.1,FALSE
2018-01-28,FC Barcelona,Deportivo Alavés,2,1,es.1,FALSE
2018-01-28,SPAL 2013 Ferrara,FC Internazionale Milano,1,1,it.1,FALSE
2018-01-28,Torino,Benevento Calcio,3,0,it.1,FALSE
2018-01-28,SSC Napoli,Bologna FC 1909,3,1,it.1,FALSE
2018-01-28,FC Crotone,Cagliari Calcio,1,1,it.1,FALSE
2018-01-28,ACF Fiorentina,Hellas Verona,1,4,it.1,FALSE
2018-01-28,Genoa CFC,Udinese Calcio,0,1,it.1,FALSE
2018-01-28,AC Milan,SS Lazio,2,1,it.1,FALSE
2018-01-28,AS Roma,Sampdoria,0,1,it.1,FALSE
2018-01-28,Bayer 04 Leverkusen,1. FSV Mainz 05,2,0,de.1,FALSE
2018-01-28,Hannover 96,VfL Wolfsburg,0,1,de.1,FALSE
2018-01-29,RC Celta de Vigo,Real Betis Balompié,3,2,es.1,FALSE
2018-01-30,West Ham United,Crystal Palace,1,1,en.1,FALSE
2018-01-30,Huddersfield Town,Liverpool,0,3,en.1,FALSE
2018-01-30,Swansea City,Arsenal,3,1,en.1,FALSE
2018-01-31,Chelsea,AFC Bournemouth,0,3,en.1,FALSE
2018-01-31,Everton,Leicester City,2,1,en.1,FALSE
2018-01-31,Newcastle United,Burnley,1,1,en.1,FALSE
2018-01-31,Southampton,Brighton & Hove Albion,1,1,en.1,FALSE
2018-01-31,Manchester City,West Bromwich Albion,3,0,en.1,FALSE
2018-01-31,Stoke City,Watford,0,0,en.1,FALSE
2018-01-31,Tottenham Hotspur,Manchester United,2,0,en.1,FALSE
2018-02-02,Real Sociedad de Fútbol,Deportivo La Coruña,5,0,es.1,FALSE
2018-02-02,1. FC Köln,Borussia Dortmund,2,3,de.1,FALSE
2018-02-03,Burnley,Manchester City,1,1,en.1,FALSE
2018-02-03,AFC Bournemouth,Stoke City,2,1,en.1,FALSE
2018-02-03,Brighton & Hove Albion,West Ham United,3,1,en.1,FALSE
2018-02-03,Leicester City,Swansea City,1,1,en.1,FALSE
2018-02-03,Manchester United,Huddersfield Town,2,0,en.1,FALSE
2018-02-03,West Bromwich Albion,Southampton,2,3,en.1,FALSE
2018-02-03,Arsenal,Everton,5,1,en.1,FALSE
2018-02-03,SD Eibar,Sevilla,5,1,es.1,FALSE
2018-02-03,Real Betis Balompié,Villarreal CF,2,1,es.1,FALSE
2018-02-03,Deportivo Alavés,RC Celta de Vigo,2,1,es.1,FALSE
2018-02-03,Levante UD,Real Madrid CF,2,2,es.1,FALSE
2018-02-03,Sampdoria,Torino,1,1,it.1,FALSE
2018-02-03,FC Internazionale Milano,FC Crotone,1,1,it.1,FALSE
2018-02-03,1. FSV Mainz 05,FC Bayern München,0,2,de.1,FALSE
2018-02-03,Hertha BSC,TSG 1899 Hoffenheim,1,1,de.1,FALSE
2018-02-03,FC Schalke 04,SV Werder Bremen,1,2,de.1,FALSE
2018-02-03,SC Freiburg,Bayer 04 Leverkusen,0,0,de.1,FALSE
2018-02-03,VfL Wolfsburg,VfB Stuttgart,1,1,de.1,FALSE
2018-02-03,Borussia Mönchengladbach,RB Leipzig,0,1,de.1,FALSE
2018-02-04,Liverpool,Tottenham Hotspur,2,2,en.1,FALSE
2018-02-04,Crystal Palace,Newcastle United,1,1,en.1,FALSE
2018-02-04,Getafe CF,CD Leganés,0,0,es.1,FALSE
2018-02-04,RCD Espanyol de Barcelona,FC Barcelona,1,1,es.1,FALSE
2018-02-04,Girona,Athletic Club,2,0,es.1,FALSE
2018-02-04,Club Atlético de Madrid,Valencia CF,1,0,es.1,FALSE
2018-02-04,Hellas Verona,AS Roma,0,1,it.1,FALSE
2018-02-04,Atalanta BC,Chievo Verona,1,0,it.1,FALSE
2018-02-04,Bologna FC 1909,ACF Fiorentina,1,2,it.1,FALSE
2018-02-04,Udinese Calcio,AC Milan,1,1,it.1,FALSE
2018-02-04,Juventus,US Sassuolo Calcio,7,0,it.1,FALSE
2018-02-04,Cagliari Calcio,SPAL 2013 Ferrara,2,0,it.1,FALSE
2018-02-04,Benevento Calcio,SSC Napoli,0,2,it.1,FALSE
2018-02-04,FC Augsburg,Eintracht Frankfurt,3,0,de.1,FALSE
2018-02-04,Hamburger SV,Hannover 96,1,1,de.1,FALSE
2018-02-05,Watford,Chelsea,4,1,en.1,FALSE
2018-02-05,UD Las Palmas,Málaga CF,1,0,es.1,FALSE
2018-02-05,SS Lazio,Genoa CFC,1,2,it.1,FALSE
2018-02-09,Athletic Club,UD Las Palmas,0,0,es.1,FALSE
2018-02-09,ACF Fiorentina,Juventus,0,2,it.1,FALSE
2018-02-09,RB Leipzig,FC Augsburg,2,0,de.1,FALSE
2018-02-10,Tottenham Hotspur,Arsenal,1,0,en.1,FALSE
2018-02-10,Everton,Crystal Palace,3,1,en.1,FALSE
2018-02-10,Stoke City,Brighton & Hove Albion,1,1,en.1,FALSE
2018-02-10,Swansea City,Burnley,1,0,en.1,FALSE
2018-02-10,West Ham United,Watford,2,0,en.1,FALSE
2018-02-10,Manchester City,Leicester City,5,1,en.1,FALSE
2018-02-10,Villarreal CF,Deportivo Alavés,1,2,es.1,FALSE
2018-02-10,Málaga CF,Club Atlético de Madrid,0,1,es.1,FALSE
2018-02-10,CD Leganés,SD Eibar,0,1,es.1,FALSE
2018-02-10,Real Madrid CF,Real Sociedad de Fútbol,5,2,es.1,FALSE
2018-02-10,SPAL 2013 Ferrara,AC Milan,0,4,it.1,FALSE
2018-02-10,FC Crotone,Atalanta BC,1,1,it.1,FALSE
2018-02-10,SSC Napoli,SS Lazio,4,1,it.1,FALSE
2018-02-10,Eintracht Frankfurt,1. FC Köln,4,2,de.1,FALSE
2018-02-10,Bayer 04 Leverkusen,Hertha BSC,0,2,de.1,FALSE
2018-02-10,Hannover 96,SC Freiburg,2,1,de.1,FALSE
2018-02-10,Borussia Dortmund,Hamburger SV,2,0,de.1,FALSE
2018-02-10,TSG 1899 Hoffenheim,1. FSV Mainz 05,4,2,de.1,FALSE
2018-02-10,FC Bayern München,FC Schalke 04,2,1,de.1,FALSE
2018-02-11,Newcastle United,Manchester United,1,0,en.1,FALSE
2018-02-11,Southampton,Liverpool,0,2,en.1,FALSE
2018-02-11,Huddersfield Town,AFC Bournemouth,4,1,en.1,FALSE
2018-02-11,Sevilla,Girona,1,0,es.1,FALSE
2018-02-11,FC Barcelona,Getafe CF,0,0,es.1,FALSE
2018-02-11,RC Celta de Vigo,RCD Espanyol de Barcelona,2,2,es.1,FALSE
2018-02-11,Valencia CF,Levante UD,3,1,es.1,FALSE
2018-02-11,US Sassuolo Calcio,Cagliari Calcio,0,0,it.1,FALSE
2018-02-11,FC Internazionale Milano,Bologna FC 1909,2,1,it.1,FALSE
2018-02-11,Chievo Verona,Genoa CFC,0,1,it.1,FALSE
2018-02-11,Sampdoria,Hellas Verona,2,0,it.1,FALSE
2018-02-11,Torino,Udinese Calcio,2,0,it.1,FALSE
2018-02-11,AS Roma,Benevento Calcio,5,2,it.1,FALSE
2018-02-11,VfB Stuttgart,Borussia Mönchengladbach,1,0,de.1,FALSE
2018-02-11,SV Werder Bremen,VfL Wolfsburg,3,1,de.1,FALSE
2018-02-12,Chelsea,West Bromwich Albion,3,0,en.1,FALSE
2018-02-12,Deportivo La Coruña,Real Betis Balompié,0,1,es.1,FALSE
2018-02-13,Juventus,Tottenham Hotspur,2,2,uefa.cl,FALSE
2018-02-13,FC Basel 1893,Manchester City,0,4,uefa.cl,FALSE
2018-02-14,FC Porto,Liverpool,0,5,uefa.cl,FALSE
2018-02-14,Real Madrid CF,Paris Saint-Germain,3,1,uefa.cl,FALSE
2018-02-16,Girona,CD Leganés,3,0,es.1,FALSE
2018-02-16,Hertha BSC,1. FSV Mainz 05,0,2,de.1,FALSE
2018-02-17,UD Las Palmas,Sevilla,1,2,es.1,FALSE
2018-02-17,SD Eibar,FC Barcelona,0,2,es.1,FALSE
2018-02-17,Deportivo Alavés,Deportivo La Coruña,1,0,es.1,FALSE
2018-02-17,Málaga CF,Valencia CF,1,2,es.1,FALSE
2018-02-17,Udinese Calcio,AS Roma,0,2,it.1,FALSE
2018-02-17,Chievo Verona,Cagliari Calcio,2,1,it.1,FALSE
2018-02-17,Genoa CFC,FC Internazionale Milano,2,0,it.1,FALSE
2018-02-17,VfL Wolfsburg,FC Bayern München,1,2,de.1,FALSE
2018-02-17,SC Freiburg,SV Werder Bremen,1,0,de.1,FALSE
2018-02-17,Hamburger SV,Bayer 04 Leverkusen,1,2,de.1,FALSE
2018-02-17,1. FC Köln,Hannover 96,1,1,de.1,FALSE
2018-02-17,FC Schalke 04,TSG 1899 Hoffenheim,2,1,de.1,FALSE
2018-02-18,Real Sociedad de Fútbol,Levante UD,3,0,es.1,FALSE
2018-02-18,Club Atlético de Madrid,Athletic Club,2,0,es.1,FALSE
2018-02-18,RCD Espanyol de Barcelona,Villarreal CF,1,1,es.1,FALSE
2018-02-18,Real Betis Balompié,Real Madrid CF,3,5,es.1,FALSE
2018-02-18,Torino,Juventus,0,1,it.1,FALSE
2018-02-18,Benevento Calcio,FC Crotone,3,2,it.1,FALSE
2018-02-18,Bologna FC 1909,US Sassuolo Calcio,2,1,it.1,FALSE
2018-02-18,SSC Napoli,SPAL 2013 Ferrara,1,0,it.1,FALSE
2018-02-18,Atalanta BC,ACF Fiorentina,1,1,it.1,FALSE
2018-02-18,AC Milan,Sampdoria,1,0,it.1,FALSE
2018-02-18,FC Augsburg,VfB Stuttgart,0,1,de.1,FALSE
2018-02-18,Borussia Mönchengladbach,Borussia Dortmund,0,1,de.1,FALSE
2018-02-19,Getafe CF,RC Celta de Vigo,3,0,es.1,FALSE
2018-02-19,SS Lazio,Hellas Verona,2,0,it.1,FALSE
2018-02-19,Eintracht Frankfurt,RB Leipzig,2,1,de.1,FALSE
2018-02-20,Chelsea,FC Barcelona,1,1,uefa.cl,FALSE
2018-02-20,FC Bayern München,Beşiktaş,5,0,uefa.cl,FALSE
2018-02-21,CD Leganés,Real Madrid CF,1,3,es.1,FALSE
2018-02-21,Sevilla,Manchester United,0,0,uefa.cl,FALSE
2018-02-21,Shakhtar Donetsk,AS Roma,2,1,uefa.cl,FALSE
2018-02-23,Deportivo La Coruña,RCD Espanyol de Barcelona,0,0,es.1,FALSE
2018-02-23,1. FSV Mainz 05,VfL Wolfsburg,1,1,de.1,FALSE
2018-02-24,Leicester City,Stoke City,1,1,en.1,FALSE
2018-02-24,AFC Bournemouth,Newcastle United,2,2,en.1,FALSE
2018-02-24,Brighton & Hove Albion,Swansea City,4,1,en.1,FALSE
2018-02-24,Burnley,Southampton,1,1,en.1,FALSE
2018-02-24,Liverpool,West Ham United,4,1,en.1,FALSE
2018-02-24,West Bromwich Albion,Huddersfield Town,1,2,en.1,FALSE
2018-02-24,Watford,Everton,1,0,en.1,FALSE
2018-02-24,RC Celta de Vigo,SD Eibar,2,0,es.1,FALSE
2018-02-24,Real Madrid CF,Deportivo Alavés,4,0,es.1,FALSE
2018-02-24,CD Leganés,UD Las Palmas,0,0,es.1,FALSE
2018-02-24,FC Barcelona,Girona,6,1,es.1,FALSE
2018-02-24,Bologna FC 1909,Genoa CFC,2,0,it.1,FALSE
2018-02-24,FC Internazionale Milano,Benevento Calcio,2,0,it.1,FALSE
2018-02-24,FC Bayern München,Hertha BSC,0,0,de.1,FALSE
2018-02-24,TSG 1899 Hoffenheim,SC Freiburg,1,1,de.1,FALSE
2018-02-24,Hannover 96,Borussia Mönchengladbach,0,1,de.1,FALSE
2018-02-24,VfB Stuttgart,Eintracht Frankfurt,1,0,de.1,FALSE
2018-02-24,SV Werder Bremen,Hamburger SV,1,0,de.1,FALSE
2018-02-25,Manchester United,Chelsea,2,1,en.1,FALSE
2018-02-25,Crystal Palace,Tottenham Hotspur,0,1,en.1,FALSE
2018-02-25,Villarreal CF,Getafe CF,1,0,es.1,FALSE
2018-02-25,Athletic Club,Málaga CF,2,1,es.1,FALSE
2018-02-25,Valencia CF,Real Sociedad de Fútbol,2,1,es.1,FALSE
2018-02-25,Sevilla,Club Atlético de Madrid,2,5,es.1,FALSE
2018-02-25,FC Crotone,SPAL 2013 Ferrara,2,3,it.1,FALSE
2018-02-25,ACF Fiorentina,Chievo Verona,1,0,it.1,FALSE
2018-02-25,US Sassuolo Calcio,SS Lazio,0,3,it.1,FALSE
2018-02-25,Hellas Verona,Torino,2,1,it.1,FALSE
2018-02-25,Sampdoria,Udinese Calcio,2,1,it.1,FALSE
2018-02-25,AS Roma,AC Milan,0,2,it.1,FALSE
2018-02-25,Bayer 04 Leverkusen,FC Schalke 04,0,2,de.1,FALSE
2018-02-25,RB Leipzig,1. FC Köln,1,2,de.1,FALSE
2018-02-26,Levante UD,Real Betis Balompié,0,2,es.1,FALSE
2018-02-26,Cagliari Calcio,SSC Napoli,0,5,it.1,FALSE
2018-02-26,Borussia Dortmund,FC Augsburg,1,1,de.1,FALSE
2018-02-27,RCD Espanyol de Barcelona,Real Madrid CF,1,0,es.1,FALSE
2018-02-27,Girona,RC Celta de Vigo,1,0,es.1,FALSE
2018-02-28,Athletic Club,Valencia CF,1,1,es.1,FALSE
2018-02-28,Getafe CF,Deportivo La Coruña,3,0,es.1,FALSE
2018-02-28,Málaga CF,Sevilla,0,1,es.1,FALSE
2018-02-28,Club Atlético de Madrid,CD Leganés,4,0,es.1,FALSE
2018-02-28,SD Eibar,Villarreal CF,1,0,es.1,FALSE
2018-03-01,Arsenal,Manchester City,0,3,en.1,FALSE
2018-03-01,Real Betis Balompié,Real Sociedad de Fútbol,0,0,es.1,FALSE
2018-03-01,UD Las Palmas,FC Barcelona,1,1,es.1,FALSE
2018-03-01,Deportivo Alavés,Levante UD,1,0,es.1,FALSE
2018-03-02,Borussia Mönchengladbach,SV Werder Bremen,2,2,de.1,FALSE
2018-03-03,Burnley,Everton,2,1,en.1,FALSE
2018-03-03,Leicester City,AFC Bournemouth,1,1,en.1,FALSE
2018-03-03,Southampton,Stoke City,0,0,en.1,FALSE
2018-03-03,Swansea City,West Ham United,4,1,en.1,FALSE
2018-03-03,Tottenham Hotspur,Huddersfield Town,2,0,en.1,FALSE
2018-03-03,Watford,West Bromwich Albion,1,0,en.1,FALSE
2018-03-03,Liverpool,Newcastle United,2,0,en.1,FALSE
2018-03-03,Villarreal CF,Girona,0,2,es.1,FALSE
2018-03-03,Sevilla,Athletic Club,2,0,es.1,FALSE
2018-03-03,Deportivo La Coruña,SD Eibar,1,1,es.1,FALSE
2018-03-03,CD Leganés,Málaga CF,2,0,es.1,FALSE
2018-03-03,Real Madrid CF,Getafe CF,3,1,es.1,FALSE
2018-03-03,SPAL 2013 Ferrara,Bologna FC 1909,1,0,it.1,FALSE
2018-03-03,SS Lazio,Juventus,0,1,it.1,FALSE
2018-03-03,SSC Napoli,AS Roma,2,4,it.1,FALSE
2018-03-03,FC Schalke 04,Hertha BSC,1,0,de.1,FALSE
2018-03-03,Eintracht Frankfurt,Hannover 96,1,0,de.1,FALSE
2018-03-03,FC Augsburg,TSG 1899 Hoffenheim,0,2,de.1,FALSE
2018-03-03,Hamburger SV,1. FSV Mainz 05,0,0,de.1,FALSE
2018-03-03,VfL Wolfsburg,Bayer 04 Leverkusen,1,2,de.1,FALSE
2018-03-03,RB Leipzig,Borussia Dortmund,1,1,de.1,FALSE
2018-03-04,Manchester City,Chelsea,1,0,en.1,FALSE
2018-03-04,Brighton & Hove Albion,Arsenal,2,1,en.1,FALSE
2018-03-04,Levante UD,RCD Espanyol de Barcelona,1,1,es.1,FALSE
2018-03-04,FC Barcelona,Club Atlético de Madrid,1,0,es.1,FALSE
2018-03-04,Real Sociedad de Fútbol,Deportivo Alavés,2,1,es.1,FALSE
2018-03-04,Valencia CF,Real Betis Balompié,2,0,es.1,FALSE
2018-03-04,1. FC Köln,VfB Stuttgart,2,3,de.1,FALSE
2018-03-04,SC Freiburg,FC Bayern München,0,4,de.1,FALSE
2018-03-05,Crystal Palace,Manchester United,2,3,en.1,FALSE
2018-03-05,RC Celta de Vigo,UD Las Palmas,2,1,es.1,FALSE
2018-03-06,Liverpool,FC Porto,0,0,uefa.cl,FALSE
2018-03-06,Paris Saint-Germain,Real Madrid CF,1,2,uefa.cl,FALSE
2018-03-07,Tottenham Hotspur,Juventus,1,2,uefa.cl,FALSE
2018-03-07,Manchester City,FC Basel 1893,1,2,uefa.cl,FALSE
2018-03-09,Girona,Deportivo La Coruña,2,0,es.1,FALSE
2018-03-09,AS Roma,Torino,3,0,it.1,FALSE
2018-03-09,1. FSV Mainz 05,FC Schalke 04,0,1,de.1,FALSE
2018-03-10,Everton,Brighton & Hove Albion,2,0,en.1,FALSE
2018-03-10,Huddersfield Town,Swansea City,0,0,en.1,FALSE
2018-03-10,Newcastle United,Southampton,3,0,en.1,FALSE
2018-03-10,West Bromwich Albion,Leicester City,1,4,en.1,FALSE
2018-03-10,West Ham United,Burnley,0,3,en.1,FALSE
2018-03-10,Chelsea,Crystal Palace,2,1,en.1,FALSE
2018-03-10,Manchester United,Liverpool,2,1,en.1,FALSE
2018-03-10,SD Eibar,Real Madrid CF,1,2,es.1,FALSE
2018-03-10,Sevilla,Valencia CF,0,2,es.1,FALSE
2018-03-10,Getafe CF,Levante UD,0,1,es.1,FALSE
2018-03-10,Málaga CF,FC Barcelona,0,2,es.1,FALSE
2018-03-10,Hellas Verona,Chievo Verona,1,0,it.1,FALSE
2018-03-10,Hertha BSC,SC Freiburg,0,0,de.1,FALSE
2018-03-10,Hannover 96,FC Augsburg,1,3,de.1,FALSE
2018-03-10,FC Bayern München,Hamburger SV,6,0,de.1,FALSE
2018-03-10,TSG 1899 Hoffenheim,VfL Wolfsburg,3,0,de.1,FALSE
2018-03-10,Bayer 04 Leverkusen,Borussia Mönchengladbach,2,0,de.1,FALSE
2018-03-11,Arsenal,Watford,3,0,en.1,FALSE
2018-03-11,AFC Bournemouth,Tottenham Hotspur,1,4,en.1,FALSE
2018-03-11,RCD Espanyol de Barcelona,Real Sociedad de Fútbol,2,1,es.1,FALSE
2018-03-11,Club Atlético de Madrid,RC Celta de Vigo,3,0,es.1,FALSE
2018-03-11,UD Las Palmas,Villarreal CF,0,2,es.1,FALSE
2018-03-11,Athletic Club,CD Leganés,2,0,es.1,FALSE
2018-03-11,ACF Fiorentina,Benevento Calcio,1,0,it.1,FALSE
2018-03-11,Bologna FC 1909,Atalanta BC,0,1,it.1,FALSE
2018-03-11,Cagliari Calcio,SS Lazio,2,2,it.1,FALSE
2018-03-11,FC Crotone,Sampdoria,4,1,it.1,FALSE
2018-03-11,US Sassuolo Calcio,SPAL 2013 Ferrara,1,1,it.1,FALSE
2018-03-11,Juventus,Udinese Calcio,2,0,it.1,FALSE
2018-03-11,Genoa CFC,AC Milan,0,1,it.1,FALSE
2018-03-11,FC Internazionale Milano,SSC Napoli,0,0,it.1,FALSE
2018-03-11,VfB Stuttgart,RB Leipzig,0,0,de.1,FALSE
2018-03-11,Borussia Dortmund,Eintracht Frankfurt,3,2,de.1,FALSE
2018-03-12,Stoke City,Manchester City,0,2,en.1,FALSE
2018-03-12,Deportivo Alavés,Real Betis Balompié,1,3,es.1,FALSE
2018-03-12,SV Werder Bremen,1. FC Köln,3,1,de.1,FALSE
2018-03-13,Manchester United,Sevilla,1,2,uefa.cl,FALSE
2018-03-13,AS Roma,Shakhtar Donetsk,1,0,uefa.cl,FALSE
2018-03-14,Juventus,Atalanta BC,2,0,it.1,FALSE
2018-03-14,Beşiktaş,FC Bayern München,1,3,uefa.cl,FALSE
2018-03-14,FC Barcelona,Chelsea,3,0,uefa.cl,FALSE
2018-03-16,Levante UD,SD Eibar,2,1,es.1,FALSE
2018-03-16,SC Freiburg,VfB Stuttgart,1,2,de.1,FALSE
2018-03-17,Huddersfield Town,Crystal Palace,0,2,en.1,FALSE
2018-03-17,Stoke City,Everton,1,2,en.1,FALSE
2018-03-17,Liverpool,Watford,5,0,en.1,FALSE
2018-03-17,AFC Bournemouth,West Bromwich Albion,2,1,en.1,FALSE
2018-03-17,Deportivo La Coruña,UD Las Palmas,1,1,es.1,FALSE
2018-03-17,Valencia CF,Deportivo Alavés,3,1,es.1,FALSE
2018-03-17,Real Sociedad de Fútbol,Getafe CF,1,2,es.1,FALSE
2018-03-17,Real Betis Balompié,RCD Espanyol de Barcelona,3,0,es.1,FALSE
2018-03-17,Udinese Calcio,US Sassuolo Calcio,1,2,it.1,FALSE
2018-03-17,SPAL 2013 Ferrara,Juventus,0,0,it.1,FALSE
2018-03-17,Borussia Mönchengladbach,TSG 1899 Hoffenheim,3,3,de.1,FALSE
2018-03-17,Hamburger SV,Hertha BSC,1,2,de.1,FALSE
2018-03-17,FC Augsburg,SV Werder Bremen,1,3,de.1,FALSE
2018-03-17,Eintracht Frankfurt,1. FSV Mainz 05,3,0,de.1,FALSE
2018-03-17,VfL Wolfsburg,FC Schalke 04,0,1,de.1,FALSE
2018-03-18,CD Leganés,Sevilla,2,1,es.1,FALSE
2018-03-18,FC Barcelona,Athletic Club,2,0,es.1,FALSE
2018-03-18,RC Celta de Vigo,Málaga CF,0,0,es.1,FALSE
2018-03-18,Villarreal CF,Club Atlético de Madrid,2,1,es.1,FALSE
2018-03-18,Real Madrid CF,Girona,6,3,es.1,FALSE
2018-03-18,Sampdoria,FC Internazionale Milano,0,5,it.1,FALSE
2018-03-18,Hellas Verona,Atalanta BC,0,5,it.1,FALSE
2018-03-18,Benevento Calcio,Cagliari Calcio,1,2,it.1,FALSE
2018-03-18,AC Milan,Chievo Verona,3,2,it.1,FALSE
2018-03-18,Torino,ACF Fiorentina,1,2,it.1,FALSE
2018-03-18,FC Crotone,AS Roma,0,2,it.1,FALSE
2018-03-18,SS Lazio,Bologna FC 1909,1,1,it.1,FALSE
2018-03-18,SSC Napoli,Genoa CFC,1,0,it.1,FALSE
2018-03-18,Borussia Dortmund,Hannover 96,1,0,de.1,FALSE
2018-03-18,1. FC Köln,Bayer 04 Leverkusen,2,0,de.1,FALSE
2018-03-18,RB Leipzig,FC Bayern München,2,1,de.1,FALSE
2018-03-31,Everton,Manchester City,1,3,en.1,FALSE
2018-03-31,West Bromwich Albion,Burnley,1,2,en.1,FALSE
2018-03-31,Watford,AFC Bournemouth,2,2,en.1,FALSE
2018-03-31,West Ham United,Southampton,3,0,en.1,FALSE
2018-03-31,Newcastle United,Huddersfield Town,1,0,en.1,FALSE
2018-03-31,Manchester United,Swansea City,2,0,en.1,FALSE
2018-03-31,Crystal Palace,Liverpool,1,2,en.1,FALSE
2018-03-31,Brighton & Hove Albion,Leicester City,0,2,en.1,FALSE
2018-03-31,Girona,Levante UD,1,1,es.1,FALSE
2018-03-31,Athletic Club,RC Celta de Vigo,1,1,es.1,FALSE
2018-03-31,UD Las Palmas,Real Madrid CF,0,3,es.1,FALSE
2018-03-31,Sevilla,FC Barcelona,2,2,es.1,FALSE
2018-03-31,Bologna FC 1909,AS Roma,1,1,it.1,FALSE
2018-03-31,SS Lazio,Benevento Calcio,6,2,it.1,FALSE
2018-03-31,ACF Fiorentina,FC Crotone,2,0,it.1,FALSE
2018-03-31,FC Internazionale Milano,Hellas Verona,3,0,it.1,FALSE
2018-03-31,Genoa CFC,SPAL 2013 Ferrara,1,1,it.1,FALSE
2018-03-31,Cagliari Calcio,Torino,0,4,it.1,FALSE
2018-03-31,Atalanta BC,Udinese Calcio,2,0,it.1,FALSE
2018-03-31,US Sassuolo Calcio,SSC Napoli,1,1,it.1,FALSE
2018-03-31,Chievo Verona,Sampdoria,2,1,it.1,FALSE
2018-03-31,Juventus,AC Milan,3,1,it.1,FALSE
2018-03-31,Hannover 96,RB Leipzig,2,3,de.1,FALSE
2018-03-31,TSG 1899 Hoffenheim,1. FC Köln,6,0,de.1,FALSE
2018-03-31,FC Schalke 04,SC Freiburg,2,0,de.1,FALSE
2018-03-31,Bayer 04 Leverkusen,FC Augsburg,0,0,de.1,FALSE
2018-03-31,VfB Stuttgart,Hamburger SV,1,1,de.1,FALSE
2018-03-31,FC Bayern München,Borussia Dortmund,6,0,de.1,FALSE
2018-03-31,Hertha BSC,VfL Wolfsburg,0,0,de.1,FALSE
2018-04-01,Chelsea,Tottenham Hotspur,1,3,en.1,FALSE
2018-04-01,Arsenal,Stoke City,3,0,en.1,FALSE
2018-04-01,RCD Espanyol de Barcelona,Deportivo Alavés,0,0,es.1,FALSE
2018-04-01,CD Leganés,Valencia CF,0,1,es.1,FALSE
2018-04-01,SD Eibar,Real Sociedad de Fútbol,0,0,es.1,FALSE
2018-04-01,Málaga CF,Villarreal CF,1,0,es.1,FALSE
2018-04-01,Club Atlético de Madrid,Deportivo La Coruña,1,0,es.1,FALSE
2018-04-01,SV Werder Bremen,Eintracht Frankfurt,2,1,de.1,FALSE
2018-04-01,1. FSV Mainz 05,Borussia Mönchengladbach,0,0,de.1,FALSE
2018-04-02,Getafe CF,Real Betis Balompié,0,1,es.1,FALSE
2018-04-03,Genoa CFC,Cagliari Calcio,2,1,it.1,FALSE
2018-04-03,Udinese Calcio,ACF Fiorentina,0,2,it.1,FALSE
2018-04-03,Atalanta BC,Sampdoria,1,2,it.1,FALSE
2018-04-03,Sevilla,FC Bayern München,1,2,uefa.cl,FALSE
2018-04-03,Juventus,Real Madrid CF,0,3,uefa.cl,FALSE
2018-04-04,Benevento Calcio,Hellas Verona,3,0,it.1,FALSE
2018-04-04,Torino,FC Crotone,4,1,it.1,FALSE
2018-04-04,AC Milan,FC Internazionale Milano,0,0,it.1,FALSE
2018-04-04,Chievo Verona,US Sassuolo Calcio,1,1,it.1,FALSE
2018-04-04,FC Barcelona,AS Roma,4,1,uefa.cl,FALSE
2018-04-04,Liverpool,Manchester City,3,0,uefa.cl,FALSE
2018-04-06,Deportivo La Coruña,Málaga CF,3,2,es.1,FALSE
2018-04-06,Hannover 96,SV Werder Bremen,2,1,de.1,FALSE
2018-04-07,West Bromwich Albion,Swansea City,1,1,en.1,FALSE
2018-04-07,Watford,Burnley,1,2,en.1,FALSE
2018-04-07,Stoke City,Tottenham Hotspur,1,2,en.1,FALSE
2018-04-07,AFC Bournemouth,Crystal Palace,2,2,en.1,FALSE
2018-04-07,Manchester City,Manchester United,2,3,en.1,FALSE
2018-04-07,Brighton & Hove Albion,Huddersfield Town,1,1,en.1,FALSE
2018-04-07,Everton,Liverpool,0,0,en.1,FALSE
2018-04-07,Leicester City,Newcastle United,1,2,en.1,FALSE
2018-04-07,Deportivo Alavés,Getafe CF,2,0,es.1,FALSE
2018-04-07,RC Celta de Vigo,Sevilla,4,0,es.1,FALSE
2018-04-07,Real Betis Balompié,SD Eibar,2,0,es.1,FALSE
2018-04-07,FC Barcelona,CD Leganés,3,1,es.1,FALSE
2018-04-07,Benevento Calcio,Juventus,2,4,it.1,FALSE
2018-04-07,SPAL 2013 Ferrara,Atalanta BC,1,1,it.1,FALSE
2018-04-07,AS Roma,ACF Fiorentina,0,2,it.1,FALSE
2018-04-07,Sampdoria,Genoa CFC,0,0,it.1,FALSE
2018-04-07,FC Augsburg,FC Bayern München,1,4,de.1,FALSE
2018-04-07,Borussia Mönchengladbach,Hertha BSC,2,1,de.1,FALSE
2018-04-07,1. FC Köln,1. FSV Mainz 05,1,1,de.1,FALSE
2018-04-07,SC Freiburg,VfL Wolfsburg,0,2,de.1,FALSE
2018-04-07,Hamburger SV,FC Schalke 04,3,2,de.1,FALSE
2018-04-08,Arsenal,Southampton,3,2,en.1,FALSE
2018-04-08,Chelsea,West Ham United,1,1,en.1,FALSE
2018-04-08,Levante UD,UD Las Palmas,2,1,es.1,FALSE
2018-04-08,Real Madrid CF,Club Atlético de Madrid,1,1,es.1,FALSE
2018-04-08,Real Sociedad de Fútbol,Girona,5,0,es.1,FALSE
2018-04-08,Valencia CF,RCD Espanyol de Barcelona,1,0,es.1,FALSE
2018-04-08,Torino,FC Internazionale Milano,1,0,it.1,FALSE
2018-04-08,FC Crotone,Bologna FC 1909,1,0,it.1,FALSE
2018-04-08,Hellas Verona,Cagliari Calcio,1,0,it.1,FALSE
2018-04-08,SSC Napoli,Chievo Verona,2,1,it.1,FALSE
2018-04-08,Udinese Calcio,SS Lazio,1,2,it.1,FALSE
2018-04-08,AC Milan,US Sassuolo Calcio,1,1,it.1,FALSE
2018-04-08,Borussia Dortmund,VfB Stuttgart,3,0,de.1,FALSE
2018-04-08,Eintracht Frankfurt,TSG 1899 Hoffenheim,1,1,de.1,FALSE
2018-04-09,Villarreal CF,Athletic Club,1,3,es.1,FALSE
2018-04-09,RB Leipzig,Bayer 04 Leverkusen,1,4,de.1,FALSE
2018-04-10,AS Roma,FC Barcelona,3,0,uefa.cl,FALSE
2018-04-10,Manchester City,Liverpool,1,2,uefa.cl,FALSE
2018-04-11,FC Bayern München,Sevilla,0,0,uefa.cl,FALSE
2018-04-11,Real Madrid CF,Juventus,1,3,uefa.cl,FALSE
2018-04-13,Girona,Real Betis Balompié,0,1,es.1,FALSE
2018-04-13,VfL Wolfsburg,FC Augsburg,0,0,de.1,FALSE
2018-04-14,Liverpool,AFC Bournemouth,3,0,en.1,FALSE
2018-04-14,Swansea City,Everton,1,1,en.1,FALSE
2018-04-14,Huddersfield Town,Watford,1,0,en.1,FALSE
2018-04-14,Crystal Palace,Brighton & Hove Albion,3,2,en.1,FALSE
2018-04-14,Burnley,Leicester City,2,1,en.1,FALSE
2018-04-14,Tottenham Hotspur,Manchester City,1,3,en.1,FALSE
2018-04-14,Southampton,Chelsea,2,3,en.1,FALSE
2018-04-14,Sevilla,Villarreal CF,2,2,es.1,FALSE
2018-04-14,FC Barcelona,Valencia CF,2,1,es.1,FALSE
2018-04-14,UD Las Palmas,Real Sociedad de Fútbol,0,1,es.1,FALSE
2018-04-14,CD Leganés,RC Celta de Vigo,1,0,es.1,FALSE
2018-04-14,Athletic Club,Deportivo La Coruña,2,3,es.1,FALSE
2018-04-14,Cagliari Calcio,Udinese Calcio,2,1,it.1,FALSE
2018-04-14,Genoa CFC,FC Crotone,1,0,it.1,FALSE
2018-04-14,Chievo Verona,Torino,0,0,it.1,FALSE
2018-04-14,Atalanta BC,FC Internazionale Milano,0,0,it.1,FALSE
2018-04-14,Hertha BSC,1. FC Köln,2,1,de.1,FALSE
2018-04-14,Bayer 04 Leverkusen,Eintracht Frankfurt,4,1,de.1,FALSE
2018-04-14,TSG 1899 Hoffenheim,Hamburger SV,2,0,de.1,FALSE
2018-04-14,VfB Stuttgart,Hannover 96,1,1,de.1,FALSE
2018-04-14,FC Bayern München,Borussia Mönchengladbach,5,1,de.1,FALSE
2018-04-15,Manchester United,West Bromwich Albion,0,1,en.1,FALSE
2018-04-15,Newcastle United,Arsenal,2,1,en.1,FALSE
2018-04-15,SD Eibar,Deportivo Alavés,0,1,es.1,FALSE
2018-04-15,Club Atlético de Madrid,Levante UD,3,0,es.1,FALSE
2018-04-15,Getafe CF,RCD Espanyol de Barcelona,1,0,es.1,FALSE
2018-04-15,Málaga CF,Real Madrid CF,1,2,es.1,FALSE
2018-04-15,ACF Fiorentina,SPAL 2013 Ferrara,0,0,it.1,FALSE
2018-04-15,US Sassuolo Calcio,Benevento Calcio,2,2,it.1,FALSE
2018-04-15,Bologna FC 1909,Hellas Verona,2,0,it.1,FALSE
2018-04-15,AC Milan,SSC Napoli,0,0,it.1,FALSE
2018-04-15,Juventus,Sampdoria,3,0,it.1,FALSE
2018-04-15,SS Lazio,AS Roma,0,0,it.1,FALSE
2018-04-15,FC Schalke 04,Borussia Dortmund,2,0,de.1,FALSE
2018-04-15,SV Werder Bremen,RB Leipzig,1,1,de.1,FALSE
2018-04-16,West Ham United,Stoke City,1,1,en.1,FALSE
2018-04-16,1. FSV Mainz 05,SC Freiburg,2,0,de.1,FALSE
2018-04-17,Brighton & Hove Albion,Tottenham Hotspur,1,1,en.1,FALSE
2018-04-17,Deportivo La Coruña,Sevilla,0,0,es.1,FALSE
2018-04-17,RC Celta de Vigo,FC Barcelona,2,2,es.1,FALSE
2018-04-17,Villarreal CF,CD Leganés,2,1,es.1,FALSE
2018-04-17,FC Internazionale Milano,Cagliari Calcio,4,0,it.1,FALSE
2018-04-18,AFC Bournemouth,Manchester United,0,2,en.1,FALSE
2018-04-18,RCD Espanyol de Barcelona,SD Eibar,0,1,es.1,FALSE
2018-04-18,Valencia CF,Getafe CF,1,2,es.1,FALSE
2018-04-18,Real Madrid CF,Athletic Club,1,1,es.1,FALSE
2018-04-18,Benevento Calcio,Atalanta BC,0,3,it.1,FALSE
2018-04-18,Sampdoria,Bologna FC 1909,1,0,it.1,FALSE
2018-04-18,SPAL 2013 Ferrara,Chievo Verona,0,0,it.1,FALSE
2018-04-18,AS Roma,Genoa CFC,2,1,it.1,FALSE
2018-04-18,FC Crotone,Juventus,1,1,it.1,FALSE
2018-04-18,ACF Fiorentina,SS Lazio,3,4,it.1,FALSE
2018-04-18,Torino,AC Milan,1,1,it.1,FALSE
2018-04-18,Hellas Verona,US Sassuolo Calcio,0,1,it.1,FALSE
2018-04-18,SSC Napoli,Udinese Calcio,4,2,it.1,FALSE
2018-04-19,Leicester City,Southampton,0,0,en.1,FALSE
2018-04-19,Burnley,Chelsea,1,2,en.1,FALSE
2018-04-19,Deportivo Alavés,Girona,1,2,es.1,FALSE
2018-04-19,Real Sociedad de Fútbol,Club Atlético de Madrid,3,0,es.1,FALSE
2018-04-19,Real Betis Balompié,UD Las Palmas,1,0,es.1,FALSE
2018-04-19,Levante UD,Málaga CF,1,0,es.1,FALSE
2018-04-20,CD Leganés,Deportivo La Coruña,0,0,es.1,FALSE
2018-04-20,Borussia Mönchengladbach,VfL Wolfsburg,3,0,de.1,FALSE
2018-04-21,Watford,Crystal Palace,0,0,en.1,FALSE
2018-04-21,West Bromwich Albion,Liverpool,2,2,en.1,FALSE
2018-04-21,SD Eibar,Getafe CF,0,1,es.1,FALSE
2018-04-21,RC Celta de Vigo,Valencia CF,1,1,es.1,FALSE
2018-04-21,SPAL 2013 Ferrara,AS Roma,0,3,it.1,FALSE
2018-04-21,US Sassuolo Calcio,ACF Fiorentina,1,0,it.1,FALSE
2018-04-21,AC Milan,Benevento Calcio,0,1,it.1,FALSE
2018-04-21,Hannover 96,FC Bayern München,0,3,de.1,FALSE
2018-04-21,RB Leipzig,TSG 1899 Hoffenheim,2,5,de.1,FALSE
2018-04-21,Eintracht Frankfurt,Hertha BSC,0,3,de.1,FALSE
2018-04-21,Hamburger SV,SC Freiburg,1,0,de.1,FALSE
2018-04-21,VfB Stuttgart,SV Werder Bremen,2,0,de.1,FALSE
2018-04-21,Borussia Dortmund,Bayer 04 Leverkusen,4,0,de.1,FALSE
2018-04-22,Stoke City,Burnley,1,1,en.1,FALSE
2018-04-22,Arsenal,West Ham United,4,1,en.1,FALSE
2018-04-22,Manchester City,Swansea City,5,0,en.1,FALSE
2018-04-22,Girona,RCD Espanyol de Barcelona,0,2,es.1,FALSE
2018-04-22,Málaga CF,Real Sociedad de Fútbol,2,0,es.1,FALSE
2018-04-22,UD Las Palmas,Deportivo Alavés,0,4,es.1,FALSE
2018-04-22,Club Atlético de Madrid,Real Betis Balompié,0,0,es.1,FALSE
2018-04-22,Cagliari Calcio,Bologna FC 1909,0,0,it.1,FALSE
2018-04-22,Udinese Calcio,FC Crotone,1,2,it.1,FALSE
2018-04-22,Chievo Verona,FC Internazionale Milano,1,2,it.1,FALSE
2018-04-22,SS Lazio,Sampdoria,4,0,it.1,FALSE
2018-04-22,Atalanta BC,Torino,2,1,it.1,FALSE
2018-04-22,Juventus,SSC Napoli,0,1,it.1,FALSE
2018-04-22,FC Augsburg,1. FSV Mainz 05,2,0,de.1,FALSE
2018-04-22,1. FC Köln,FC Schalke 04,2,2,de.1,FALSE
2018-04-23,Everton,Newcastle United,1,0,en.1,FALSE
2018-04-23,Athletic Club,Levante UD,1,3,es.1,FALSE
2018-04-23,Genoa CFC,Hellas Verona,3,1,it.1,FALSE
2018-04-24,Liverpool,AS Roma,5,2,uefa.cl,FALSE
2018-04-25,FC Bayern München,Real Madrid CF,1,2,uefa.cl,FALSE
2018-04-27,Levante UD,Sevilla,2,1,es.1,FALSE
2018-04-27,TSG 1899 Hoffenheim,Hannover 96,3,1,de.1,FALSE
2018-04-28,Huddersfield Town,Everton,0,2,en.1,FALSE
2018-04-28,Newcastle United,West Bromwich Albion,0,1,en.1,FALSE
2018-04-28,Swansea City,Chelsea,0,1,en.1,FALSE
2018-04-28,Southampton,AFC Bournemouth,2,1,en.1,FALSE
2018-04-28,Crystal Palace,Leicester City,5,0,en.1,FALSE
2018-04-28,Burnley,Brighton & Hove Albion,0,0,en.1,FALSE
2018-04-28,Liverpool,Stoke City,0,0,en.1,FALSE
2018-04-28,RCD Espanyol de Barcelona,UD Las Palmas,1,1,es.1,FALSE
2018-04-28,Real Sociedad de Fútbol,Athletic Club,3,1,es.1,FALSE
2018-04-28,Real Madrid CF,CD Leganés,2,1,es.1,FALSE
2018-04-28,Villarreal CF,RC Celta de Vigo,4,1,es.1,FALSE
2018-04-28,AS Roma,Chievo Verona,4,1,it.1,FALSE
2018-04-28,FC Internazionale Milano,Juventus,2,3,it.1,FALSE
2018-04-28,SC Freiburg,1. FC Köln,3,2,de.1,FALSE
2018-04-28,FC Schalke 04,Borussia Mönchengladbach,1,1,de.1,FALSE
2018-04-28,FC Bayern München,Eintracht Frankfurt,4,1,de.1,FALSE
2018-04-28,Hertha BSC,FC Augsburg,2,2,de.1,FALSE
2018-04-28,VfL Wolfsburg,Hamburger SV,1,3,de.1,FALSE
2018-04-28,Bayer 04 Leverkusen,VfB Stuttgart,0,1,de.1,FALSE
2018-04-29,Manchester United,Arsenal,2,1,en.1,FALSE
2018-04-29,West Ham United,Manchester City,1,4,en.1,FALSE
2018-04-29,Getafe CF,Girona,1,1,es.1,FALSE
2018-04-29,Deportivo Alavés,Club Atlético de Madrid,0,1,es.1,FALSE
2018-04-29,Valencia CF,SD Eibar,0,0,es.1,FALSE
2018-04-29,Deportivo La Coruña,FC Barcelona,2,4,es.1,FALSE
2018-04-29,FC Crotone,US Sassuolo Calcio,4,1,it.1,FALSE
2018-04-29,Sampdoria,Cagliari Calcio,4,1,it.1,FALSE
2018-04-29,Atalanta BC,Genoa CFC,3,1,it.1,FALSE
2018-04-29,Bologna FC 1909,AC Milan,1,2,it.1,FALSE
2018-04-29,Hellas Verona,SPAL 2013 Ferrara,1,3,it.1,FALSE
2018-04-29,Benevento Calcio,Udinese Calcio,3,3,it.1,FALSE
2018-04-29,ACF Fiorentina,SSC Napoli,3,0,it.1,FALSE
2018-04-29,Torino,SS Lazio,0,1,it.1,FALSE
2018-04-29,1. FSV Mainz 05,RB Leipzig,3,0,de.1,FALSE
2018-04-29,SV Werder Bremen,Borussia Dortmund,1,1,de.1,FALSE
2018-04-30,Tottenham Hotspur,Watford,2,0,en.1,FALSE
2018-04-30,Real Betis Balompié,Málaga CF,2,1,es.1,FALSE
2018-05-01,Real Madrid CF,FC Bayern München,2,2,uefa.cl,FALSE
2018-05-02,AS Roma,Liverpool,4,2,uefa.cl,FALSE
2018-05-04,Brighton & Hove Albion,Manchester United,1,0,en.1,FALSE
2018-05-04,Sevilla,Real Sociedad de Fútbol,1,0,es.1,FALSE
2018-05-05,West Bromwich Albion,Tottenham Hotspur,1,0,en.1,FALSE
2018-05-05,Watford,Newcastle United,2,1,en.1,FALSE
2018-05-05,Everton,Southampton,1,1,en.1,FALSE
2018-05-05,AFC Bournemouth,Swansea City,1,0,en.1,FALSE
2018-05-05,Leicester City,West Ham United,0,2,en.1,FALSE
2018-05-05,Stoke City,Crystal Palace,1,2,en.1,FALSE
2018-05-05,Girona,SD Eibar,1,4,es.1,FALSE
2018-05-05,Athletic Club,Real Betis Balompié,2,0,es.1,FALSE
2018-05-05,RC Celta de Vigo,Deportivo La Coruña,1,1,es.1,FALSE
2018-05-05,Villarreal CF,Valencia CF,1,0,es.1,FALSE
2018-05-05,AC Milan,Hellas Verona,4,1,it.1,FALSE
2018-05-05,Juventus,Bologna FC 1909,3,1,it.1,FALSE
2018-05-05,1. FC Köln,FC Bayern München,1,3,de.1,FALSE
2018-05-05,VfB Stuttgart,TSG 1899 Hoffenheim,2,0,de.1,FALSE
2018-05-05,Hannover 96,Hertha BSC,3,1,de.1,FALSE
2018-05-05,Borussia Mönchengladbach,SC Freiburg,3,1,de.1,FALSE
2018-05-05,FC Augsburg,FC Schalke 04,1,2,de.1,FALSE
2018-05-05,SV Werder Bremen,Bayer 04 Leverkusen,0,0,de.1,FALSE
2018-05-05,Eintracht Frankfurt,Hamburger SV,3,0,de.1,FALSE
2018-05-05,Borussia Dortmund,1. FSV Mainz 05,1,2,de.1,FALSE
2018-05-05,RB Leipzig,VfL Wolfsburg,4,1,de.1,FALSE
2018-05-06,Manchester City,Huddersfield Town,0,0,en.1,FALSE
2018-05-06,Arsenal,Burnley,5,0,en.1,FALSE
2018-05-06,Chelsea,Liverpool,1,0,en.1,FALSE
2018-05-06,Málaga CF,Deportivo Alavés,0,3,es.1,FALSE
2018-05-06,Club Atlético de Madrid,RCD Espanyol de Barcelona,0,2,es.1,FALSE
2018-05-06,UD Las Palmas,Getafe CF,0,1,es.1,FALSE
2018-05-06,FC Barcelona,Real Madrid CF,2,2,es.1,FALSE
2018-05-06,Udinese Calcio,FC Internazionale Milano,0,4,it.1,FALSE
2018-05-06,SS Lazio,Atalanta BC,1,1,it.1,FALSE
2018-05-06,SPAL 2013 Ferrara,Benevento Calcio,2,0,it.1,FALSE
2018-05-06,Chievo Verona,FC Crotone,2,1,it.1,FALSE
2018-05-06,Genoa CFC,ACF Fiorentina,2,3,it.1,FALSE
2018-05-06,SSC Napoli,Torino,2,2,it.1,FALSE
2018-05-06,US Sassuolo Calcio,Sampdoria,1,0,it.1,FALSE
2018-05-06,Cagliari Calcio,AS Roma,0,1,it.1,FALSE
2018-05-07,CD Leganés,Levante UD,0,3,es.1,FALSE
2018-05-08,Swansea City,Southampton,0,1,en.1,FALSE
2018-05-09,Manchester City,Brighton & Hove Albion,3,1,en.1,FALSE
2018-05-09,Leicester City,Arsenal,3,1,en.1,FALSE
2018-05-09,Chelsea,Huddersfield Town,1,1,en.1,FALSE
2018-05-09,Tottenham Hotspur,Newcastle United,1,0,en.1,FALSE
2018-05-09,FC Barcelona,Villarreal CF,5,1,es.1,FALSE
2018-05-09,Sevilla,Real Madrid CF,3,2,es.1,FALSE
2018-05-10,West Ham United,Manchester United,0,0,en.1,FALSE
2018-05-12,Real Sociedad de Fútbol,CD Leganés,3,2,es.1,FALSE
2018-05-12,Deportivo Alavés,Athletic Club,3,1,es.1,FALSE
2018-05-12,Real Betis Balompié,Sevilla,2,2,es.1,FALSE
2018-05-12,Deportivo La Coruña,Villarreal CF,2,4,es.1,FALSE
2018-05-12,SD Eibar,UD Las Palmas,1,0,es.1,FALSE
2018-05-12,Getafe CF,Club Atlético de Madrid,0,1,es.1,FALSE
2018-05-12,Girona,Valencia CF,0,1,es.1,FALSE
2018-05-12,Real Madrid CF,RC Celta de Vigo,6,0,es.1,FALSE
2018-05-12,Benevento Calcio,Genoa CFC,1,0,it.1,FALSE
2018-05-12,FC Internazionale Milano,US Sassuolo Calcio,1,2,it.1,FALSE
2018-05-12,TSG 1899 Hoffenheim,Borussia Dortmund,3,1,de.1,FALSE
2018-05-12,Hertha BSC,RB Leipzig,2,6,de.1,FALSE
2018-05-12,VfL Wolfsburg,1. FC Köln,4,1,de.1,FALSE
2018-05-12,1. FSV Mainz 05,SV Werder Bremen,1,2,de.1,FALSE
2018-05-12,Hamburger SV,Borussia Mönchengladbach,2,1,de.1,FALSE
2018-05-12,FC Schalke 04,Eintracht Frankfurt,1,0,de.1,FALSE
2018-05-12,SC Freiburg,FC Augsburg,2,0,de.1,FALSE
2018-05-12,Bayer 04 Leverkusen,Hannover 96,3,2,de.1,FALSE
2018-05-12,FC Bayern München,VfB Stuttgart,1,4,de.1,FALSE
2018-05-13,Burnley,AFC Bournemouth,1,2,en.1,FALSE
2018-05-13,Crystal Palace,West Bromwich Albion,2,0,en.1,FALSE
2018-05-13,Huddersfield Town,Arsenal,0,1,en.1,FALSE
2018-05-13,Liverpool,Brighton & Hove Albion,4,0,en.1,FALSE
2018-05-13,Manchester United,Watford,1,0,en.1,FALSE
2018-05-13,Newcastle United,Chelsea,3,0,en.1,FALSE
2018-05-13,Southampton,Manchester City,0,1,en.1,FALSE
2018-05-13,Swansea City,Stoke City,1,2,en.1,FALSE
2018-05-13,Tottenham Hotspur,Leicester City,5,4,en.1,FALSE
2018-05-13,West Ham United,Everton,3,1,en.1,FALSE
2018-05-13,RCD Espanyol de Barcelona,Málaga CF,4,1,es.1,FALSE
2018-05-13,Levante UD,FC Barcelona,5,4,es.1,FALSE
2018-05-13,ACF Fiorentina,Cagliari Calcio,0,1,it.1,FALSE
2018-05-13,Bologna FC 1909,Chievo Verona,1,2,it.1,FALSE
2018-05-13,FC Crotone,SS Lazio,2,2,it.1,FALSE
2018-05-13,Torino,SPAL 2013 Ferrara,2,1,it.1,FALSE
2018-05-13,Hellas Verona,Udinese Calcio,0,1,it.1,FALSE
2018-05-13,Atalanta BC,AC Milan,1,1,it.1,FALSE
2018-05-13,AS Roma,Juventus,0,0,it.1,FALSE
2018-05-13,Sampdoria,SSC Napoli,0,2,it.1,FALSE
2018-05-19,RC Celta de Vigo,Levante UD,4,2,es.1,FALSE
2018-05-19,CD Leganés,Real Betis Balompié,3,2,es.1,FALSE
2018-05-19,UD Las Palmas,Girona,1,2,es.1,FALSE
2018-05-19,Málaga CF,Getafe CF,0,1,es.1,FALSE
2018-05-19,Sevilla,Deportivo Alavés,1,0,es.1,FALSE
2018-05-19,Villarreal CF,Real Madrid CF,2,2,es.1,FALSE
2018-05-19,Juventus,Hellas Verona,2,1,it.1,FALSE
2018-05-20,Valencia CF,Deportivo La Coruña,2,1,es.1,FALSE
2018-05-20,Athletic Club,RCD Espanyol de Barcelona,0,1,es.1,FALSE
2018-05-20,Club Atlético de Madrid,SD Eibar,2,2,es.1,FALSE
2018-05-20,FC Barcelona,Real Sociedad de Fútbol,1,0,es.1,FALSE
2018-05-20,Genoa CFC,Torino,1,2,it.1,FALSE
2018-05-20,Cagliari Calcio,Atalanta BC,1,0,it.1,FALSE
2018-05-20,Chievo Verona,Benevento Calcio,1,0,it.1,FALSE
2018-05-20,Udinese Calcio,Bologna FC 1909,1,0,it.1,FALSE
2018-05-20,SSC Napoli,FC Crotone,2,1,it.1,FALSE
2018-05-20,AC Milan,ACF Fiorentina,5,1,it.1,FALSE
2018-05-20,SPAL 2013 Ferrara,Sampdoria,3,1,it.1,FALSE
2018-05-20,SS Lazio,FC Internazionale Milano,2,3,it.1,FALSE
2018-05-20,US Sassuolo Calcio,AS Roma,0,1,it.1,FALSE
2018-05-26,Real Madrid CF,Liverpool,3,1,uefa.cl,TRUE
2018-08-10,Manchester United,Leicester City,2,1,en.1,FALSE
2018-08-11,Newcastle United,Tottenham Hotspur,1,2,en.1,FALSE
2018-08-11,AFC Bournemouth,Cardiff City,2,0,en.1,FALSE
2018-08-11,Fulham,Crystal Palace,0,2,en.1,FALSE
2018-08-11,Huddersfield Town,Chelsea,0,3,en.1,FALSE
2018-08-11,Watford,Brighton & Hove Albion,2,0,en.1,FALSE
2018-08-11,Wolverhampton Wanderers,Everton,2,2,en.1,FALSE
2018-08-12,Liverpool,West Ham United,4,0,en.1,FALSE
2018-08-12,Arsenal,Manchester City,0,2,en.1,FALSE
2018-08-12,Southampton,Burnley,0,0,en.1,FALSE
2018-08-17,Girona,Real Valladolid CF,0,0,es.1,FALSE
2018-08-17,Real Betis Balompié,Levante UD,0,3,es.1,FALSE
2018-08-18,Cardiff City,Newcastle United,0,0,en.1,FALSE
2018-08-18,Everton,Southampton,2,1,en.1,FALSE
2018-08-18,Leicester City,Wolverhampton Wanderers,2,0,en.1,FALSE
2018-08-18,Tottenham Hotspur,Fulham,3,1,en.1,FALSE
2018-08-18,West Ham United,AFC Bournemouth,1,2,en.1,FALSE
2018-08-18,Chelsea,Arsenal,3,2,en.1,FALSE
2018-08-18,RC Celta de Vigo,RCD Espanyol de Barcelona,1,1,es.1,FALSE
2018-08-18,Villarreal CF,Real Sociedad de Fútbol,1,2,es.1,FALSE
2018-08-18,FC Barcelona,Deportivo Alavés,3,0,es.1,FALSE
2018-08-18,Chievo Verona,Juventus,2,3,it.1,FALSE
2018-08-18,SS Lazio,SSC Napoli,1,2,it.1,FALSE
2018-08-19,Manchester City,Huddersfield Town,6,1,en.1,FALSE
2018-08-19,Brighton & Hove Albion,Manchester United,3,2,en.1,FALSE
2018-08-19,Burnley,Watford,1,3,en.1,FALSE
2018-08-19,SD Eibar,SD Huesca,1,2,es.1,FALSE
2018-08-19,Rayo Vallecano de Madrid,Sevilla,1,4,es.1,FALSE
2018-08-19,Real Madrid CF,Getafe CF,2,0,es.1,FALSE
2018-08-19,Torino,AS Roma,0,1,it.1,FALSE
2018-08-19,Bologna FC 1909,SPAL 2013 Ferrara,0,1,it.1,FALSE
2018-08-19,Empoli,Cagliari Calcio,2,0,it.1,FALSE
2018-08-19,Parma Calcio 1913,Udinese Calcio,2,2,it.1,FALSE
2018-08-19,US Sassuolo Calcio,FC Internazionale Milano,1,0,it.1,FALSE
2018-08-20,Crystal Palace,Liverpool,0,2,en.1,FALSE
2018-08-20,Valencia CF,Club Atlético de Madrid,1,1,es.1,FALSE
2018-08-20,Athletic Club,CD Leganés,2,1,es.1,FALSE
2018-08-20,Atalanta BC,Frosinone Calcio,4,0,it.1,FALSE
2018-08-24,Getafe CF,SD Eibar,2,0,es.1,FALSE
2018-08-24,CD Leganés,Real Sociedad de Fútbol,2,2,es.1,FALSE
2018-08-24,FC Bayern München,TSG 1899 Hoffenheim,3,1,de.1,FALSE
2018-08-25,Wolverhampton Wanderers,Manchester City,1,1,en.1,FALSE
2018-08-25,Arsenal,West Ham United,3,1,en.1,FALSE
2018-08-25,AFC Bournemouth,Everton,2,2,en.1,FALSE
2018-08-25,Huddersfield Town,Cardiff City,0,0,en.1,FALSE
2018-08-25,Southampton,Leicester City,1,2,en.1,FALSE
2018-08-25,Liverpool,Brighton & Hove Albion,1,0,en.1,FALSE
2018-08-25,Deportivo Alavés,Real Betis Balompié,0,0,es.1,FALSE
2018-08-25,Club Atlético de Madrid,Rayo Vallecano de Madrid,1,0,es.1,FALSE
2018-08-25,Real Valladolid CF,FC Barcelona,0,1,es.1,FALSE
2018-08-25,Juventus,SS Lazio,2,0,it.1,FALSE
2018-08-25,SSC Napoli,AC Milan,3,2,it.1,FALSE
2018-08-25,Hertha BSC,1. FC Nürnberg,1,0,de.1,FALSE
2018-08-25,SV Werder Bremen,Hannover 96,1,1,de.1,FALSE
2018-08-25,SC Freiburg,Eintracht Frankfurt,0,2,de.1,FALSE
2018-08-25,VfL Wolfsburg,FC Schalke 04,2,1,de.1,FALSE
2018-08-25,Fortuna Düsseldorf,FC Augsburg,1,2,de.1,FALSE
2018-08-25,Borussia Mönchengladbach,Bayer 04 Leverkusen,2,0,de.1,FALSE
2018-08-26,Fulham,Burnley,4,2,en.1,FALSE
2018-08-26,Newcastle United,Chelsea,1,2,en.1,FALSE
2018-08-26,Watford,Crystal Palace,2,1,en.1,FALSE
2018-08-26,RCD Espanyol de Barcelona,Valencia CF,2,0,es.1,FALSE
2018-08-26,Girona,Real Madrid CF,1,4,es.1,FALSE
2018-08-26,Sevilla,Villarreal CF,0,0,es.1,FALSE
2018-08-26,SPAL 2013 Ferrara,Parma Calcio 1913,1,0,it.1,FALSE
2018-08-26,Cagliari Calcio,US Sassuolo Calcio,2,2,it.1,FALSE
2018-08-26,ACF Fiorentina,Chievo Verona,6,1,it.1,FALSE
2018-08-26,Frosinone Calcio,Bologna FC 1909,0,0,it.1,FALSE
2018-08-26,Genoa CFC,Empoli,2,1,it.1,FALSE
2018-08-26,FC Internazionale Milano,Torino,2,2,it.1,FALSE
2018-08-26,Udinese Calcio,Sampdoria,1,0,it.1,FALSE
2018-08-26,1. FSV Mainz 05,VfB Stuttgart,1,0,de.1,FALSE
2018-08-26,Borussia Dortmund,RB Leipzig,4,1,de.1,FALSE
2018-08-27,Manchester United,Tottenham Hotspur,0,3,en.1,FALSE
2018-08-27,Levante UD,RC Celta de Vigo,1,2,es.1,FALSE
2018-08-27,Athletic Club,SD Huesca,2,2,es.1,FALSE
2018-08-27,AS Roma,Atalanta BC,3,3,it.1,FALSE
2018-08-31,Getafe CF,Real Valladolid CF,0,0,es.1,FALSE
2018-08-31,SD Eibar,Real Sociedad de Fútbol,2,1,es.1,FALSE
2018-08-31,Villarreal CF,Girona,0,1,es.1,FALSE
2018-08-31,AC Milan,AS Roma,2,1,it.1,FALSE
2018-08-31,Hannover 96,Borussia Dortmund,0,0,de.1,FALSE
2018-09-01,Leicester City,Liverpool,1,2,en.1,FALSE
2018-09-01,Brighton & Hove Albion,Fulham,2,2,en.1,FALSE
2018-09-01,Chelsea,AFC Bournemouth,2,0,en.1,FALSE
2018-09-01,Crystal Palace,Southampton,0,2,en.1,FALSE
2018-09-01,Everton,Huddersfield Town,1,1,en.1,FALSE
2018-09-01,West Ham United,Wolverhampton Wanderers,0,1,en.1,FALSE
2018-09-01,Manchester City,Newcastle United,2,1,en.1,FALSE
2018-09-01,RC Celta de Vigo,Club Atlético de Madrid,2,0,es.1,FALSE
2018-09-01,Real Madrid CF,CD Leganés,4,1,es.1,FALSE
2018-09-01,Bologna FC 1909,FC Internazionale Milano,0,3,it.1,FALSE
2018-09-01,Parma Calcio 1913,Juventus,1,2,it.1,FALSE
2018-09-01,TSG 1899 Hoffenheim,SC Freiburg,3,1,de.1,FALSE
2018-09-01,Bayer 04 Leverkusen,VfL Wolfsburg,1,3,de.1,FALSE
2018-09-01,Eintracht Frankfurt,SV Werder Bremen,1,2,de.1,FALSE
2018-09-01,FC Augsburg,Borussia Mönchengladbach,1,1,de.1,FALSE
2018-09-01,1. FC Nürnberg,1. FSV Mainz 05,1,1,de.1,FALSE
2018-09-01,VfB Stuttgart,FC Bayern München,0,3,de.1,FALSE
2018-09-02,Burnley,Manchester United,0,2,en.1,FALSE
2018-09-02,Watford,Tottenham Hotspur,2,1,en.1,FALSE
2018-09-02,Cardiff City,Arsenal,2,3,en.1,FALSE
2018-09-02,Levante UD,Valencia CF,2,2,es.1,FALSE
2018-09-02,Deportivo Alavés,RCD Espanyol de Barcelona,2,1,es.1,FALSE
2018-09-02,FC Barcelona,SD Huesca,8,2,es.1,FALSE
2018-09-02,Real Betis Balompié,Sevilla,1,0,es.1,FALSE
2018-09-02,ACF Fiorentina,Udinese Calcio,1,0,it.1,FALSE
2018-09-02,Atalanta BC,Cagliari Calcio,0,1,it.1,FALSE
2018-09-02,Chievo Verona,Empoli,0,0,it.1,FALSE
2018-09-02,SS Lazio,Frosinone Calcio,1,0,it.1,FALSE
2018-09-02,Sampdoria,SSC Napoli,3,0,it.1,FALSE
2018-09-02,US Sassuolo Calcio,Genoa CFC,5,3,it.1,FALSE
2018-09-02,Torino,SPAL 2013 Ferrara,1,0,it.1,FALSE
2018-09-02,RB Leipzig,Fortuna Düsseldorf,1,1,de.1,FALSE
2018-09-02,FC Schalke 04,Hertha BSC,0,2,de.1,FALSE
2018-09-14,SD Huesca,Rayo Vallecano de Madrid,0,1,es.1,FALSE
2018-09-14,Borussia Dortmund,Eintracht Frankfurt,3,1,de.1,FALSE
2018-09-15,Tottenham Hotspur,Liverpool,1,2,en.1,FALSE
2018-09-15,AFC Bournemouth,Leicester City,4,2,en.1,FALSE
2018-09-15,Chelsea,Cardiff City,4,1,en.1,FALSE
2018-09-15,Huddersfield Town,Crystal Palace,0,1,en.1,FALSE
2018-09-15,Manchester City,Fulham,3,0,en.1,FALSE
2018-09-15,Newcastle United,Arsenal,1,2,en.1,FALSE
2018-09-15,Watford,Manchester United,1,2,en.1,FALSE
2018-09-15,Club Atlético de Madrid,SD Eibar,1,1,es.1,FALSE
2018-09-15,Real Sociedad de Fútbol,FC Barcelona,1,2,es.1,FALSE
2018-09-15,Valencia CF,Real Betis Balompié,0,0,es.1,FALSE
2018-09-15,Athletic Club,Real Madrid CF,1,1,es.1,FALSE
2018-09-15,FC Internazionale Milano,Parma Calcio 1913,0,1,it.1,FALSE
2018-09-15,SSC Napoli,ACF Fiorentina,1,0,it.1,FALSE
2018-09-15,Frosinone Calcio,Sampdoria,0,5,it.1,FALSE
2018-09-15,RB Leipzig,Hannover 96,3,2,de.1,FALSE
2018-09-15,1. FSV Mainz 05,FC Augsburg,2,1,de.1,FALSE
2018-09-15,VfL Wolfsburg,Hertha BSC,2,2,de.1,FALSE
2018-09-15,Fortuna Düsseldorf,TSG 1899 Hoffenheim,2,1,de.1,FALSE
2018-09-15,FC Bayern München,Bayer 04 Leverkusen,3,1,de.1,FALSE
2018-09-15,Borussia Mönchengladbach,FC Schalke 04,2,1,de.1,FALSE
2018-09-16,Everton,West Ham United,1,3,en.1,FALSE
2018-09-16,Wolverhampton Wanderers,Burnley,1,0,en.1,FALSE
2018-09-16,CD Leganés,Villarreal CF,0,1,es.1,FALSE
2018-09-16,RCD Espanyol de Barcelona,Levante UD,1,0,es.1,FALSE
2018-09-16,Real Valladolid CF,Deportivo Alavés,0,1,es.1,FALSE
2018-09-16,Sevilla,Getafe CF,0,2,es.1,FALSE
2018-09-16,AS Roma,Chievo Verona,2,2,it.1,FALSE
2018-09-16,Genoa CFC,Bologna FC 1909,1,0,it.1,FALSE
2018-09-16,Juventus,US Sassuolo Calcio,2,1,it.1,FALSE
2018-09-16,Udinese Calcio,Torino,1,1,it.1,FALSE
2018-09-16,Empoli,SS Lazio,0,1,it.1,FALSE
2018-09-16,Cagliari Calcio,AC Milan,1,1,it.1,FALSE
2018-09-16,SV Werder Bremen,1. FC Nürnberg,1,1,de.1,FALSE
2018-09-16,SC Freiburg,VfB Stuttgart,3,3,de.1,FALSE
2018-09-17,Southampton,Brighton & Hove Albion,2,2,en.1,FALSE
2018-09-17,Girona,RC Celta de Vigo,3,2,es.1,FALSE
2018-09-17,SPAL 2013 Ferrara,Atalanta BC,2,0,it.1,FALSE
2018-09-18,AS Monaco,Club Atlético de Madrid,1,2,uefa.cl,FALSE
2018-09-18,Club Brugge KV,Borussia Dortmund,0,1,uefa.cl,FALSE
2018-09-18,FC Barcelona,PSV Eindhoven,4,0,uefa.cl,FALSE
2018-09-18,FC Internazionale Milano,Tottenham Hotspur,2,1,uefa.cl,FALSE
2018-09-18,Liverpool,Paris Saint-Germain,3,2,uefa.cl,FALSE
2018-09-18,Crvena Zvezda,SSC Napoli,0,0,uefa.cl,FALSE
2018-09-18,FC Schalke 04,FC Porto,1,1,uefa.cl,FALSE
2018-09-18,Galatasaray,Lokomotiv Moskva,3,0,uefa.cl,FALSE
2018-09-19,Sampdoria,ACF Fiorentina,1,1,it.1,FALSE
2018-09-19,AFC Ajax,AEK Athen,3,0,uefa.cl,FALSE
2018-09-19,SL Benfica,FC Bayern München,0,2,uefa.cl,FALSE
2018-09-19,Shakhtar Donetsk,TSG 1899 Hoffenheim,2,2,uefa.cl,FALSE
2018-09-19,Manchester City,Olympique Lyonnais,1,2,uefa.cl,FALSE
2018-09-19,Real Madrid CF,AS Roma,3,0,uefa.cl,FALSE
2018-09-19,Viktoria Plzeň,CSKA Moskva,2,2,uefa.cl,FALSE
2018-09-19,Valencia CF,Juventus,0,2,uefa.cl,FALSE
2018-09-19,BSC Young Boys,Manchester United,0,3,uefa.cl,FALSE
2018-09-21,SD Huesca,Real Sociedad de Fútbol,0,1,es.1,FALSE
2018-09-21,US Sassuolo Calcio,Empoli,3,1,it.1,FALSE
2018-09-21,VfB Stuttgart,Fortuna Düsseldorf,0,0,de.1,FALSE
2018-09-22,Fulham,Watford,1,1,en.1,FALSE
2018-09-22,Burnley,AFC Bournemouth,4,0,en.1,FALSE
2018-09-22,Cardiff City,Manchester City,0,5,en.1,FALSE
2018-09-22,Crystal Palace,Newcastle United,0,0,en.1,FALSE
2018-09-22,Leicester City,Huddersfield Town,3,1,en.1,FALSE
2018-09-22,Manchester United,Wolverhampton Wanderers,1,1,en.1,FALSE
2018-09-22,Liverpool,Southampton,3,0,en.1,FALSE
2018-09-22,Brighton & Hove Albion,Tottenham Hotspur,1,2,en.1,FALSE
2018-09-22,Rayo Vallecano de Madrid,Deportivo Alavés,1,5,es.1,FALSE
2018-09-22,RC Celta de Vigo,Real Valladolid CF,3,3,es.1,FALSE
2018-09-22,SD Eibar,CD Leganés,1,0,es.1,FALSE
2018-09-22,Getafe CF,Club Atlético de Madrid,0,2,es.1,FALSE
2018-09-22,Real Madrid CF,RCD Espanyol de Barcelona,1,0,es.1,FALSE
2018-09-22,Parma Calcio 1913,Cagliari Calcio,2,0,it.1,FALSE
2018-09-22,ACF Fiorentina,SPAL 2013 Ferrara,3,0,it.1,FALSE
2018-09-22,Sampdoria,FC Internazionale Milano,0,1,it.1,FALSE
2018-09-22,TSG 1899 Hoffenheim,Borussia Dortmund,1,1,de.1,FALSE
2018-09-22,Hertha BSC,Borussia Mönchengladbach,4,2,de.1,FALSE
2018-09-22,FC Augsburg,SV Werder Bremen,2,3,de.1,FALSE
2018-09-22,VfL Wolfsburg,SC Freiburg,1,3,de.1,FALSE
2018-09-22,1. FC Nürnberg,Hannover 96,2,0,de.1,FALSE
2018-09-22,FC Schalke 04,FC Bayern München,0,2,de.1,FALSE
2018-09-23,Arsenal,Everton,2,0,en.1,FALSE
2018-09-23,West Ham United,Chelsea,0,0,en.1,FALSE
2018-09-23,Levante UD,Sevilla,2,6,es.1,FALSE
2018-09-23,Villarreal CF,Valencia CF,0,0,es.1,FALSE
2018-09-23,Real Betis Balompié,Athletic Club,2,2,es.1,FALSE
2018-09-23,FC Barcelona,Girona,2,2,es.1,FALSE
2018-09-23,Torino,SSC Napoli,1,3,it.1,FALSE
2018-09-23,Bologna FC 1909,AS Roma,2,0,it.1,FALSE
2018-09-23,Chievo Verona,Udinese Calcio,0,2,it.1,FALSE
2018-09-23,SS Lazio,Genoa CFC,4,1,it.1,FALSE
2018-09-23,AC Milan,Atalanta BC,2,2,it.1,FALSE
2018-09-23,Frosinone Calcio,Juventus,0,2,it.1,FALSE
2018-09-23,Bayer 04 Leverkusen,1. FSV Mainz 05,1,0,de.1,FALSE
2018-09-23,Eintracht Frankfurt,RB Leipzig,1,1,de.1,FALSE
2018-09-25,RCD Espanyol de Barcelona,SD Eibar,1,0,es.1,FALSE
2018-09-25,Real Sociedad de Fútbol,Rayo Vallecano de Madrid,2,2,es.1,FALSE
2018-09-25,Club Atlético de Madrid,SD Huesca,3,0,es.1,FALSE
2018-09-25,FC Internazionale Milano,ACF Fiorentina,2,1,it.1,FALSE
2018-09-25,SV Werder Bremen,Hertha BSC,3,1,de.1,FALSE
2018-09-25,FC Bayern München,FC Augsburg,1,1,de.1,FALSE
2018-09-25,Hannover 96,TSG 1899 Hoffenheim,1,3,de.1,FALSE
2018-09-25,SC Freiburg,FC Schalke 04,1,0,de.1,FALSE
2018-09-26,Athletic Club,Villarreal CF,0,3,es.1,FALSE
2018-09-26,CD Leganés,FC Barcelona,2,1,es.1,FALSE
2018-09-26,Valencia CF,RC Celta de Vigo,1,1,es.1,FALSE
2018-09-26,Sevilla,Real Madrid CF,3,0,es.1,FALSE
2018-09-26,Udinese Calcio,SS Lazio,1,2,it.1,FALSE
2018-09-26,Atalanta BC,Torino,0,0,it.1,FALSE
2018-09-26,Cagliari Calcio,Sampdoria,0,0,it.1,FALSE
2018-09-26,Genoa CFC,Chievo Verona,2,0,it.1,FALSE
2018-09-26,Juventus,Bologna FC 1909,2,0,it.1,FALSE
2018-09-26,SSC Napoli,Parma Calcio 1913,3,0,it.1,FALSE
2018-09-26,AS Roma,Frosinone Calcio,4,0,it.1,FALSE
2018-09-26,Fortuna Düsseldorf,Bayer 04 Leverkusen,1,2,de.1,FALSE
2018-09-26,Borussia Dortmund,1. FC Nürnberg,7,0,de.1,FALSE
2018-09-26,RB Leipzig,VfB Stuttgart,2,0,de.1,FALSE
2018-09-26,Borussia Mönchengladbach,Eintracht Frankfurt,3,1,de.1,FALSE
2018-09-26,1. FSV Mainz 05,VfL Wolfsburg,0,0,de.1,FALSE
2018-09-27,Deportivo Alavés,Getafe CF,1,1,es.1,FALSE
2018-09-27,Real Valladolid CF,Levante UD,2,1,es.1,FALSE
2018-09-27,Girona,Real Betis Balompié,0,1,es.1,FALSE
2018-09-27,SPAL 2013 Ferrara,US Sassuolo Calcio,0,2,it.1,FALSE
2018-09-27,Empoli,AC Milan,1,1,it.1,FALSE
2018-09-28,Rayo Vallecano de Madrid,RCD Espanyol de Barcelona,2,2,es.1,FALSE
2018-09-28,Hertha BSC,FC Bayern München,2,0,de.1,FALSE
2018-09-29,West Ham United,Manchester United,3,1,en.1,FALSE
2018-09-29,Arsenal,Watford,2,0,en.1,FALSE
2018-09-29,Everton,Fulham,3,0,en.1,FALSE
2018-09-29,Huddersfield Town,Tottenham Hotspur,0,2,en.1,FALSE
2018-09-29,Manchester City,Brighton & Hove Albion,2,0,en.1,FALSE
2018-09-29,Newcastle United,Leicester City,0,2,en.1,FALSE
2018-09-29,Wolverhampton Wanderers,Southampton,2,0,en.1,FALSE
2018-09-29,Chelsea,Liverpool,1,1,en.1,FALSE
2018-09-29,Real Sociedad de Fútbol,Valencia CF,0,1,es.1,FALSE
2018-09-29,FC Barcelona,Athletic Club,1,1,es.1,FALSE
2018-09-29,SD Eibar,Sevilla,1,3,es.1,FALSE
2018-09-29,Real Madrid CF,Club Atlético de Madrid,0,0,es.1,FALSE
2018-09-29,AS Roma,SS Lazio,3,1,it.1,FALSE
2018-09-29,Juventus,SSC Napoli,3,1,it.1,FALSE
2018-09-29,FC Internazionale Milano,Cagliari Calcio,2,0,it.1,FALSE
2018-09-29,FC Schalke 04,1. FSV Mainz 05,1,0,de.1,FALSE
2018-09-29,TSG 1899 Hoffenheim,RB Leipzig,1,2,de.1,FALSE
2018-09-29,VfB Stuttgart,SV Werder Bremen,2,1,de.1,FALSE
2018-09-29,VfL Wolfsburg,Borussia Mönchengladbach,2,2,de.1,FALSE
2018-09-29,1. FC Nürnberg,Fortuna Düsseldorf,3,0,de.1,FALSE
2018-09-29,Bayer 04 Leverkusen,Borussia Dortmund,2,4,de.1,FALSE
2018-09-30,Cardiff City,Burnley,1,2,en.1,FALSE
2018-09-30,SD Huesca,Girona,1,1,es.1,FALSE
2018-09-30,Villarreal CF,Real Valladolid CF,0,1,es.1,FALSE
2018-09-30,Levante UD,Deportivo Alavés,2,1,es.1,FALSE
2018-09-30,Real Betis Balompié,CD Leganés,1,0,es.1,FALSE
2018-09-30,Bologna FC 1909,Udinese Calcio,2,1,it.1,FALSE
2018-09-30,Chievo Verona,Torino,0,1,it.1,FALSE
2018-09-30,ACF Fiorentina,Atalanta BC,2,0,it.1,FALSE
2018-09-30,Frosinone Calcio,Genoa CFC,1,2,it.1,FALSE
2018-09-30,Parma Calcio 1913,Empoli,1,0,it.1,FALSE
2018-09-30,US Sassuolo Calcio,AC Milan,1,4,it.1,FALSE
2018-09-30,Eintracht Frankfurt,Hannover 96,4,1,de.1,FALSE
2018-09-30,FC Augsburg,SC Freiburg,4,1,de.1,FALSE
2018-10-01,AFC Bournemouth,Crystal Palace,2,1,en.1,FALSE
2018-10-01,RC Celta de Vigo,Getafe CF,1,1,es.1,FALSE
2018-10-01,Sampdoria,SPAL 2013 Ferrara,2,1,it.1,FALSE
2018-10-02,FC Bayern München,AFC Ajax,1,1,uefa.cl,FALSE
2018-10-02,AEK Athen,SL Benfica,2,3,uefa.cl,FALSE
2018-10-02,TSG 1899 Hoffenheim,Manchester City,1,2,uefa.cl,FALSE
2018-10-02,Olympique Lyonnais,Shakhtar Donetsk,2,2,uefa.cl,FALSE
2018-10-02,CSKA Moskva,Real Madrid CF,1,0,uefa.cl,FALSE
2018-10-02,AS Roma,Viktoria Plzeň,5,0,uefa.cl,FALSE
2018-10-02,Juventus,BSC Young Boys,3,0,uefa.cl,FALSE
2018-10-02,Manchester United,Valencia CF,0,0,uefa.cl,FALSE
2018-10-03,Borussia Dortmund,AS Monaco,3,0,uefa.cl,FALSE
2018-10-03,Club Atlético de Madrid,Club Brugge KV,3,1,uefa.cl,FALSE
2018-10-03,Tottenham Hotspur,FC Barcelona,2,4,uefa.cl,FALSE
2018-10-03,PSV Eindhoven,FC Internazionale Milano,1,2,uefa.cl,FALSE
2018-10-03,Paris Saint-Germain,Crvena Zvezda,6,1,uefa.cl,FALSE
2018-10-03,SSC Napoli,Liverpool,1,0,uefa.cl,FALSE
2018-10-03,Lokomotiv Moskva,FC Schalke 04,0,1,uefa.cl,FALSE
2018-10-03,FC Porto,Galatasaray,1,0,uefa.cl,FALSE
2018-10-05,Brighton & Hove Albion,West Ham United,1,0,en.1,FALSE
2018-10-05,Athletic Club,Real Sociedad de Fútbol,1,3,es.1,FALSE
2018-10-05,Torino,Frosinone Calcio,3,2,it.1,FALSE
2018-10-05,SV Werder Bremen,VfL Wolfsburg,2,0,de.1,FALSE
2018-10-06,Crystal Palace,Wolverhampton Wanderers,0,1,en.1,FALSE
2018-10-06,Leicester City,Everton,1,2,en.1,FALSE
2018-10-06,Tottenham Hotspur,Cardiff City,1,0,en.1,FALSE
2018-10-06,Watford,AFC Bournemouth,0,4,en.1,FALSE
2018-10-06,Manchester United,Newcastle United,3,2,en.1,FALSE
2018-10-06,Burnley,Huddersfield Town,1,1,en.1,FALSE
2018-10-06,Girona,SD Eibar,2,3,es.1,FALSE
2018-10-06,Getafe CF,Levante UD,0,1,es.1,FALSE
2018-10-06,Deportivo Alavés,Real Madrid CF,1,0,es.1,FALSE
2018-10-06,CD Leganés,Rayo Vallecano de Madrid,1,0,es.1,FALSE
2018-10-06,Cagliari Calcio,Bologna FC 1909,2,0,it.1,FALSE
2018-10-06,Udinese Calcio,Juventus,0,2,it.1,FALSE
2018-10-06,Empoli,AS Roma,0,2,it.1,FALSE
2018-10-06,Borussia Dortmund,FC Augsburg,4,3,de.1,FALSE
2018-10-06,Hannover 96,VfB Stuttgart,3,1,de.1,FALSE
2018-10-06,1. FSV Mainz 05,Hertha BSC,0,0,de.1,FALSE
2018-10-06,Fortuna Düsseldorf,FC Schalke 04,0,2,de.1,FALSE
2018-10-06,FC Bayern München,Borussia Mönchengladbach,0,3,de.1,FALSE
2018-10-07,Fulham,Arsenal,1,5,en.1,FALSE
2018-10-07,Southampton,Chelsea,0,3,en.1,FALSE
2018-10-07,Liverpool,Manchester City,0,0,en.1,FALSE
2018-10-07,Real Valladolid CF,SD Huesca,1,0,es.1,FALSE
2018-10-07,Club Atlético de Madrid,Real Betis Balompié,1,0,es.1,FALSE
2018-10-07,RCD Espanyol de Barcelona,Villarreal CF,3,1,es.1,FALSE
2018-10-07,Sevilla,RC Celta de Vigo,2,1,es.1,FALSE
2018-10-07,Valencia CF,FC Barcelona,1,1,es.1,FALSE
2018-10-07,Genoa CFC,Parma Calcio 1913,1,3,it.1,FALSE
2018-10-07,Atalanta BC,Sampdoria,0,1,it.1,FALSE
2018-10-07,SS Lazio,ACF Fiorentina,1,0,it.1,FALSE
2018-10-07,AC Milan,Chievo Verona,3,1,it.1,FALSE
2018-10-07,SSC Napoli,US Sassuolo Calcio,2,0,it.1,FALSE
2018-10-07,SPAL 2013 Ferrara,FC Internazionale Milano,1,2,it.1,FALSE
2018-10-07,SC Freiburg,Bayer 04 Leverkusen,0,0,de.1,FALSE
2018-10-07,TSG 1899 Hoffenheim,Eintracht Frankfurt,1,2,de.1,FALSE
2018-10-07,RB Leipzig,1. FC Nürnberg,6,0,de.1,FALSE
2018-10-19,RC Celta de Vigo,Deportivo Alavés,0,1,es.1,FALSE
2018-10-19,Eintracht Frankfurt,Fortuna Düsseldorf,7,1,de.1,FALSE
2018-10-20,Chelsea,Manchester United,2,2,en.1,FALSE
2018-10-20,AFC Bournemouth,Southampton,0,0,en.1,FALSE
2018-10-20,Cardiff City,Fulham,4,2,en.1,FALSE
2018-10-20,Manchester City,Burnley,5,0,en.1,FALSE
2018-10-20,Newcastle United,Brighton & Hove Albion,0,1,en.1,FALSE
2018-10-20,West Ham United,Tottenham Hotspur,0,1,en.1,FALSE
2018-10-20,Wolverhampton Wanderers,Watford,0,2,en.1,FALSE
2018-10-20,Huddersfield Town,Liverpool,0,1,en.1,FALSE
2018-10-20,Real Madrid CF,Levante UD,1,2,es.1,FALSE
2018-10-20,Valencia CF,CD Leganés,1,1,es.1,FALSE
2018-10-20,Villarreal CF,Club Atlético de Madrid,1,1,es.1,FALSE
2018-10-20,FC Barcelona,Sevilla,4,2,es.1,FALSE
2018-10-20,AS Roma,SPAL 2013 Ferrara,0,2,it.1,FALSE
2018-10-20,Juventus,Genoa CFC,1,1,it.1,FALSE
2018-10-20,Udinese Calcio,SSC Napoli,0,3,it.1,FALSE
2018-10-20,Bayer 04 Leverkusen,Hannover 96,2,2,de.1,FALSE
2018-10-20,VfB Stuttgart,Borussia Dortmund,0,4,de.1,FALSE
2018-10-20,FC Augsburg,RB Leipzig,0,0,de.1,FALSE
2018-10-20,VfL Wolfsburg,FC Bayern München,1,3,de.1,FALSE
2018-10-20,1. FC Nürnberg,TSG 1899 Hoffenheim,1,3,de.1,FALSE
2018-10-20,FC Schalke 04,SV Werder Bremen,0,2,de.1,FALSE
2018-10-21,Everton,Crystal Palace,2,0,en.1,FALSE
2018-10-21,Rayo Vallecano de Madrid,Getafe CF,1,2,es.1,FALSE
2018-10-21,SD Eibar,Athletic Club,1,1,es.1,FALSE
2018-10-21,SD Huesca,RCD Espanyol de Barcelona,0,2,es.1,FALSE
2018-10-21,Real Betis Balompié,Real Valladolid CF,0,1,es.1,FALSE
2018-10-21,Frosinone Calcio,Empoli,3,3,it.1,FALSE
2018-10-21,Bologna FC 1909,Torino,2,2,it.1,FALSE
2018-10-21,Chievo Verona,Atalanta BC,1,5,it.1,FALSE
2018-10-21,Parma Calcio 1913,SS Lazio,0,2,it.1,FALSE
2018-10-21,ACF Fiorentina,Cagliari Calcio,1,1,it.1,FALSE
2018-10-21,FC Internazionale Milano,AC Milan,1,0,it.1,FALSE
2018-10-21,Hertha BSC,SC Freiburg,1,1,de.1,FALSE
2018-10-21,Borussia Mönchengladbach,1. FSV Mainz 05,4,0,de.1,FALSE
2018-10-22,Arsenal,Leicester City,3,1,en.1,FALSE
2018-10-22,Real Sociedad de Fútbol,Girona,0,0,es.1,FALSE
2018-10-22,Sampdoria,US Sassuolo Calcio,0,0,it.1,FALSE
2018-10-23,AEK Athen,FC Bayern München,0,2,uefa.cl,FALSE
2018-10-23,AFC Ajax,SL Benfica,1,0,uefa.cl,FALSE
2018-10-23,Shakhtar Donetsk,Manchester City,0,3,uefa.cl,FALSE
2018-10-23,TSG 1899 Hoffenheim,Olympique Lyonnais,3,3,uefa.cl,FALSE
2018-10-23,AS Roma,CSKA Moskva,3,0,uefa.cl,FALSE
2018-10-23,Real Madrid CF,Viktoria Plzeň,2,1,uefa.cl,FALSE
2018-10-23,BSC Young Boys,Valencia CF,1,1,uefa.cl,FALSE
2018-10-23,Manchester United,Juventus,0,1,uefa.cl,FALSE
2018-10-24,Rayo Vallecano de Madrid,Athletic Club,1,1,es.1,FALSE
2018-10-24,Club Brugge KV,AS Monaco,1,1,uefa.cl,FALSE
2018-10-24,Borussia Dortmund,Club Atlético de Madrid,4,0,uefa.cl,FALSE
2018-10-24,PSV Eindhoven,Tottenham Hotspur,2,2,uefa.cl,FALSE
2018-10-24,FC Barcelona,FC Internazionale Milano,2,0,uefa.cl,FALSE
2018-10-24,Paris Saint-Germain,SSC Napoli,2,2,uefa.cl,FALSE
2018-10-24,Liverpool,Crvena Zvezda,4,0,uefa.cl,FALSE
2018-10-24,Lokomotiv Moskva,FC Porto,1,3,uefa.cl,FALSE
2018-10-24,Galatasaray,FC Schalke 04,0,0,uefa.cl,FALSE
2018-10-26,Real Valladolid CF,RCD Espanyol de Barcelona,1,1,es.1,FALSE
2018-10-26,SC Freiburg,Borussia Mönchengladbach,3,1,de.1,FALSE
2018-10-27,Brighton & Hove Albion,Wolverhampton Wanderers,1,0,en.1,FALSE
2018-10-27,Fulham,AFC Bournemouth,0,3,en.1,FALSE
2018-10-27,Liverpool,Cardiff City,4,1,en.1,FALSE
2018-10-27,Southampton,Newcastle United,0,0,en.1,FALSE
2018-10-27,Watford,Huddersfield Town,3,0,en.1,FALSE
2018-10-27,Leicester City,West Ham United,1,1,en.1,FALSE
2018-10-27,Girona,Rayo Vallecano de Madrid,2,1,es.1,FALSE
2018-10-27,Athletic Club,Valencia CF,0,0,es.1,FALSE
2018-10-27,RC Celta de Vigo,SD Eibar,4,0,es.1,FALSE
2018-10-27,Levante UD,CD Leganés,2,0,es.1,FALSE
2018-10-27,Club Atlético de Madrid,Real Sociedad de Fútbol,2,0,es.1,FALSE
2018-10-27,Atalanta BC,Parma Calcio 1913,3,0,it.1,FALSE
2018-10-27,Empoli,Juventus,1,2,it.1,FALSE
2018-10-27,Torino,ACF Fiorentina,1,1,it.1,FALSE
2018-10-27,Borussia Dortmund,Hertha BSC,2,2,de.1,FALSE
2018-10-27,Hannover 96,FC Augsburg,1,2,de.1,FALSE
2018-10-27,1. FSV Mainz 05,FC Bayern München,1,2,de.1,FALSE
2018-10-27,Fortuna Düsseldorf,VfL Wolfsburg,0,3,de.1,FALSE
2018-10-27,TSG 1899 Hoffenheim,VfB Stuttgart,4,0,de.1,FALSE
2018-10-28,Crystal Palace,Arsenal,2,2,en.1,FALSE
2018-10-28,Manchester United,Everton,2,1,en.1,FALSE
2018-10-28,Burnley,Chelsea,0,4,en.1,FALSE
2018-10-28,Getafe CF,Real Betis Balompié,2,0,es.1,FALSE
2018-10-28,FC Barcelona,Real Madrid CF,5,1,es.1,FALSE
2018-10-28,Deportivo Alavés,Villarreal CF,2,1,es.1,FALSE
2018-10-28,Sevilla,SD Huesca,2,1,es.1,FALSE
2018-10-28,US Sassuolo Calcio,Bologna FC 1909,2,2,it.1,FALSE
2018-10-28,Cagliari Calcio,Chievo Verona,2,1,it.1,FALSE
2018-10-28,Genoa CFC,Udinese Calcio,2,2,it.1,FALSE
2018-10-28,SPAL 2013 Ferrara,Frosinone Calcio,0,3,it.1,FALSE
2018-10-28,AC Milan,Sampdoria,3,2,it.1,FALSE
2018-10-28,SSC Napoli,AS Roma,1,1,it.1,FALSE
2018-10-28,1. FC Nürnberg,Eintracht Frankfurt,1,1,de.1,FALSE
2018-10-28,RB Leipzig,FC Schalke 04,0,0,de.1,FALSE
2018-10-28,SV Werder Bremen,Bayer 04 Leverkusen,2,6,de.1,FALSE
2018-10-29,Tottenham Hotspur,Manchester City,0,1,en.1,FALSE
2018-10-29,SS Lazio,FC Internazionale Milano,0,3,it.1,FALSE
2018-10-31,AC Milan,Genoa CFC,2,1,it.1,FALSE
2018-11-02,SSC Napoli,Empoli,5,1,it.1,FALSE
2018-11-02,VfB Stuttgart,Eintracht Frankfurt,0,3,de.1,FALSE
2018-11-03,AFC Bournemouth,Manchester United,1,2,en.1,FALSE
2018-11-03,Cardiff City,Leicester City,0,1,en.1,FALSE
2018-11-03,Everton,Brighton & Hove Albion,3,1,en.1,FALSE
2018-11-03,Newcastle United,Watford,1,0,en.1,FALSE
2018-11-03,West Ham United,Burnley,4,2,en.1,FALSE
2018-11-03,Arsenal,Liverpool,1,1,en.1,FALSE
2018-11-03,Wolverhampton Wanderers,Tottenham Hotspur,2,3,en.1,FALSE
2018-11-03,CD Leganés,Club Atlético de Madrid,1,1,es.1,FALSE
2018-11-03,Real Madrid CF,Real Valladolid CF,2,0,es.1,FALSE
2018-11-03,Valencia CF,Girona,0,1,es.1,FALSE
2018-11-03,Rayo Vallecano de Madrid,FC Barcelona,2,3,es.1,FALSE
2018-11-03,FC Internazionale Milano,Genoa CFC,5,0,it.1,FALSE
2018-11-03,ACF Fiorentina,AS Roma,1,1,it.1,FALSE
2018-11-03,Juventus,Cagliari Calcio,3,1,it.1,FALSE
2018-11-03,FC Bayern München,SC Freiburg,1,1,de.1,FALSE
2018-11-03,FC Schalke 04,Hannover 96,3,1,de.1,FALSE
2018-11-03,Bayer 04 Leverkusen,TSG 1899 Hoffenheim,1,4,de.1,FALSE
2018-11-03,FC Augsburg,1. FC Nürnberg,2,2,de.1,FALSE
2018-11-03,VfL Wolfsburg,Borussia Dortmund,0,1,de.1,FALSE
2018-11-03,Hertha BSC,RB Leipzig,0,3,de.1,FALSE
2018-11-04,Chelsea,Crystal Palace,3,1,en.1,FALSE
2018-11-04,Manchester City,Southampton,6,1,en.1,FALSE
2018-11-04,SD Eibar,Deportivo Alavés,2,1,es.1,FALSE
2018-11-04,Villarreal CF,Levante UD,1,1,es.1,FALSE
2018-11-04,Real Sociedad de Fútbol,Sevilla,0,0,es.1,FALSE
2018-11-04,SD Huesca,Getafe CF,1,1,es.1,FALSE
2018-11-04,Real Betis Balompié,RC Celta de Vigo,3,3,es.1,FALSE
2018-11-04,SS Lazio,SPAL 2013 Ferrara,4,1,it.1,FALSE
2018-11-04,Chievo Verona,US Sassuolo Calcio,0,2,it.1,FALSE
2018-11-04,Parma Calcio 1913,Frosinone Calcio,0,0,it.1,FALSE
2018-11-04,Sampdoria,Torino,1,4,it.1,FALSE
2018-11-04,Bologna FC 1909,Atalanta BC,1,2,it.1,FALSE
2018-11-04,Udinese Calcio,AC Milan,0,1,it.1,FALSE
2018-11-04,Borussia Mönchengladbach,Fortuna Düsseldorf,3,0,de.1,FALSE
2018-11-04,1. FSV Mainz 05,SV Werder Bremen,2,1,de.1,FALSE
2018-11-05,Huddersfield Town,Fulham,1,0,en.1,FALSE
2018-11-05,RCD Espanyol de Barcelona,Athletic Club,1,0,es.1,FALSE
2018-11-06,AS Monaco,Club Brugge KV,0,4,uefa.cl,FALSE
2018-11-06,Club Atlético de Madrid,Borussia Dortmund,2,0,uefa.cl,FALSE
2018-11-06,Tottenham Hotspur,PSV Eindhoven,2,1,uefa.cl,FALSE
2018-11-06,FC Internazionale Milano,FC Barcelona,1,1,uefa.cl,FALSE
2018-11-06,Crvena Zvezda,Liverpool,2,0,uefa.cl,FALSE
2018-11-06,SSC Napoli,Paris Saint-Germain,1,1,uefa.cl,FALSE
2018-11-06,FC Porto,Lokomotiv Moskva,4,1,uefa.cl,FALSE
2018-11-06,FC Schalke 04,Galatasaray,2,0,uefa.cl,FALSE
2018-11-07,SL Benfica,AFC Ajax,1,1,uefa.cl,FALSE
2018-11-07,FC Bayern München,AEK Athen,2,0,uefa.cl,FALSE
2018-11-07,Manchester City,Shakhtar Donetsk,6,0,uefa.cl,FALSE
2018-11-07,Olympique Lyonnais,TSG 1899 Hoffenheim,2,2,uefa.cl,FALSE
2018-11-07,CSKA Moskva,AS Roma,1,2,uefa.cl,FALSE
2018-11-07,Viktoria Plzeň,Real Madrid CF,0,5,uefa.cl,FALSE
2018-11-07,Valencia CF,BSC Young Boys,3,1,uefa.cl,FALSE
2018-11-07,Juventus,Manchester United,1,2,uefa.cl,FALSE
2018-11-09,Levante UD,Real Sociedad de Fútbol,1,3,es.1,FALSE
2018-11-09,Frosinone Calcio,ACF Fiorentina,1,1,it.1,FALSE
2018-11-09,Hannover 96,VfL Wolfsburg,2,1,de.1,FALSE
2018-11-10,Cardiff City,Brighton & Hove Albion,2,1,en.1,FALSE
2018-11-10,Huddersfield Town,West Ham United,1,1,en.1,FALSE
2018-11-10,Leicester City,Burnley,0,0,en.1,FALSE
2018-11-10,Newcastle United,AFC Bournemouth,2,1,en.1,FALSE
2018-11-10,Southampton,Watford,1,1,en.1,FALSE
2018-11-10,Crystal Palace,Tottenham Hotspur,0,1,en.1,FALSE
2018-11-10,Real Valladolid CF,SD Eibar,0,0,es.1,FALSE
2018-11-10,Getafe CF,Valencia CF,0,1,es.1,FALSE
2018-11-10,Club Atlético de Madrid,Athletic Club,3,2,es.1,FALSE
2018-11-10,Girona,CD Leganés,0,0,es.1,FALSE
2018-11-10,Torino,Parma Calcio 1913,1,2,it.1,FALSE
2018-11-10,SPAL 2013 Ferrara,Cagliari Calcio,2,2,it.1,FALSE
2018-11-10,Genoa CFC,SSC Napoli,1,2,it.1,FALSE
2018-11-10,TSG 1899 Hoffenheim,FC Augsburg,2,1,de.1,FALSE
2018-11-10,SV Werder Bremen,Borussia Mönchengladbach,1,3,de.1,FALSE
2018-11-10,SC Freiburg,1. FSV Mainz 05,1,3,de.1,FALSE
2018-11-10,Fortuna Düsseldorf,Hertha BSC,4,1,de.1,FALSE
2018-11-10,1. FC Nürnberg,VfB Stuttgart,0,2,de.1,FALSE
2018-11-10,Borussia Dortmund,FC Bayern München,3,2,de.1,FALSE
2018-11-11,Liverpool,Fulham,2,0,en.1,FALSE
2018-11-11,Chelsea,Everton,0,0,en.1,FALSE
2018-11-11,Arsenal,Wolverhampton Wanderers,1,1,en.1,FALSE
2018-11-11,Manchester City,Manchester United,3,1,en.1,FALSE
2018-11-11,Deportivo Alavés,SD Huesca,2,1,es.1,FALSE
2018-11-11,FC Barcelona,Real Betis Balompié,3,4,es.1,FALSE
2018-11-11,Rayo Vallecano de Madrid,Villarreal CF,2,2,es.1,FALSE
2018-11-11,Sevilla,RCD Espanyol de Barcelona,2,1,es.1,FALSE
2018-11-11,RC Celta de Vigo,Real Madrid CF,2,4,es.1,FALSE
2018-11-11,Atalanta BC,FC Internazionale Milano,4,1,it.1,FALSE
2018-11-11,Chievo Verona,Bologna FC 1909,2,2,it.1,FALSE
2018-11-11,Empoli,Udinese Calcio,2,1,it.1,FALSE
2018-11-11,AS Roma,Sampdoria,4,1,it.1,FALSE
2018-11-11,US Sassuolo Calcio,SS Lazio,1,1,it.1,FALSE
2018-11-11,AC Milan,Juventus,0,2,it.1,FALSE
2018-11-11,RB Leipzig,Bayer 04 Leverkusen,3,0,de.1,FALSE
2018-11-11,Eintracht Frankfurt,FC Schalke 04,3,0,de.1,FALSE
2018-11-23,CD Leganés,Deportivo Alavés,1,0,es.1,FALSE
2018-11-23,Bayer 04 Leverkusen,VfB Stuttgart,2,0,de.1,FALSE
2018-11-24,Brighton & Hove Albion,Leicester City,1,1,en.1,FALSE
2018-11-24,Everton,Cardiff City,1,0,en.1,FALSE
2018-11-24,Fulham,Southampton,3,2,en.1,FALSE
2018-11-24,Manchester United,Crystal Palace,0,0,en.1,FALSE
2018-11-24,Watford,Liverpool,0,3,en.1,FALSE
2018-11-24,West Ham United,Manchester City,0,4,en.1,FALSE
2018-11-24,Tottenham Hotspur,Chelsea,3,1,en.1,FALSE
2018-11-24,SD Eibar,Real Madrid CF,3,0,es.1,FALSE
2018-11-24,Valencia CF,Rayo Vallecano de Madrid,3,0,es.1,FALSE
2018-11-24,SD Huesca,Levante UD,2,2,es.1,FALSE
2018-11-24,Club Atlético de Madrid,FC Barcelona,1,1,es.1,FALSE
2018-11-24,Udinese Calcio,AS Roma,1,0,it.1,FALSE
2018-11-24,Juventus,SPAL 2013 Ferrara,2,0,it.1,FALSE
2018-11-24,FC Internazionale Milano,Frosinone Calcio,3,0,it.1,FALSE
2018-11-24,FC Bayern München,Fortuna Düsseldorf,3,3,de.1,FALSE
2018-11-24,Hertha BSC,TSG 1899 Hoffenheim,3,3,de.1,FALSE
2018-11-24,FC Augsburg,Eintracht Frankfurt,1,3,de.1,FALSE
2018-11-24,1. FSV Mainz 05,Borussia Dortmund,1,2,de.1,FALSE
2018-11-24,VfL Wolfsburg,RB Leipzig,1,0,de.1,FALSE
2018-11-24,FC Schalke 04,1. FC Nürnberg,5,2,de.1,FALSE
2018-11-25,Wolverhampton Wanderers,Huddersfield Town,0,2,en.1,FALSE
2018-11-25,AFC Bournemouth,Arsenal,1,2,en.1,FALSE
2018-11-25,Athletic Club,Getafe CF,1,1,es.1,FALSE
2018-11-25,Sevilla,Real Valladolid CF,1,0,es.1,FALSE
2018-11-25,RCD Espanyol de Barcelona,Girona,1,3,es.1,FALSE
2018-11-25,Villarreal CF,Real Betis Balompié,2,1,es.1,FALSE
2018-11-25,Parma Calcio 1913,US Sassuolo Calcio,2,1,it.1,FALSE
2018-11-25,Bologna FC 1909,ACF Fiorentina,0,0,it.1,FALSE
2018-11-25,Empoli,Atalanta BC,3,2,it.1,FALSE
2018-11-25,SSC Napoli,Chievo Verona,0,0,it.1,FALSE
2018-11-25,SS Lazio,AC Milan,1,1,it.1,FALSE
2018-11-25,Genoa CFC,Sampdoria,1,1,it.1,FALSE
2018-11-25,SC Freiburg,SV Werder Bremen,1,1,de.1,FALSE
2018-11-25,Borussia Mönchengladbach,Hannover 96,4,1,de.1,FALSE
2018-11-26,Burnley,Newcastle United,1,2,en.1,FALSE
2018-11-26,Real Sociedad de Fútbol,RC Celta de Vigo,2,1,es.1,FALSE
2018-11-26,Cagliari Calcio,Torino,0,0,it.1,FALSE
2018-11-27,AEK Athen,AFC Ajax,0,2,uefa.cl,FALSE
2018-11-27,FC Bayern München,SL Benfica,5,1,uefa.cl,FALSE
2018-11-27,Olympique Lyonnais,Manchester City,2,2,uefa.cl,FALSE
2018-11-27,TSG 1899 Hoffenheim,Shakhtar Donetsk,2,3,uefa.cl,FALSE
2018-11-27,CSKA Moskva,Viktoria Plzeň,1,2,uefa.cl,FALSE
2018-11-27,AS Roma,Real Madrid CF,0,2,uefa.cl,FALSE
2018-11-27,Juventus,Valencia CF,1,0,uefa.cl,FALSE
2018-11-27,Manchester United,BSC Young Boys,1,0,uefa.cl,FALSE
2018-11-28,Club Atlético de Madrid,AS Monaco,2,0,uefa.cl,FALSE
2018-11-28,Borussia Dortmund,Club Brugge KV,0,0,uefa.cl,FALSE
2018-11-28,PSV Eindhoven,FC Barcelona,1,2,uefa.cl,FALSE
2018-11-28,Tottenham Hotspur,FC Internazionale Milano,1,0,uefa.cl,FALSE
2018-11-28,Paris Saint-Germain,Liverpool,2,1,uefa.cl,FALSE
2018-11-28,SSC Napoli,Crvena Zvezda,3,1,uefa.cl,FALSE
2018-11-28,Lokomotiv Moskva,Galatasaray,2,0,uefa.cl,FALSE
2018-11-28,FC Porto,FC Schalke 04,3,1,uefa.cl,FALSE
2018-11-30,Cardiff City,Wolverhampton Wanderers,2,1,en.1,FALSE
2018-11-30,Rayo Vallecano de Madrid,SD Eibar,1,0,es.1,FALSE
2018-11-30,Fortuna Düsseldorf,1. FSV Mainz 05,0,1,de.1,FALSE
2018-12-01,Crystal Palace,Burnley,2,0,en.1,FALSE
2018-12-01,Huddersfield Town,Brighton & Hove Albion,1,2,en.1,FALSE
2018-12-01,Leicester City,Watford,2,0,en.1,FALSE
2018-12-01,Manchester City,AFC Bournemouth,3,1,en.1,FALSE
2018-12-01,Newcastle United,West Ham United,0,3,en.1,FALSE
2018-12-01,Southampton,Manchester United,2,2,en.1,FALSE
2018-12-01,RC Celta de Vigo,SD Huesca,2,0,es.1,FALSE
2018-12-01,Real Valladolid CF,CD Leganés,2,4,es.1,FALSE
2018-12-01,Getafe CF,RCD Espanyol de Barcelona,3,0,es.1,FALSE
2018-12-01,Real Madrid CF,Valencia CF,2,0,es.1,FALSE
2018-12-01,SPAL 2013 Ferrara,Empoli,2,2,it.1,FALSE
2018-12-01,ACF Fiorentina,Juventus,0,3,it.1,FALSE
2018-12-01,Sampdoria,Bologna FC 1909,4,1,it.1,FALSE
2018-12-01,Borussia Dortmund,SC Freiburg,2,0,de.1,FALSE
2018-12-01,VfB Stuttgart,FC Augsburg,1,0,de.1,FALSE
2018-12-01,SV Werder Bremen,FC Bayern München,1,2,de.1,FALSE
2018-12-01,Hannover 96,Hertha BSC,0,2,de.1,FALSE
2018-12-01,TSG 1899 Hoffenheim,FC Schalke 04,1,1,de.1,FALSE
2018-12-02,Arsenal,Tottenham Hotspur,4,2,en.1,FALSE
2018-12-02,Liverpool,Everton,1,0,en.1,FALSE
2018-12-02,Chelsea,Fulham,2,0,en.1,FALSE
2018-12-02,Real Betis Balompié,Real Sociedad de Fútbol,1,0,es.1,FALSE
2018-12-02,Girona,Club Atlético de Madrid,1,1,es.1,FALSE
2018-12-02,FC Barcelona,Villarreal CF,2,0,es.1,FALSE
2018-12-02,Deportivo Alavés,Sevilla,1,1,es.1,FALSE
2018-12-02,AC Milan,Parma Calcio 1913,2,1,it.1,FALSE
2018-12-02,Frosinone Calcio,Cagliari Calcio,1,1,it.1,FALSE
2018-12-02,US Sassuolo Calcio,Udinese Calcio,0,0,it.1,FALSE
2018-12-02,Torino,Genoa CFC,2,1,it.1,FALSE
2018-12-02,Chievo Verona,SS Lazio,1,1,it.1,FALSE
2018-12-02,AS Roma,FC Internazionale Milano,2,2,it.1,FALSE
2018-12-02,RB Leipzig,Borussia Mönchengladbach,2,0,de.1,FALSE
2018-12-02,Eintracht Frankfurt,VfL Wolfsburg,1,2,de.1,FALSE
2018-12-03,Levante UD,Athletic Club,3,0,es.1,FALSE
2018-12-03,Atalanta BC,SSC Napoli,1,2,it.1,FALSE
2018-12-03,1. FC Nürnberg,Bayer 04 Leverkusen,1,1,de.1,FALSE
2018-12-04,AFC Bournemouth,Huddersfield Town,2,1,en.1,FALSE
2018-12-04,Brighton & Hove Albion,Crystal Palace,3,1,en.1,FALSE
2018-12-04,West Ham United,Cardiff City,3,1,en.1,FALSE
2018-12-04,Watford,Manchester City,1,2,en.1,FALSE
2018-12-05,Fulham,Leicester City,1,1,en.1,FALSE
2018-12-05,Wolverhampton Wanderers,Chelsea,2,1,en.1,FALSE
2018-12-05,Everton,Newcastle United,1,1,en.1,FALSE
2018-12-05,Manchester United,Arsenal,2,2,en.1,FALSE
2018-12-05,Tottenham Hotspur,Southampton,3,1,en.1,FALSE
2018-12-05,Burnley,Liverpool,1,3,en.1,FALSE
2018-12-07,CD Leganés,Getafe CF,1,1,es.1,FALSE
2018-12-07,Juventus,FC Internazionale Milano,1,0,it.1,FALSE
2018-12-07,SV Werder Bremen,Fortuna Düsseldorf,3,1,de.1,FALSE
2018-12-08,AFC Bournemouth,Liverpool,0,4,en.1,FALSE
2018-12-08,Arsenal,Huddersfield Town,1,0,en.1,FALSE
2018-12-08,Burnley,Brighton & Hove Albion,1,0,en.1,FALSE
2018-12-08,Cardiff City,Southampton,1,0,en.1,FALSE
2018-12-08,Manchester United,Fulham,4,1,en.1,FALSE
2018-12-08,West Ham United,Crystal Palace,3,2,en.1,FALSE
2018-12-08,Chelsea,Manchester City,2,0,en.1,FALSE
2018-12-08,Leicester City,Tottenham Hotspur,0,2,en.1,FALSE
2018-12-08,Club Atlético de Madrid,Deportivo Alavés,3,0,es.1,FALSE
2018-12-08,Valencia CF,Sevilla,1,1,es.1,FALSE
2018-12-08,Villarreal CF,RC Celta de Vigo,2,3,es.1,FALSE
2018-12-08,RCD Espanyol de Barcelona,FC Barcelona,0,4,es.1,FALSE
2018-12-08,SSC Napoli,Frosinone Calcio,4,0,it.1,FALSE
2018-12-08,Cagliari Calcio,AS Roma,2,2,it.1,FALSE
2018-12-08,SS Lazio,Sampdoria,2,2,it.1,FALSE
2018-12-08,FC Bayern München,1. FC Nürnberg,3,0,de.1,FALSE
2018-12-08,FC Schalke 04,Borussia Dortmund,1,2,de.1,FALSE
2018-12-08,Bayer 04 Leverkusen,FC Augsburg,1,0,de.1,FALSE
2018-12-08,SC Freiburg,RB Leipzig,3,0,de.1,FALSE
2018-12-08,VfL Wolfsburg,TSG 1899 Hoffenheim,2,2,de.1,FALSE
2018-12-08,Hertha BSC,Eintracht Frankfurt,1,0,de.1,FALSE
2018-12-09,Newcastle United,Wolverhampton Wanderers,1,2,en.1,FALSE
2018-12-09,SD Eibar,Levante UD,4,4,es.1,FALSE
2018-12-09,SD Huesca,Real Madrid CF,0,1,es.1,FALSE
2018-12-09,Real Sociedad de Fútbol,Real Valladolid CF,1,2,es.1,FALSE
2018-12-09,Real Betis Balompié,Rayo Vallecano de Madrid,2,0,es.1,FALSE
2018-12-09,US Sassuolo Calcio,ACF Fiorentina,3,3,it.1,FALSE
2018-12-09,Empoli,Bologna FC 1909,2,1,it.1,FALSE
2018-12-09,Parma Calcio 1913,Chievo Verona,1,1,it.1,FALSE
2018-12-09,Udinese Calcio,Atalanta BC,1,3,it.1,FALSE
2018-12-09,Genoa CFC,SPAL 2013 Ferrara,1,1,it.1,FALSE
2018-12-09,AC Milan,Torino,0,0,it.1,FALSE
2018-12-09,1. FSV Mainz 05,Hannover 96,1,1,de.1,FALSE
2018-12-09,Borussia Mönchengladbach,VfB Stuttgart,3,0,de.1,FALSE
2018-12-10,Everton,Watford,2,2,en.1,FALSE
2018-12-10,Athletic Club,Girona,1,0,es.1,FALSE
2018-12-11,AS Monaco,Borussia Dortmund,0,2,uefa.cl,FALSE
2018-12-11,Club Brugge KV,Club Atlético de Madrid,0,0,uefa.cl,FALSE
2018-12-11,FC Barcelona,Tottenham Hotspur,1,1,uefa.cl,FALSE
2018-12-11,FC Internazionale Milano,PSV Eindhoven,1,1,uefa.cl,FALSE
2018-12-11,Liverpool,SSC Napoli,1,0,uefa.cl,FALSE
2018-12-11,Crvena Zvezda,Paris Saint-Germain,1,4,uefa.cl,FALSE
2018-12-11,FC Schalke 04,Lokomotiv Moskva,1,0,uefa.cl,FALSE
2018-12-11,Galatasaray,FC Porto,2,3,uefa.cl,FALSE
2018-12-12,AFC Ajax,FC Bayern München,3,3,uefa.cl,FALSE
2018-12-12,SL Benfica,AEK Athen,1,0,uefa.cl,FALSE
2018-12-12,Shakhtar Donetsk,Olympique Lyonnais,1,1,uefa.cl,FALSE
2018-12-12,Manchester City,TSG 1899 Hoffenheim,2,1,uefa.cl,FALSE
2018-12-12,Real Madrid CF,CSKA Moskva,0,3,uefa.cl,FALSE
2018-12-12,Viktoria Plzeň,AS Roma,2,1,uefa.cl,FALSE
2018-12-12,Valencia CF,Manchester United,2,1,uefa.cl,FALSE
2018-12-12,BSC Young Boys,Juventus,2,1,uefa.cl,FALSE
2018-12-14,RC Celta de Vigo,CD Leganés,0,0,es.1,FALSE
2018-12-14,1. FC Nürnberg,VfL Wolfsburg,0,2,de.1,FALSE
2018-12-15,Manchester City,Everton,3,1,en.1,FALSE
2018-12-15,Crystal Palace,Leicester City,1,0,en.1,FALSE
2018-12-15,Huddersfield Town,Newcastle United,0,1,en.1,FALSE
2018-12-15,Tottenham Hotspur,Burnley,1,0,en.1,FALSE
2018-12-15,Watford,Cardiff City,3,2,en.1,FALSE
2018-12-15,Wolverhampton Wanderers,AFC Bournemouth,2,0,en.1,FALSE
2018-12-15,Fulham,West Ham United,0,2,en.1,FALSE
2018-12-15,Getafe CF,Real Sociedad de Fútbol,1,0,es.1,FALSE
2018-12-15,Real Valladolid CF,Club Atlético de Madrid,2,3,es.1,FALSE
2018-12-15,Real Madrid CF,Rayo Vallecano de Madrid,1,0,es.1,FALSE
2018-12-15,SD Eibar,Valencia CF,1,1,es.1,FALSE
2018-12-15,FC Internazionale Milano,Udinese Calcio,1,0,it.1,FALSE
2018-12-15,Torino,Juventus,0,1,it.1,FALSE
2018-12-15,TSG 1899 Hoffenheim,Borussia Mönchengladbach,0,0,de.1,FALSE
2018-12-15,VfB Stuttgart,Hertha BSC,2,1,de.1,FALSE
2018-12-15,FC Augsburg,FC Schalke 04,1,1,de.1,FALSE
2018-12-15,Hannover 96,FC Bayern München,0,4,de.1,FALSE
2018-12-15,Fortuna Düsseldorf,SC Freiburg,2,0,de.1,FALSE
2018-12-15,Borussia Dortmund,SV Werder Bremen,2,1,de.1,FALSE
2018-12-16,Brighton & Hove Albion,Chelsea,1,2,en.1,FALSE
2018-12-16,Southampton,Arsenal,3,2,en.1,FALSE
2018-12-16,Liverpool,Manchester United,3,1,en.1,FALSE
2018-12-16,Sevilla,Girona,2,0,es.1,FALSE
2018-12-16,RCD Espanyol de Barcelona,Real Betis Balompié,1,3,es.1,FALSE
2018-12-16,SD Huesca,Villarreal CF,2,2,es.1,FALSE
2018-12-16,Levante UD,FC Barcelona,0,5,es.1,FALSE
2018-12-16,SPAL 2013 Ferrara,Chievo Verona,0,0,it.1,FALSE
2018-12-16,ACF Fiorentina,Empoli,3,1,it.1,FALSE
2018-12-16,Frosinone Calcio,US Sassuolo Calcio,0,2,it.1,FALSE
2018-12-16,Sampdoria,Parma Calcio 1913,2,0,it.1,FALSE
2018-12-16,Cagliari Calcio,SSC Napoli,0,1,it.1,FALSE
2018-12-16,AS Roma,Genoa CFC,3,2,it.1,FALSE
2018-12-16,RB Leipzig,1. FSV Mainz 05,4,1,de.1,FALSE
2018-12-16,Eintracht Frankfurt,Bayer 04 Leverkusen,2,1,de.1,FALSE
2018-12-17,Deportivo Alavés,Athletic Club,0,0,es.1,FALSE
2018-12-17,Atalanta BC,SS Lazio,1,0,it.1,FALSE
2018-12-18,Bologna FC 1909,AC Milan,0,0,it.1,FALSE
2018-12-18,Borussia Mönchengladbach,1. FC Nürnberg,2,0,de.1,FALSE
2018-12-18,Hertha BSC,FC Augsburg,2,2,de.1,FALSE
2018-12-18,VfL Wolfsburg,VfB Stuttgart,2,0,de.1,FALSE
2018-12-18,Fortuna Düsseldorf,Borussia Dortmund,2,1,de.1,FALSE
2018-12-19,FC Schalke 04,Bayer 04 Leverkusen,1,2,de.1,FALSE
2018-12-19,FC Bayern München,RB Leipzig,1,0,de.1,FALSE
2018-12-19,SV Werder Bremen,TSG 1899 Hoffenheim,1,1,de.1,FALSE
2018-12-19,SC Freiburg,Hannover 96,1,1,de.1,FALSE
2018-12-19,1. FSV Mainz 05,Eintracht Frankfurt,2,2,de.1,FALSE
2018-12-21,Wolverhampton Wanderers,Liverpool,0,2,en.1,FALSE
2018-12-21,Girona,Getafe CF,1,1,es.1,FALSE
2018-12-21,Real Sociedad de Fútbol,Deportivo Alavés,0,1,es.1,FALSE
2018-12-21,Borussia Dortmund,Borussia Mönchengladbach,2,1,de.1,FALSE
2018-12-22,Arsenal,Burnley,3,1,en.1,FALSE
2018-12-22,AFC Bournemouth,Brighton & Hove Albion,2,0,en.1,FALSE
2018-12-22,Chelsea,Leicester City,0,1,en.1,FALSE
2018-12-22,Huddersfield Town,Southampton,1,3,en.1,FALSE
2018-12-22,Manchester City,Crystal Palace,2,3,en.1,FALSE
2018-12-22,Newcastle United,Fulham,0,0,en.1,FALSE
2018-12-22,West Ham United,Watford,0,2,en.1,FALSE
2018-12-22,Cardiff City,Manchester United,1,5,en.1,FALSE
2018-12-22,Real Betis Balompié,SD Eibar,1,1,es.1,FALSE
2018-12-22,Club Atlético de Madrid,RCD Espanyol de Barcelona,1,0,es.1,FALSE
2018-12-22,FC Barcelona,RC Celta de Vigo,2,0,es.1,FALSE
2018-12-22,Athletic Club,Real Valladolid CF,1,1,es.1,FALSE
2018-12-22,SS Lazio,Cagliari Calcio,3,1,it.1,FALSE
2018-12-22,Empoli,Sampdoria,2,4,it.1,FALSE
2018-12-22,Genoa CFC,Atalanta BC,3,1,it.1,FALSE
2018-12-22,AC Milan,ACF Fiorentina,0,1,it.1,FALSE
2018-12-22,SSC Napoli,SPAL 2013 Ferrara,1,0,it.1,FALSE
2018-12-22,US Sassuolo Calcio,Torino,1,1,it.1,FALSE
2018-12-22,Udinese Calcio,Frosinone Calcio,1,1,it.1,FALSE
2018-12-22,Chievo Verona,FC Internazionale Milano,1,1,it.1,FALSE
2018-12-22,Parma Calcio 1913,Bologna FC 1909,0,0,it.1,FALSE
2018-12-22,Juventus,AS Roma,1,0,it.1,FALSE
2018-12-22,Bayer 04 Leverkusen,Hertha BSC,3,1,de.1,FALSE
2018-12-22,RB Leipzig,SV Werder Bremen,3,2,de.1,FALSE
2018-12-22,VfB Stuttgart,FC Schalke 04,1,3,de.1,FALSE
2018-12-22,Hannover 96,Fortuna Düsseldorf,0,1,de.1,FALSE
2018-12-22,1. FC Nürnberg,SC Freiburg,0,1,de.1,FALSE
2018-12-22,Eintracht Frankfurt,FC Bayern München,0,3,de.1,FALSE
2018-12-23,Everton,Tottenham Hotspur,2,6,en.1,FALSE
2018-12-23,Valencia CF,SD Huesca,2,1,es.1,FALSE
2018-12-23,CD Leganés,Sevilla,1,1,es.1,FALSE
2018-12-23,Rayo Vallecano de Madrid,Levante UD,2,1,es.1,FALSE
2018-12-23,FC Augsburg,VfL Wolfsburg,2,3,de.1,FALSE
2018-12-23,TSG 1899 Hoffenheim,1. FSV Mainz 05,1,1,de.1,FALSE
2018-12-26,Fulham,Wolverhampton Wanderers,1,1,en.1,FALSE
2018-12-26,Burnley,Everton,1,5,en.1,FALSE
2018-12-26,Crystal Palace,Cardiff City,0,0,en.1,FALSE
2018-12-26,Leicester City,Manchester City,2,1,en.1,FALSE
2018-12-26,Liverpool,Newcastle United,4,0,en.1,FALSE
2018-12-26,Manchester United,Huddersfield Town,3,1,en.1,FALSE
2018-12-26,Tottenham Hotspur,AFC Bournemouth,5,0,en.1,FALSE
2018-12-26,Brighton & Hove Albion,Arsenal,1,1,en.1,FALSE
2018-12-26,Watford,Chelsea,1,2,en.1,FALSE
2018-12-26,Frosinone Calcio,AC Milan,0,0,it.1,FALSE
2018-12-26,Atalanta BC,Juventus,2,2,it.1,FALSE
2018-12-26,Bologna FC 1909,SS Lazio,0,2,it.1,FALSE
2018-12-26,Cagliari Calcio,Genoa CFC,1,0,it.1,FALSE
2018-12-26,ACF Fiorentina,Parma Calcio 1913,0,1,it.1,FALSE
2018-12-26,Sampdoria,Chievo Verona,2,0,it.1,FALSE
2018-12-26,AS Roma,US Sassuolo Calcio,3,1,it.1,FALSE
2018-12-26,SPAL 2013 Ferrara,Udinese Calcio,0,0,it.1,FALSE
2018-12-26,Torino,Empoli,3,0,it.1,FALSE
2018-12-26,FC Internazionale Milano,SSC Napoli,1,0,it.1,FALSE
2018-12-27,Southampton,West Ham United,1,2,en.1,FALSE
2018-12-29,Brighton & Hove Albion,Everton,1,0,en.1,FALSE
2018-12-29,Fulham,Huddersfield Town,1,0,en.1,FALSE
2018-12-29,Leicester City,Cardiff City,0,1,en.1,FALSE
2018-12-29,Tottenham Hotspur,Wolverhampton Wanderers,1,3,en.1,FALSE
2018-12-29,Watford,Newcastle United,1,1,en.1,FALSE
2018-12-29,Liverpool,Arsenal,5,1,en.1,FALSE
2018-12-29,Juventus,Sampdoria,2,1,it.1,FALSE
2018-12-29,Chievo Verona,Frosinone Calcio,1,0,it.1,FALSE
2018-12-29,Empoli,FC Internazionale Milano,0,1,it.1,FALSE
2018-12-29,Genoa CFC,ACF Fiorentina,0,0,it.1,FALSE
2018-12-29,SS Lazio,Torino,1,1,it.1,FALSE
2018-12-29,Parma Calcio 1913,AS Roma,0,2,it.1,FALSE
2018-12-29,US Sassuolo Calcio,Atalanta BC,2,6,it.1,FALSE
2018-12-29,Udinese Calcio,Cagliari Calcio,2,0,it.1,FALSE
2018-12-29,SSC Napoli,Bologna FC 1909,3,2,it.1,FALSE
2018-12-29,AC Milan,SPAL 2013 Ferrara,2,1,it.1,FALSE
2018-12-30,Burnley,West Ham United,2,0,en.1,FALSE
2018-12-30,Southampton,Manchester City,1,3,en.1,FALSE
2018-12-30,Manchester United,AFC Bournemouth,4,1,en.1,FALSE
2018-12-30,Crystal Palace,Chelsea,0,1,en.1,FALSE
2019-01-01,Arsenal,Fulham,4,1,en.1,FALSE
2019-01-01,Cardiff City,Tottenham Hotspur,0,3,en.1,FALSE
2019-01-01,Everton,Leicester City,0,1,en.1,FALSE
2019-01-02,AFC Bournemouth,Watford,3,3,en.1,FALSE
2019-01-02,Chelsea,Southampton,0,0,en.1,FALSE
2019-01-02,Huddersfield Town,Burnley,1,2,en.1,FALSE
2019-01-02,West Ham United,Brighton & Hove Albion,2,2,en.1,FALSE
2019-01-02,Wolverhampton Wanderers,Crystal Palace,0,2,en.1,FALSE
2019-01-02,Newcastle United,Manchester United,0,2,en.1,FALSE
2019-01-03,Manchester City,Liverpool,2,1,en.1,FALSE
2019-01-03,Villarreal CF,Real Madrid CF,2,2,es.1,FALSE
2019-01-04,Levante UD,Girona,2,2,es.1,FALSE
2019-01-04,RCD Espanyol de Barcelona,CD Leganés,1,0,es.1,FALSE
2019-01-05,Real Valladolid CF,Rayo Vallecano de Madrid,0,1,es.1,FALSE
2019-01-05,Deportivo Alavés,Valencia CF,2,1,es.1,FALSE
2019-01-05,SD Huesca,Real Betis Balompié,2,1,es.1,FALSE
2019-01-06,SD Eibar,Villarreal CF,0,0,es.1,FALSE
2019-01-06,Sevilla,Club Atlético de Madrid,1,1,es.1,FALSE
2019-01-06,Real Madrid CF,Real Sociedad de Fútbol,0,2,es.1,FALSE
2019-01-06,Getafe CF,FC Barcelona,1,2,es.1,FALSE
2019-01-07,RC Celta de Vigo,Athletic Club,1,2,es.1,FALSE
2019-01-11,Rayo Vallecano de Madrid,RC Celta de Vigo,4,2,es.1,FALSE
2019-01-12,Brighton & Hove Albion,Liverpool,0,1,en.1,FALSE
2019-01-12,Burnley,Fulham,2,1,en.1,FALSE
2019-01-12,Cardiff City,Huddersfield Town,0,0,en.1,FALSE
2019-01-12,Crystal Palace,Watford,1,2,en.1,FALSE
2019-01-12,Leicester City,Southampton,1,2,en.1,FALSE
2019-01-12,Chelsea,Newcastle United,2,1,en.1,FALSE
2019-01-12,West Ham United,Arsenal,1,0,en.1,FALSE
2019-01-12,CD Leganés,SD Huesca,1,0,es.1,FALSE
2019-01-12,Valencia CF,Real Valladolid CF,1,1,es.1,FALSE
2019-01-12,Girona,Deportivo Alavés,1,1,es.1,FALSE
2019-01-12,Villarreal CF,Getafe CF,1,2,es.1,FALSE
2019-01-13,Everton,AFC Bournemouth,2,0,en.1,FALSE
2019-01-13,Tottenham Hotspur,Manchester United,0,1,en.1,FALSE
2019-01-13,Club Atlético de Madrid,Levante UD,1,0,es.1,FALSE
2019-01-13,Athletic Club,Sevilla,2,0,es.1,FALSE
2019-01-13,FC Barcelona,SD Eibar,3,0,es.1,FALSE
2019-01-13,Real Betis Balompié,Real Madrid CF,1,2,es.1,FALSE
2019-01-14,Manchester City,Wolverhampton Wanderers,3,0,en.1,FALSE
2019-01-14,Real Sociedad de Fútbol,RCD Espanyol de Barcelona,3,2,es.1,FALSE
2019-01-18,Getafe CF,Deportivo Alavés,4,0,es.1,FALSE
2019-01-18,TSG 1899 Hoffenheim,FC Bayern München,1,3,de.1,FALSE
2019-01-19,Wolverhampton Wanderers,Leicester City,4,3,en.1,FALSE
2019-01-19,AFC Bournemouth,West Ham United,2,0,en.1,FALSE
2019-01-19,Liverpool,Crystal Palace,4,3,en.1,FALSE
2019-01-19,Manchester United,Brighton & Hove Albion,2,1,en.1,FALSE
2019-01-19,Newcastle United,Cardiff City,3,0,en.1,FALSE
2019-01-19,Southampton,Everton,2,1,en.1,FALSE
2019-01-19,Watford,Burnley,0,0,en.1,FALSE
2019-01-19,Arsenal,Chelsea,2,0,en.1,FALSE
2019-01-19,Real Madrid CF,Sevilla,2,0,es.1,FALSE
2019-01-19,SD Huesca,Club Atlético de Madrid,0,3,es.1,FALSE
2019-01-19,RC Celta de Vigo,Valencia CF,1,2,es.1,FALSE
2019-01-19,AS Roma,Torino,3,2,it.1,FALSE
2019-01-19,Udinese Calcio,Parma Calcio 1913,1,2,it.1,FALSE
2019-01-19,FC Internazionale Milano,US Sassuolo Calcio,0,0,it.1,FALSE
2019-01-19,Bayer 04 Leverkusen,Borussia Mönchengladbach,0,1,de.1,FALSE
2019-01-19,Hannover 96,SV Werder Bremen,0,1,de.1,FALSE
2019-01-19,Eintracht Frankfurt,SC Freiburg,3,1,de.1,FALSE
2019-01-19,VfB Stuttgart,1. FSV Mainz 05,2,3,de.1,FALSE
2019-01-19,FC Augsburg,Fortuna Düsseldorf,1,2,de.1,FALSE
2019-01-19,RB Leipzig,Borussia Dortmund,0,1,de.1,FALSE
2019-01-20,Huddersfield Town,Manchester City,0,3,en.1,FALSE
2019-01-20,Fulham,Tottenham Hotspur,1,2,en.1,FALSE
2019-01-20,Real Betis Balompié,Girona,3,2,es.1,FALSE
2019-01-20,Villarreal CF,Athletic Club,1,1,es.1,FALSE
2019-01-20,Levante UD,Real Valladolid CF,2,0,es.1,FALSE
2019-01-20,Rayo Vallecano de Madrid,Real Sociedad de Fútbol,2,2,es.1,FALSE
2019-01-20,FC Barcelona,CD Leganés,3,1,es.1,FALSE
2019-01-20,Frosinone Calcio,Atalanta BC,0,5,it.1,FALSE
2019-01-20,SPAL 2013 Ferrara,Bologna FC 1909,1,1,it.1,FALSE
2019-01-20,ACF Fiorentina,Sampdoria,3,3,it.1,FALSE
2019-01-20,Cagliari Calcio,Empoli,2,2,it.1,FALSE
2019-01-20,SSC Napoli,SS Lazio,2,1,it.1,FALSE
2019-01-20,1. FC Nürnberg,Hertha BSC,1,3,de.1,FALSE
2019-01-20,FC Schalke 04,VfL Wolfsburg,2,1,de.1,FALSE
2019-01-21,SD Eibar,RCD Espanyol de Barcelona,3,0,es.1,FALSE
2019-01-21,Genoa CFC,AC Milan,0,2,it.1,FALSE
2019-01-21,Juventus,Chievo Verona,3,0,it.1,FALSE
2019-01-25,Hertha BSC,FC Schalke 04,2,2,de.1,FALSE
2019-01-26,Sevilla,Levante UD,5,0,es.1,FALSE
2019-01-26,Club Atlético de Madrid,Getafe CF,2,0,es.1,FALSE
2019-01-26,CD Leganés,SD Eibar,2,2,es.1,FALSE
2019-01-26,Valencia CF,Villarreal CF,3,0,es.1,FALSE
2019-01-26,US Sassuolo Calcio,Cagliari Calcio,3,0,it.1,FALSE
2019-01-26,Sampdoria,Udinese Calcio,4,0,it.1,FALSE
2019-01-26,AC Milan,SSC Napoli,0,0,it.1,FALSE
2019-01-26,SC Freiburg,TSG 1899 Hoffenheim,2,4,de.1,FALSE
2019-01-26,VfL Wolfsburg,Bayer 04 Leverkusen,0,3,de.1,FALSE
2019-01-26,Borussia Mönchengladbach,FC Augsburg,2,0,de.1,FALSE
2019-01-26,Borussia Dortmund,Hannover 96,5,1,de.1,FALSE
2019-01-26,1. FSV Mainz 05,1. FC Nürnberg,2,1,de.1,FALSE
2019-01-26,SV Werder Bremen,Eintracht Frankfurt,2,2,de.1,FALSE
2019-01-27,Real Valladolid CF,RC Celta de Vigo,2,1,es.1,FALSE
2019-01-27,Girona,FC Barcelona,0,2,es.1,FALSE
2019-01-27,Athletic Club,Real Betis Balompié,1,0,es.1,FALSE
2019-01-27,Real Sociedad de Fútbol,SD Huesca,0,0,es.1,FALSE
2019-01-27,RCD Espanyol de Barcelona,Real Madrid CF,2,4,es.1,FALSE
2019-01-27,Chievo Verona,ACF Fiorentina,3,4,it.1,FALSE
2019-01-27,Bologna FC 1909,Frosinone Calcio,0,4,it.1,FALSE
2019-01-27,Atalanta BC,AS Roma,3,3,it.1,FALSE
2019-01-27,Parma Calcio 1913,SPAL 2013 Ferrara,2,3,it.1,FALSE
2019-01-27,Torino,FC Internazionale Milano,1,0,it.1,FALSE
2019-01-27,SS Lazio,Juventus,1,2,it.1,FALSE
2019-01-27,FC Bayern München,VfB Stuttgart,4,1,de.1,FALSE
2019-01-27,Fortuna Düsseldorf,RB Leipzig,0,4,de.1,FALSE
2019-01-28,Deportivo Alavés,Rayo Vallecano de Madrid,0,1,es.1,FALSE
2019-01-28,Empoli,Genoa CFC,1,3,it.1,FALSE
2019-01-29,Fulham,Brighton & Hove Albion,4,2,en.1,FALSE
2019-01-29,Arsenal,Cardiff City,2,1,en.1,FALSE
2019-01-29,Huddersfield Town,Everton,0,1,en.1,FALSE
2019-01-29,Wolverhampton Wanderers,West Ham United,3,0,en.1,FALSE
2019-01-29,Manchester United,Burnley,2,2,en.1,FALSE
2019-01-29,Newcastle United,Manchester City,2,1,en.1,FALSE
2019-01-30,Southampton,Crystal Palace,1,1,en.1,FALSE
2019-01-30,Liverpool,Leicester City,1,1,en.1,FALSE
2019-01-30,Tottenham Hotspur,Watford,2,1,en.1,FALSE
2019-01-30,AFC Bournemouth,Chelsea,4,0,en.1,FALSE
2019-02-01,SD Huesca,Real Valladolid CF,4,0,es.1,FALSE
2019-02-01,Hannover 96,RB Leipzig,0,3,de.1,FALSE
2019-02-02,Tottenham Hotspur,Newcastle United,1,0,en.1,FALSE
2019-02-02,Crystal Palace,Fulham,2,0,en.1,FALSE
2019-02-02,Burnley,Southampton,1,1,en.1,FALSE
2019-02-02,Chelsea,Huddersfield Town,5,0,en.1,FALSE
2019-02-02,Brighton & Hove Albion,Watford,0,0,en.1,FALSE
2019-02-02,Everton,Wolverhampton Wanderers,1,3,en.1,FALSE
2019-02-02,Cardiff City,AFC Bournemouth,2,0,en.1,FALSE
2019-02-02,Levante UD,Getafe CF,0,0,es.1,FALSE
2019-02-02,Real Sociedad de Fútbol,Athletic Club,2,1,es.1,FALSE
2019-02-02,FC Barcelona,Valencia CF,2,2,es.1,FALSE
2019-02-02,RC Celta de Vigo,Sevilla,1,0,es.1,FALSE
2019-02-02,Empoli,Chievo Verona,2,2,it.1,FALSE
2019-02-02,SSC Napoli,Sampdoria,3,0,it.1,FALSE
2019-02-02,Juventus,Parma Calcio 1913,3,3,it.1,FALSE
2019-02-02,Eintracht Frankfurt,Borussia Dortmund,1,1,de.1,FALSE
2019-02-02,1. FC Nürnberg,SV Werder Bremen,1,1,de.1,FALSE
2019-02-02,Hertha BSC,VfL Wolfsburg,0,1,de.1,FALSE
2019-02-02,TSG 1899 Hoffenheim,Fortuna Düsseldorf,1,1,de.1,FALSE
2019-02-02,Bayer 04 Leverkusen,FC Bayern München,3,1,de.1,FALSE
2019-02-02,FC Schalke 04,Borussia Mönchengladbach,0,2,de.1,FALSE
2019-02-03,Manchester City,Arsenal,3,1,en.1,FALSE
2019-02-03,Leicester City,Manchester United,0,1,en.1,FALSE
2019-02-03,Villarreal CF,RCD Espanyol de Barcelona,2,2,es.1,FALSE
2019-02-03,Real Betis Balompié,Club Atlético de Madrid,1,0,es.1,FALSE
2019-02-03,SD Eibar,Girona,3,0,es.1,FALSE
2019-02-03,Real Madrid CF,Deportivo Alavés,3,0,es.1,FALSE
2019-02-03,SPAL 2013 Ferrara,Torino,0,0,it.1,FALSE
2019-02-03,Udinese Calcio,ACF Fiorentina,1,1,it.1,FALSE
2019-02-03,Genoa CFC,US Sassuolo Calcio,1,1,it.1,FALSE
2019-02-03,FC Internazionale Milano,Bologna FC 1909,0,1,it.1,FALSE
2019-02-03,AS Roma,AC Milan,1,1,it.1,FALSE
2019-02-03,FC Augsburg,1. FSV Mainz 05,3,0,de.1,FALSE
2019-02-03,VfB Stuttgart,SC Freiburg,2,2,de.1,FALSE
2019-02-04,West Ham United,Liverpool,1,1,en.1,FALSE
2019-02-04,Rayo Vallecano de Madrid,CD Leganés,1,2,es.1,FALSE
2019-02-04,Frosinone Calcio,SS Lazio,0,1,it.1,FALSE
2019-02-04,Cagliari Calcio,Atalanta BC,0,1,it.1,FALSE
2019-02-06,Everton,Manchester City,0,2,en.1,FALSE
2019-02-07,SS Lazio,Empoli,1,0,it.1,FALSE
2019-02-08,Real Valladolid CF,Villarreal CF,0,0,es.1,FALSE
2019-02-08,Chievo Verona,AS Roma,0,3,it.1,FALSE
2019-02-08,1. FSV Mainz 05,Bayer 04 Leverkusen,1,5,de.1,FALSE
2019-02-09,Huddersfield Town,Arsenal,1,2,en.1,FALSE
2019-02-09,Liverpool,AFC Bournemouth,3,0,en.1,FALSE
2019-02-09,Fulham,Manchester United,0,3,en.1,FALSE
2019-02-09,Watford,Everton,1,0,en.1,FALSE
2019-02-09,Crystal Palace,West Ham United,1,1,en.1,FALSE
2019-02-09,Brighton & Hove Albion,Burnley,1,3,en.1,FALSE
2019-02-09,Southampton,Cardiff City,1,2,en.1,FALSE
2019-02-09,Getafe CF,RC Celta de Vigo,3,1,es.1,FALSE
2019-02-09,Club Atlético de Madrid,Real Madrid CF,1,3,es.1,FALSE
2019-02-09,RCD Espanyol de Barcelona,Rayo Vallecano de Madrid,2,1,es.1,FALSE
2019-02-09,Girona,SD Huesca,0,2,es.1,FALSE
2019-02-09,ACF Fiorentina,SSC Napoli,0,0,it.1,FALSE
2019-02-09,Parma Calcio 1913,FC Internazionale Milano,0,1,it.1,FALSE
2019-02-09,Borussia Dortmund,TSG 1899 Hoffenheim,3,3,de.1,FALSE
2019-02-09,RB Leipzig,Eintracht Frankfurt,0,0,de.1,FALSE
2019-02-09,Borussia Mönchengladbach,Hertha BSC,0,3,de.1,FALSE
2019-02-09,SC Freiburg,VfL Wolfsburg,3,3,de.1,FALSE
2019-02-09,Hannover 96,1. FC Nürnberg,2,0,de.1,FALSE
2019-02-09,FC Bayern München,FC Schalke 04,3,1,de.1,FALSE
2019-02-10,Manchester City,Chelsea,6,0,en.1,FALSE
2019-02-10,Tottenham Hotspur,Leicester City,3,1,en.1,FALSE
2019-02-10,CD Leganés,Real Betis Balompié,3,0,es.1,FALSE
2019-02-10,Valencia CF,Real Sociedad de Fútbol,0,0,es.1,FALSE
2019-02-10,Sevilla,SD Eibar,2,2,es.1,FALSE
2019-02-10,Athletic Club,FC Barcelona,0,0,es.1,FALSE
2019-02-10,Bologna FC 1909,Genoa CFC,1,1,it.1,FALSE
2019-02-10,Sampdoria,Frosinone Calcio,0,1,it.1,FALSE
2019-02-10,Atalanta BC,SPAL 2013 Ferrara,2,1,it.1,FALSE
2019-02-10,Torino,Udinese Calcio,1,0,it.1,FALSE
2019-02-10,US Sassuolo Calcio,Juventus,0,3,it.1,FALSE
2019-02-10,AC Milan,Cagliari Calcio,3,0,it.1,FALSE
2019-02-10,SV Werder Bremen,FC Augsburg,4,0,de.1,FALSE
2019-02-10,Fortuna Düsseldorf,VfB Stuttgart,3,0,de.1,FALSE
2019-02-11,Wolverhampton Wanderers,Newcastle United,1,1,en.1,FALSE
2019-02-11,Deportivo Alavés,Levante UD,2,0,es.1,FALSE
2019-02-12,Manchester United,Paris Saint-Germain,0,2,uefa.cl,FALSE
2019-02-12,AS Roma,FC Porto,2,1,uefa.cl,FALSE
2019-02-13,Tottenham Hotspur,Borussia Dortmund,3,0,uefa.cl,FALSE
2019-02-13,AFC Ajax,Real Madrid CF,1,2,uefa.cl,FALSE
2019-02-15,SD Eibar,Getafe CF,2,2,es.1,FALSE
2019-02-15,Juventus,Frosinone Calcio,3,0,it.1,FALSE
2019-02-15,FC Augsburg,FC Bayern München,2,3,de.1,FALSE
2019-02-16,RC Celta de Vigo,Levante UD,1,4,es.1,FALSE
2019-02-16,Rayo Vallecano de Madrid,Club Atlético de Madrid,0,1,es.1,FALSE
2019-02-16,Real Sociedad de Fútbol,CD Leganés,3,0,es.1,FALSE
2019-02-16,FC Barcelona,Real Valladolid CF,1,0,es.1,FALSE
2019-02-16,Cagliari Calcio,Parma Calcio 1913,2,1,it.1,FALSE
2019-02-16,Atalanta BC,AC Milan,1,3,it.1,FALSE
2019-02-16,VfB Stuttgart,RB Leipzig,1,3,de.1,FALSE
2019-02-16,TSG 1899 Hoffenheim,Hannover 96,3,0,de.1,FALSE
2019-02-16,FC Schalke 04,SC Freiburg,0,0,de.1,FALSE
2019-02-16,VfL Wolfsburg,1. FSV Mainz 05,3,0,de.1,FALSE
2019-02-16,Hertha BSC,SV Werder Bremen,1,1,de.1,FALSE
2019-02-17,Real Madrid CF,Girona,1,2,es.1,FALSE
2019-02-17,Valencia CF,RCD Espanyol de Barcelona,0,0,es.1,FALSE
2019-02-17,Villarreal CF,Sevilla,3,0,es.1,FALSE
2019-02-17,Real Betis Balompié,Deportivo Alavés,1,1,es.1,FALSE
2019-02-17,SPAL 2013 Ferrara,ACF Fiorentina,1,4,it.1,FALSE
2019-02-17,Udinese Calcio,Chievo Verona,1,0,it.1,FALSE
2019-02-17,Genoa CFC,SS Lazio,2,1,it.1,FALSE
2019-02-17,Empoli,US Sassuolo Calcio,3,0,it.1,FALSE
2019-02-17,FC Internazionale Milano,Sampdoria,2,1,it.1,FALSE
2019-02-17,SSC Napoli,Torino,0,0,it.1,FALSE
2019-02-17,Eintracht Frankfurt,Borussia Mönchengladbach,1,1,de.1,FALSE
2019-02-17,Bayer 04 Leverkusen,Fortuna Düsseldorf,2,0,de.1,FALSE
2019-02-18,SD Huesca,Athletic Club,0,1,es.1,FALSE
2019-02-18,AS Roma,Bologna FC 1909,2,1,it.1,FALSE
2019-02-18,1. FC Nürnberg,Borussia Dortmund,0,0,de.1,FALSE
2019-02-19,Olympique Lyonnais,FC Barcelona,0,0,uefa.cl,FALSE
2019-02-19,Liverpool,FC Bayern München,0,0,uefa.cl,FALSE
2019-02-20,FC Schalke 04,Manchester City,2,3,uefa.cl,FALSE
2019-02-20,Club Atlético de Madrid,Juventus,2,0,uefa.cl,FALSE
2019-02-22,Cardiff City,Watford,1,5,en.1,FALSE
2019-02-22,West Ham United,Fulham,3,1,en.1,FALSE
2019-02-22,RCD Espanyol de Barcelona,SD Huesca,1,1,es.1,FALSE
2019-02-22,AC Milan,Empoli,3,0,it.1,FALSE
2019-02-22,SV Werder Bremen,VfB Stuttgart,1,1,de.1,FALSE
2019-02-23,Newcastle United,Huddersfield Town,2,0,en.1,FALSE
2019-02-23,AFC Bournemouth,Wolverhampton Wanderers,1,1,en.1,FALSE
2019-02-23,Leicester City,Crystal Palace,1,4,en.1,FALSE
2019-02-23,Burnley,Tottenham Hotspur,2,1,en.1,FALSE
2019-02-23,Getafe CF,Rayo Vallecano de Madrid,2,1,es.1,FALSE
2019-02-23,Sevilla,FC Barcelona,2,4,es.1,FALSE
2019-02-23,Deportivo Alavés,RC Celta de Vigo,0,0,es.1,FALSE
2019-02-23,Athletic Club,SD Eibar,1,0,es.1,FALSE
2019-02-23,Torino,Atalanta BC,2,0,it.1,FALSE
2019-02-23,Frosinone Calcio,AS Roma,2,3,it.1,FALSE
2019-02-23,1. FSV Mainz 05,FC Schalke 04,3,0,de.1,FALSE
2019-02-23,FC Bayern München,Hertha BSC,1,0,de.1,FALSE
2019-02-23,SC Freiburg,FC Augsburg,5,1,de.1,FALSE
2019-02-23,Borussia Mönchengladbach,VfL Wolfsburg,0,3,de.1,FALSE
2019-02-23,Fortuna Düsseldorf,1. FC Nürnberg,2,1,de.1,FALSE
2019-02-24,Manchester United,Liverpool,0,0,en.1,FALSE
2019-02-24,Arsenal,Southampton,2,0,en.1,FALSE
2019-02-24,CD Leganés,Valencia CF,1,1,es.1,FALSE
2019-02-24,Club Atlético de Madrid,Villarreal CF,2,0,es.1,FALSE
2019-02-24,Real Valladolid CF,Real Betis Balompié,0,2,es.1,FALSE
2019-02-24,Levante UD,Real Madrid CF,1,2,es.1,FALSE
2019-02-24,Sampdoria,Cagliari Calcio,1,0,it.1,FALSE
2019-02-24,Chievo Verona,Genoa CFC,0,0,it.1,FALSE
2019-02-24,Bologna FC 1909,Juventus,0,1,it.1,FALSE
2019-02-24,US Sassuolo Calcio,SPAL 2013 Ferrara,1,1,it.1,FALSE
2019-02-24,Parma Calcio 1913,SSC Napoli,0,4,it.1,FALSE
2019-02-24,ACF Fiorentina,FC Internazionale Milano,3,3,it.1,FALSE
2019-02-24,Hannover 96,Eintracht Frankfurt,0,3,de.1,FALSE
2019-02-24,Borussia Dortmund,Bayer 04 Leverkusen,3,2,de.1,FALSE
2019-02-25,Girona,Real Sociedad de Fútbol,0,0,es.1,FALSE
2019-02-25,RB Leipzig,TSG 1899 Hoffenheim,1,1,de.1,FALSE
2019-02-26,Leicester City,Brighton & Hove Albion,2,1,en.1,FALSE
2019-02-26,Cardiff City,Everton,0,3,en.1,FALSE
2019-02-26,Huddersfield Town,Wolverhampton Wanderers,1,0,en.1,FALSE
2019-02-26,Newcastle United,Burnley,2,0,en.1,FALSE
2019-02-27,Liverpool,Watford,5,0,en.1,FALSE
2019-02-27,Arsenal,AFC Bournemouth,5,1,en.1,FALSE
2019-02-27,Southampton,Fulham,2,0,en.1,FALSE
2019-02-27,Crystal Palace,Manchester United,1,3,en.1,FALSE
2019-02-27,Chelsea,Tottenham Hotspur,2,0,en.1,FALSE
2019-02-27,Manchester City,West Ham United,1,0,en.1,FALSE
2019-03-01,Rayo Vallecano de Madrid,Girona,0,2,es.1,FALSE
2019-03-01,Cagliari Calcio,FC Internazionale Milano,2,1,it.1,FALSE
2019-03-01,FC Augsburg,Borussia Dortmund,2,1,de.1,FALSE
2019-03-02,West Ham United,Newcastle United,2,0,en.1,FALSE
2019-03-02,Tottenham Hotspur,Arsenal,1,1,en.1,FALSE
2019-03-02,Wolverhampton Wanderers,Cardiff City,2,0,en.1,FALSE
2019-03-02,Burnley,Crystal Palace,1,3,en.1,FALSE
2019-03-02,Brighton & Hove Albion,Huddersfield Town,1,0,en.1,FALSE
2019-03-02,AFC Bournemouth,Manchester City,0,1,en.1,FALSE
2019-03-02,Manchester United,Southampton,3,2,en.1,FALSE
2019-03-02,RCD Espanyol de Barcelona,Real Valladolid CF,3,1,es.1,FALSE
2019-03-02,Villarreal CF,Deportivo Alavés,1,2,es.1,FALSE
2019-03-02,SD Huesca,Sevilla,2,1,es.1,FALSE
2019-03-02,Real Madrid CF,FC Barcelona,0,1,es.1,FALSE
2019-03-02,Empoli,Parma Calcio 1913,3,3,it.1,FALSE
2019-03-02,AC Milan,US Sassuolo Calcio,1,0,it.1,FALSE
2019-03-02,SS Lazio,AS Roma,3,0,it.1,FALSE
2019-03-02,Eintracht Frankfurt,TSG 1899 Hoffenheim,3,2,de.1,FALSE
2019-03-02,1. FC Nürnberg,RB Leipzig,0,1,de.1,FALSE
2019-03-02,Bayer 04 Leverkusen,SC Freiburg,2,0,de.1,FALSE
2019-03-02,Hertha BSC,1. FSV Mainz 05,2,1,de.1,FALSE
2019-03-02,FC Schalke 04,Fortuna Düsseldorf,0,4,de.1,FALSE
2019-03-02,Borussia Mönchengladbach,FC Bayern München,1,5,de.1,FALSE
2019-03-03,Everton,Liverpool,0,0,en.1,FALSE
2019-03-03,Watford,Leicester City,2,1,en.1,FALSE
2019-03-03,Fulham,Chelsea,1,2,en.1,FALSE
2019-03-03,SD Eibar,RC Celta de Vigo,1,0,es.1,FALSE
2019-03-03,Real Betis Balompié,Getafe CF,1,2,es.1,FALSE
2019-03-03,Real Sociedad de Fútbol,Club Atlético de Madrid,0,2,es.1,FALSE
2019-03-03,Valencia CF,Athletic Club,2,0,es.1,FALSE
2019-03-03,Torino,Chievo Verona,3,0,it.1,FALSE
2019-03-03,Udinese Calcio,Bologna FC 1909,2,1,it.1,FALSE
2019-03-03,Genoa CFC,Frosinone Calcio,0,0,it.1,FALSE
2019-03-03,SPAL 2013 Ferrara,Sampdoria,1,2,it.1,FALSE
2019-03-03,Atalanta BC,ACF Fiorentina,3,1,it.1,FALSE
2019-03-03,SSC Napoli,Juventus,1,2,it.1,FALSE
2019-03-03,VfB Stuttgart,Hannover 96,5,1,de.1,FALSE
2019-03-03,VfL Wolfsburg,SV Werder Bremen,1,1,de.1,FALSE
2019-03-04,CD Leganés,Levante UD,1,0,es.1,FALSE
2019-03-05,Borussia Dortmund,Tottenham Hotspur,0,1,uefa.cl,FALSE
2019-03-05,Real Madrid CF,AFC Ajax,1,4,uefa.cl,FALSE
2019-03-06,Paris Saint-Germain,Manchester United,1,3,uefa.cl,FALSE
2019-03-06,FC Porto,AS Roma,2,1,uefa.cl,FALSE
2019-03-08,Athletic Club,RCD Espanyol de Barcelona,1,1,es.1,FALSE
2019-03-08,Juventus,Udinese Calcio,4,1,it.1,FALSE
2019-03-08,SV Werder Bremen,FC Schalke 04,4,2,de.1,FALSE
2019-03-09,Manchester City,Watford,3,1,en.1,FALSE
2019-03-09,Crystal Palace,Brighton & Hove Albion,1,2,en.1,FALSE
2019-03-09,Huddersfield Town,AFC Bournemouth,0,2,en.1,FALSE
2019-03-09,Leicester City,Fulham,3,1,en.1,FALSE
2019-03-09,Cardiff City,West Ham United,2,0,en.1,FALSE
2019-03-09,Newcastle United,Everton,3,2,en.1,FALSE
2019-03-09,Southampton,Tottenham Hotspur,2,1,en.1,FALSE
2019-03-09,Deportivo Alavés,SD Eibar,1,1,es.1,FALSE
2019-03-09,Club Atlético de Madrid,CD Leganés,1,0,es.1,FALSE
2019-03-09,FC Barcelona,Rayo Vallecano de Madrid,3,1,es.1,FALSE
2019-03-09,Getafe CF,SD Huesca,2,1,es.1,FALSE
2019-03-09,Parma Calcio 1913,Genoa CFC,1,0,it.1,FALSE
2019-03-09,Chievo Verona,AC Milan,1,2,it.1,FALSE
2019-03-09,Borussia Dortmund,VfB Stuttgart,3,1,de.1,FALSE
2019-03-09,SC Freiburg,Hertha BSC,2,1,de.1,FALSE
2019-03-09,RB Leipzig,FC Augsburg,0,0,de.1,FALSE
2019-03-09,FC Bayern München,VfL Wolfsburg,6,0,de.1,FALSE
2019-03-09,1. FSV Mainz 05,Borussia Mönchengladbach,0,1,de.1,FALSE
2019-03-10,Liverpool,Burnley,4,2,en.1,FALSE
2019-03-10,Chelsea,Wolverhampton Wanderers,1,1,en.1,FALSE
2019-03-10,Arsenal,Manchester United,2,0,en.1,FALSE
2019-03-10,RC Celta de Vigo,Real Betis Balompié,0,1,es.1,FALSE
2019-03-10,Girona,Valencia CF,2,3,es.1,FALSE
2019-03-10,Levante UD,Villarreal CF,0,2,es.1,FALSE
2019-03-10,Sevilla,Real Sociedad de Fútbol,5,2,es.1,FALSE
2019-03-10,Real Valladolid CF,Real Madrid CF,1,4,es.1,FALSE
2019-03-10,Bologna FC 1909,Cagliari Calcio,2,0,it.1,FALSE
2019-03-10,Sampdoria,Atalanta BC,1,2,it.1,FALSE
2019-03-10,FC Internazionale Milano,SPAL 2013 Ferrara,2,0,it.1,FALSE
2019-03-10,Frosinone Calcio,Torino,1,2,it.1,FALSE
2019-03-10,US Sassuolo Calcio,SSC Napoli,1,1,it.1,FALSE
2019-03-10,ACF Fiorentina,SS Lazio,1,1,it.1,FALSE
2019-03-10,TSG 1899 Hoffenheim,1. FC Nürnberg,2,1,de.1,FALSE
2019-03-10,Hannover 96,Bayer 04 Leverkusen,2,3,de.1,FALSE
2019-03-11,AS Roma,Empoli,2,1,it.1,FALSE
2019-03-11,Fortuna Düsseldorf,Eintracht Frankfurt,0,3,de.1,FALSE
2019-03-12,Manchester City,FC Schalke 04,7,0,uefa.cl,FALSE
2019-03-12,Juventus,Club Atlético de Madrid,3,0,uefa.cl,FALSE
2019-03-13,FC Barcelona,Olympique Lyonnais,5,1,uefa.cl,FALSE
2019-03-13,FC Bayern München,Liverpool,1,3,uefa.cl,FALSE
2019-03-15,Real Sociedad de Fútbol,Levante UD,1,1,es.1,FALSE
2019-03-15,Cagliari Calcio,ACF Fiorentina,2,1,it.1,FALSE
2019-03-15,Borussia Mönchengladbach,SC Freiburg,1,1,de.1,FALSE
2019-03-16,AFC Bournemouth,Newcastle United,2,2,en.1,FALSE
2019-03-16,West Ham United,Huddersfield Town,4,3,en.1,FALSE
2019-03-16,Burnley,Leicester City,1,2,en.1,FALSE
2019-03-16,SD Huesca,Deportivo Alavés,1,3,es.1,FALSE
2019-03-16,Real Madrid CF,RC Celta de Vigo,2,0,es.1,FALSE
2019-03-16,Athletic Club,Club Atlético de Madrid,2,0,es.1,FALSE
2019-03-16,CD Leganés,Girona,0,2,es.1,FALSE
2019-03-16,US Sassuolo Calcio,Sampdoria,3,5,it.1,FALSE
2019-03-16,SPAL 2013 Ferrara,AS Roma,2,1,it.1,FALSE
2019-03-16,Torino,Bologna FC 1909,2,3,it.1,FALSE
2019-03-16,VfB Stuttgart,TSG 1899 Hoffenheim,1,1,de.1,FALSE
2019-03-16,FC Schalke 04,RB Leipzig,0,1,de.1,FALSE
2019-03-16,FC Augsburg,Hannover 96,3,1,de.1,FALSE
2019-03-16,VfL Wolfsburg,Fortuna Düsseldorf,5,2,de.1,FALSE
2019-03-16,Hertha BSC,Borussia Dortmund,2,3,de.1,FALSE
2019-03-17,Everton,Chelsea,2,0,en.1,FALSE
2019-03-17,Fulham,Liverpool,1,2,en.1,FALSE
2019-03-17,SD Eibar,Real Valladolid CF,1,2,es.1,FALSE
2019-03-17,RCD Espanyol de Barcelona,Sevilla,0,1,es.1,FALSE
2019-03-17,Valencia CF,Getafe CF,0,0,es.1,FALSE
2019-03-17,Villarreal CF,Rayo Vallecano de Madrid,3,1,es.1,FALSE
2019-03-17,Real Betis Balompié,FC Barcelona,1,4,es.1,FALSE
2019-03-17,Genoa CFC,Juventus,2,0,it.1,FALSE
2019-03-17,Atalanta BC,Chievo Verona,1,1,it.1,FALSE
2019-03-17,Empoli,Frosinone Calcio,2,1,it.1,FALSE
2019-03-17,SS Lazio,Parma Calcio 1913,4,1,it.1,FALSE
2019-03-17,SSC Napoli,Udinese Calcio,4,2,it.1,FALSE
2019-03-17,AC Milan,FC Internazionale Milano,2,3,it.1,FALSE
2019-03-17,Bayer 04 Leverkusen,SV Werder Bremen,1,3,de.1,FALSE
2019-03-17,Eintracht Frankfurt,1. FC Nürnberg,1,0,de.1,FALSE
2019-03-17,FC Bayern München,1. FSV Mainz 05,6,0,de.1,FALSE
2019-03-29,Girona,Athletic Club,1,2,es.1,FALSE
2019-03-29,Chievo Verona,Cagliari Calcio,0,3,it.1,FALSE
2019-03-29,TSG 1899 Hoffenheim,Bayer 04 Leverkusen,4,1,de.1,FALSE
2019-03-30,Fulham,Manchester City,0,2,en.1,FALSE
2019-03-30,West Ham United,Everton,0,2,en.1,FALSE
2019-03-30,Burnley,Wolverhampton Wanderers,2,0,en.1,FALSE
2019-03-30,Manchester United,Watford,2,1,en.1,FALSE
2019-03-30,Brighton & Hove Albion,Southampton,0,1,en.1,FALSE
2019-03-30,Crystal Palace,Huddersfield Town,2,0,en.1,FALSE
2019-03-30,Leicester City,AFC Bournemouth,2,0,en.1,FALSE
2019-03-30,Getafe CF,CD Leganés,0,2,es.1,FALSE
2019-03-30,FC Barcelona,RCD Espanyol de Barcelona,2,0,es.1,FALSE
2019-03-30,RC Celta de Vigo,Villarreal CF,3,2,es.1,FALSE
2019-03-30,Deportivo Alavés,Club Atlético de Madrid,0,4,es.1,FALSE
2019-03-30,Udinese Calcio,Genoa CFC,2,0,it.1,FALSE
2019-03-30,Juventus,Empoli,1,0,it.1,FALSE
2019-03-30,Sampdoria,AC Milan,1,0,it.1,FALSE
2019-03-30,SC Freiburg,FC Bayern München,1,1,de.1,FALSE
2019-03-30,Fortuna Düsseldorf,Borussia Mönchengladbach,3,1,de.1,FALSE
2019-03-30,1. FC Nürnberg,FC Augsburg,3,0,de.1,FALSE
2019-03-30,SV Werder Bremen,1. FSV Mainz 05,3,1,de.1,FALSE
2019-03-30,Borussia Dortmund,VfL Wolfsburg,2,0,de.1,FALSE
2019-03-30,RB Leipzig,Hertha BSC,5,0,de.1,FALSE
2019-03-31,Cardiff City,Chelsea,1,2,en.1,FALSE
2019-03-31,Liverpool,Tottenham Hotspur,2,1,en.1,FALSE
2019-03-31,Levante UD,SD Eibar,2,2,es.1,FALSE
2019-03-31,Rayo Vallecano de Madrid,Real Betis Balompié,1,1,es.1,FALSE
2019-03-31,Sevilla,Valencia CF,0,1,es.1,FALSE
2019-03-31,Real Valladolid CF,Real Sociedad de Fútbol,1,1,es.1,FALSE
2019-03-31,Real Madrid CF,SD Huesca,3,2,es.1,FALSE
2019-03-31,Parma Calcio 1913,Atalanta BC,1,3,it.1,FALSE
2019-03-31,AS Roma,SSC Napoli,1,4,it.1,FALSE
2019-03-31,Frosinone Calcio,SPAL 2013 Ferrara,0,1,it.1,FALSE
2019-03-31,ACF Fiorentina,Torino,1,1,it.1,FALSE
2019-03-31,Bologna FC 1909,US Sassuolo Calcio,2,1,it.1,FALSE
2019-03-31,FC Internazionale Milano,SS Lazio,0,1,it.1,FALSE
2019-03-31,Hannover 96,FC Schalke 04,0,1,de.1,FALSE
2019-03-31,Eintracht Frankfurt,VfB Stuttgart,3,0,de.1,FALSE
2019-04-01,Arsenal,Newcastle United,2,0,en.1,FALSE
2019-04-02,Wolverhampton Wanderers,Manchester United,2,1,en.1,FALSE
2019-04-02,Watford,Fulham,4,1,en.1,FALSE
2019-04-02,Club Atlético de Madrid,Girona,2,0,es.1,FALSE
2019-04-02,RCD Espanyol de Barcelona,Getafe CF,1,1,es.1,FALSE
2019-04-02,Villarreal CF,FC Barcelona,4,4,es.1,FALSE
2019-04-02,AC Milan,Udinese Calcio,1,1,it.1,FALSE
2019-04-02,Cagliari Calcio,Juventus,0,2,it.1,FALSE
2019-04-03,Tottenham Hotspur,Crystal Palace,2,0,en.1,FALSE
2019-04-03,Manchester City,Cardiff City,2,0,en.1,FALSE
2019-04-03,Chelsea,Brighton & Hove Albion,3,0,en.1,FALSE
2019-04-03,Athletic Club,Levante UD,3,2,es.1,FALSE
2019-04-03,SD Eibar,Rayo Vallecano de Madrid,2,1,es.1,FALSE
2019-04-03,SD Huesca,RC Celta de Vigo,3,3,es.1,FALSE
2019-04-03,Valencia CF,Real Madrid CF,2,1,es.1,FALSE
2019-04-03,Empoli,SSC Napoli,2,1,it.1,FALSE
2019-04-03,AS Roma,ACF Fiorentina,2,2,it.1,FALSE
2019-04-03,Genoa CFC,FC Internazionale Milano,0,4,it.1,FALSE
2019-04-03,SPAL 2013 Ferrara,SS Lazio,1,0,it.1,FALSE
2019-04-03,Frosinone Calcio,Parma Calcio 1913,3,2,it.1,FALSE
2019-04-03,Torino,Sampdoria,2,1,it.1,FALSE
2019-04-04,Sevilla,Deportivo Alavés,2,0,es.1,FALSE
2019-04-04,CD Leganés,Real Valladolid CF,1,0,es.1,FALSE
2019-04-04,Real Sociedad de Fútbol,Real Betis Balompié,2,1,es.1,FALSE
2019-04-04,US Sassuolo Calcio,Chievo Verona,4,0,it.1,FALSE
2019-04-04,Atalanta BC,Bologna FC 1909,4,1,it.1,FALSE
2019-04-05,Southampton,Liverpool,1,3,en.1,FALSE
2019-04-05,1. FSV Mainz 05,SC Freiburg,5,0,de.1,FALSE
2019-04-06,AFC Bournemouth,Burnley,1,3,en.1,FALSE
2019-04-06,Huddersfield Town,Leicester City,1,4,en.1,FALSE
2019-04-06,Newcastle United,Crystal Palace,0,1,en.1,FALSE
2019-04-06,Girona,RCD Espanyol de Barcelona,1,2,es.1,FALSE
2019-04-06,Real Madrid CF,SD Eibar,2,1,es.1,FALSE
2019-04-06,Rayo Vallecano de Madrid,Valencia CF,2,0,es.1,FALSE
2019-04-06,FC Barcelona,Club Atlético de Madrid,2,0,es.1,FALSE
2019-04-06,Parma Calcio 1913,Torino,0,0,it.1,FALSE
2019-04-06,Juventus,AC Milan,2,1,it.1,FALSE
2019-04-06,Sampdoria,AS Roma,0,1,it.1,FALSE
2019-04-06,Bayer 04 Leverkusen,RB Leipzig,2,4,de.1,FALSE
2019-04-06,FC Schalke 04,Eintracht Frankfurt,1,2,de.1,FALSE
2019-04-06,VfL Wolfsburg,Hannover 96,3,1,de.1,FALSE
2019-04-06,Hertha BSC,Fortuna Düsseldorf,1,2,de.1,FALSE
2019-04-06,VfB Stuttgart,1. FC Nürnberg,1,1,de.1,FALSE
2019-04-06,FC Bayern München,Borussia Dortmund,5,0,de.1,FALSE
2019-04-07,Everton,Arsenal,1,0,en.1,FALSE
2019-04-07,Deportivo Alavés,CD Leganés,1,1,es.1,FALSE
2019-04-07,Getafe CF,Athletic Club,1,0,es.1,FALSE
2019-04-07,Real Valladolid CF,Sevilla,0,2,es.1,FALSE
2019-04-07,RC Celta de Vigo,Real Sociedad de Fútbol,3,1,es.1,FALSE
2019-04-07,Levante UD,SD Huesca,2,2,es.1,FALSE
2019-04-07,Real Betis Balompié,Villarreal CF,2,1,es.1,FALSE
2019-04-07,ACF Fiorentina,Frosinone Calcio,0,1,it.1,FALSE
2019-04-07,Udinese Calcio,Empoli,3,2,it.1,FALSE
2019-04-07,Cagliari Calcio,SPAL 2013 Ferrara,2,1,it.1,FALSE
2019-04-07,FC Internazionale Milano,Atalanta BC,0,0,it.1,FALSE
2019-04-07,SS Lazio,US Sassuolo Calcio,2,2,it.1,FALSE
2019-04-07,SSC Napoli,Genoa CFC,1,1,it.1,FALSE
2019-04-07,FC Augsburg,TSG 1899 Hoffenheim,0,4,de.1,FALSE
2019-04-07,Borussia Mönchengladbach,SV Werder Bremen,1,1,de.1,FALSE
2019-04-08,Chelsea,West Ham United,2,0,en.1,FALSE
2019-04-08,Bologna FC 1909,Chievo Verona,3,0,it.1,FALSE
2019-04-09,Liverpool,FC Porto,2,0,uefa.cl,FALSE
2019-04-09,Tottenham Hotspur,Manchester City,1,0,uefa.cl,FALSE
2019-04-10,AFC Ajax,Juventus,1,1,uefa.cl,FALSE
2019-04-10,Manchester United,FC Barcelona,0,1,uefa.cl,FALSE
2019-04-12,Leicester City,Newcastle United,0,1,en.1,FALSE
2019-04-12,1. FC Nürnberg,FC Schalke 04,1,1,de.1,FALSE
2019-04-13,Southampton,Wolverhampton Wanderers,3,1,en.1,FALSE
2019-04-13,Fulham,Everton,2,0,en.1,FALSE
2019-04-13,Brighton & Hove Albion,AFC Bournemouth,0,5,en.1,FALSE
2019-04-13,Burnley,Cardiff City,2,0,en.1,FALSE
2019-04-13,Manchester United,West Ham United,2,1,en.1,FALSE
2019-04-13,Tottenham Hotspur,Huddersfield Town,4,0,en.1,FALSE
2019-04-13,RCD Espanyol de Barcelona,Deportivo Alavés,2,1,es.1,FALSE
2019-04-13,SD Huesca,FC Barcelona,0,0,es.1,FALSE
2019-04-13,Club Atlético de Madrid,RC Celta de Vigo,2,0,es.1,FALSE
2019-04-13,Sevilla,Real Betis Balompié,3,2,es.1,FALSE
2019-04-13,SPAL 2013 Ferrara,Juventus,2,1,it.1,FALSE
2019-04-13,AS Roma,Udinese Calcio,1,0,it.1,FALSE
2019-04-13,AC Milan,SS Lazio,1,0,it.1,FALSE
2019-04-13,VfB Stuttgart,Bayer 04 Leverkusen,0,1,de.1,FALSE
2019-04-13,Hannover 96,Borussia Mönchengladbach,0,1,de.1,FALSE
2019-04-13,SV Werder Bremen,SC Freiburg,2,1,de.1,FALSE
2019-04-13,RB Leipzig,VfL Wolfsburg,2,0,de.1,FALSE
2019-04-13,Borussia Dortmund,1. FSV Mainz 05,2,1,de.1,FALSE
2019-04-14,Liverpool,Chelsea,2,0,en.1,FALSE
2019-04-14,Crystal Palace,Manchester City,1,3,en.1,FALSE
2019-04-14,Real Valladolid CF,Getafe CF,2,2,es.1,FALSE
2019-04-14,Athletic Club,Rayo Vallecano de Madrid,3,2,es.1,FALSE
2019-04-14,Real Sociedad de Fútbol,SD Eibar,1,1,es.1,FALSE
2019-04-14,Girona,Villarreal CF,0,1,es.1,FALSE
2019-04-14,Valencia CF,Levante UD,3,1,es.1,FALSE
2019-04-14,Torino,Cagliari Calcio,1,1,it.1,FALSE
2019-04-14,ACF Fiorentina,Bologna FC 1909,0,0,it.1,FALSE
2019-04-14,Sampdoria,Genoa CFC,2,0,it.1,FALSE
2019-04-14,US Sassuolo Calcio,Parma Calcio 1913,0,0,it.1,FALSE
2019-04-14,Chievo Verona,SSC Napoli,1,3,it.1,FALSE
2019-04-14,Frosinone Calcio,FC Internazionale Milano,1,3,it.1,FALSE
2019-04-14,TSG 1899 Hoffenheim,Hertha BSC,2,0,de.1,FALSE
2019-04-14,Fortuna Düsseldorf,FC Bayern München,1,4,de.1,FALSE
2019-04-14,Eintracht Frankfurt,FC Augsburg,1,3,de.1,FALSE
2019-04-15,Watford,Arsenal,0,1,en.1,FALSE
2019-04-15,CD Leganés,Real Madrid CF,1,1,es.1,FALSE
2019-04-15,Atalanta BC,Empoli,0,0,it.1,FALSE
2019-04-16,Brighton & Hove Albion,Cardiff City,0,2,en.1,FALSE
2019-04-16,Juventus,AFC Ajax,1,2,uefa.cl,FALSE
2019-04-16,FC Barcelona,Manchester United,3,0,uefa.cl,FALSE
2019-04-17,SS Lazio,Udinese Calcio,2,0,it.1,FALSE
2019-04-17,FC Porto,Liverpool,1,4,uefa.cl,FALSE
2019-04-17,Manchester City,Tottenham Hotspur,4,3,uefa.cl,FALSE
2019-04-19,Deportivo Alavés,Real Valladolid CF,2,2,es.1,FALSE
2019-04-20,West Ham United,Leicester City,2,2,en.1,FALSE
2019-04-20,Wolverhampton Wanderers,Brighton & Hove Albion,0,0,en.1,FALSE
2019-04-20,Newcastle United,Southampton,3,1,en.1,FALSE
2019-04-20,AFC Bournemouth,Fulham,0,1,en.1,FALSE
2019-04-20,Manchester City,Tottenham Hotspur,1,0,en.1,FALSE
2019-04-20,Huddersfield Town,Watford,1,2,en.1,FALSE
2019-04-20,RC Celta de Vigo,Girona,2,1,es.1,FALSE
2019-04-20,SD Eibar,Club Atlético de Madrid,0,1,es.1,FALSE
2019-04-20,Rayo Vallecano de Madrid,SD Huesca,0,0,es.1,FALSE
2019-04-20,FC Barcelona,Real Sociedad de Fútbol,2,1,es.1,FALSE
2019-04-20,Parma Calcio 1913,AC Milan,1,1,it.1,FALSE
2019-04-20,SS Lazio,Chievo Verona,1,2,it.1,FALSE
2019-04-20,Cagliari Calcio,Frosinone Calcio,1,0,it.1,FALSE
2019-04-20,Bologna FC 1909,Sampdoria,3,0,it.1,FALSE
2019-04-20,Udinese Calcio,US Sassuolo Calcio,1,1,it.1,FALSE
2019-04-20,Empoli,SPAL 2013 Ferrara,2,4,it.1,FALSE
2019-04-20,Genoa CFC,Torino,0,1,it.1,FALSE
2019-04-20,Juventus,ACF Fiorentina,2,1,it.1,FALSE
2019-04-20,FC Internazionale Milano,AS Roma,1,1,it.1,FALSE
2019-04-20,FC Augsburg,VfB Stuttgart,6,0,de.1,FALSE
2019-04-20,FC Bayern München,SV Werder Bremen,1,0,de.1,FALSE
2019-04-20,1. FSV Mainz 05,Fortuna Düsseldorf,3,1,de.1,FALSE
2019-04-20,Bayer 04 Leverkusen,1. FC Nürnberg,2,0,de.1,FALSE
2019-04-20,Borussia Mönchengladbach,RB Leipzig,1,2,de.1,FALSE
2019-04-20,FC Schalke 04,TSG 1899 Hoffenheim,2,5,de.1,FALSE
2019-04-21,Everton,Manchester United,4,0,en.1,FALSE
2019-04-21,Cardiff City,Liverpool,0,2,en.1,FALSE
2019-04-21,Arsenal,Crystal Palace,2,3,en.1,FALSE
2019-04-21,Levante UD,RCD Espanyol de Barcelona,2,2,es.1,FALSE
2019-04-21,Getafe CF,Sevilla,3,0,es.1,FALSE
2019-04-21,Real Madrid CF,Athletic Club,3,0,es.1,FALSE
2019-04-21,Villarreal CF,CD Leganés,2,1,es.1,FALSE
2019-04-21,Real Betis Balompié,Valencia CF,1,2,es.1,FALSE
2019-04-21,SC Freiburg,Borussia Dortmund,0,4,de.1,FALSE
2019-04-21,Hertha BSC,Hannover 96,0,0,de.1,FALSE
2019-04-22,Chelsea,Burnley,2,2,en.1,FALSE
2019-04-22,SSC Napoli,Atalanta BC,1,2,it.1,FALSE
2019-04-22,VfL Wolfsburg,Eintracht Frankfurt,1,1,de.1,FALSE
2019-04-23,Watford,Southampton,1,1,en.1,FALSE
2019-04-23,Tottenham Hotspur,Brighton & Hove Albion,1,0,en.1,FALSE
2019-04-23,SD Huesca,SD Eibar,2,0,es.1,FALSE
2019-04-23,Real Valladolid CF,Girona,1,0,es.1,FALSE
2019-04-23,Deportivo Alavés,FC Barcelona,0,2,es.1,FALSE
2019-04-24,Manchester United,Manchester City,0,2,en.1,FALSE
2019-04-24,Wolverhampton Wanderers,Arsenal,3,1,en.1,FALSE
2019-04-24,Club Atlético de Madrid,Valencia CF,3,2,es.1,FALSE
2019-04-24,CD Leganés,Athletic Club,0,1,es.1,FALSE
2019-04-24,RCD Espanyol de Barcelona,RC Celta de Vigo,1,1,es.1,FALSE
2019-04-24,Levante UD,Real Betis Balompié,4,0,es.1,FALSE
2019-04-25,Sevilla,Rayo Vallecano de Madrid,5,0,es.1,FALSE
2019-04-25,Real Sociedad de Fútbol,Villarreal CF,0,1,es.1,FALSE
2019-04-25,Getafe CF,Real Madrid CF,0,0,es.1,FALSE
2019-04-26,Liverpool,Huddersfield Town,5,0,en.1,FALSE
2019-04-26,FC Augsburg,Bayer 04 Leverkusen,1,4,de.1,FALSE
2019-04-27,Tottenham Hotspur,West Ham United,0,1,en.1,FALSE
2019-04-27,Crystal Palace,Everton,0,0,en.1,FALSE
2019-04-27,Fulham,Cardiff City,1,0,en.1,FALSE
2019-04-27,Southampton,AFC Bournemouth,3,3,en.1,FALSE
2019-04-27,Watford,Wolverhampton Wanderers,1,2,en.1,FALSE
2019-04-27,Brighton & Hove Albion,Newcastle United,1,1,en.1,FALSE
2019-04-27,Athletic Club,Deportivo Alavés,1,1,es.1,FALSE
2019-04-27,Club Atlético de Madrid,Real Valladolid CF,1,0,es.1,FALSE
2019-04-27,CD Leganés,RC Celta de Vigo,0,0,es.1,FALSE
2019-04-27,FC Barcelona,Levante UD,1,0,es.1,FALSE
2019-04-27,Bologna FC 1909,Empoli,3,1,it.1,FALSE
2019-04-27,AS Roma,Cagliari Calcio,3,0,it.1,FALSE
2019-04-27,FC Internazionale Milano,Juventus,1,1,it.1,FALSE
2019-04-27,Borussia Dortmund,FC Schalke 04,2,4,de.1,FALSE
2019-04-27,Eintracht Frankfurt,Hertha BSC,0,0,de.1,FALSE
2019-04-27,Fortuna Düsseldorf,SV Werder Bremen,4,1,de.1,FALSE
2019-04-27,RB Leipzig,SC Freiburg,2,1,de.1,FALSE
2019-04-27,Hannover 96,1. FSV Mainz 05,1,0,de.1,FALSE
2019-04-27,VfB Stuttgart,Borussia Mönchengladbach,1,0,de.1,FALSE
2019-04-28,Burnley,Manchester City,0,1,en.1,FALSE
2019-04-28,Manchester United,Chelsea,1,1,en.1,FALSE
2019-04-28,Leicester City,Arsenal,3,0,en.1,FALSE
2019-04-28,Valencia CF,SD Eibar,0,1,es.1,FALSE
2019-04-28,Girona,Sevilla,1,0,es.1,FALSE
2019-04-28,Real Sociedad de Fútbol,Getafe CF,2,1,es.1,FALSE
2019-04-28,Villarreal CF,SD Huesca,1,1,es.1,FALSE
2019-04-28,Rayo Vallecano de Madrid,Real Madrid CF,1,0,es.1,FALSE
2019-04-28,Frosinone Calcio,SSC Napoli,0,2,it.1,FALSE
2019-04-28,SPAL 2013 Ferrara,Genoa CFC,1,1,it.1,FALSE
2019-04-28,Chievo Verona,Parma Calcio 1913,1,1,it.1,FALSE
2019-04-28,Sampdoria,SS Lazio,1,2,it.1,FALSE
2019-04-28,Torino,AC Milan,2,0,it.1,FALSE
2019-04-28,TSG 1899 Hoffenheim,VfL Wolfsburg,1,4,de.1,FALSE
2019-04-28,1. FC Nürnberg,FC Bayern München,1,1,de.1,FALSE
2019-04-29,Real Betis Balompié,RCD Espanyol de Barcelona,1,1,es.1,FALSE
2019-04-29,Atalanta BC,Udinese Calcio,2,0,it.1,FALSE
2019-04-29,ACF Fiorentina,US Sassuolo Calcio,0,1,it.1,FALSE
2019-04-30,Tottenham Hotspur,AFC Ajax,0,1,uefa.cl,FALSE
2019-05-01,FC Barcelona,Liverpool,3,0,uefa.cl,FALSE
2019-05-03,Everton,Burnley,2,0,en.1,FALSE
2019-05-03,Sevilla,CD Leganés,0,3,es.1,FALSE
2019-05-03,Juventus,Torino,1,1,it.1,FALSE
2019-05-03,1. FSV Mainz 05,RB Leipzig,3,3,de.1,FALSE
2019-05-04,AFC Bournemouth,Tottenham Hotspur,1,0,en.1,FALSE
2019-05-04,West Ham United,Southampton,3,0,en.1,FALSE
2019-05-04,Wolverhampton Wanderers,Fulham,1,0,en.1,FALSE
2019-05-04,Cardiff City,Crystal Palace,2,3,en.1,FALSE
2019-05-04,Newcastle United,Liverpool,2,3,en.1,FALSE
2019-05-04,Levante UD,Rayo Vallecano de Madrid,4,1,es.1,FALSE
2019-05-04,RCD Espanyol de Barcelona,Club Atlético de Madrid,3,0,es.1,FALSE
2019-05-04,Deportivo Alavés,Real Sociedad de Fútbol,0,1,es.1,FALSE
2019-05-04,RC Celta de Vigo,FC Barcelona,2,0,es.1,FALSE
2019-05-04,Chievo Verona,SPAL 2013 Ferrara,0,4,it.1,FALSE
2019-05-04,Udinese Calcio,FC Internazionale Milano,0,0,it.1,FALSE
2019-05-04,Borussia Mönchengladbach,TSG 1899 Hoffenheim,2,2,de.1,FALSE
2019-05-04,Hertha BSC,VfB Stuttgart,3,1,de.1,FALSE
2019-05-04,FC Bayern München,Hannover 96,3,1,de.1,FALSE
2019-05-04,VfL Wolfsburg,1. FC Nürnberg,2,0,de.1,FALSE
2019-05-04,SV Werder Bremen,Borussia Dortmund,2,2,de.1,FALSE
2019-05-05,Chelsea,Watford,3,0,en.1,FALSE
2019-05-05,Huddersfield Town,Manchester United,1,1,en.1,FALSE
2019-05-05,Arsenal,Brighton & Hove Albion,1,1,en.1,FALSE
2019-05-05,Getafe CF,Girona,2,0,es.1,FALSE
2019-05-05,SD Eibar,Real Betis Balompié,1,0,es.1,FALSE
2019-05-05,Real Madrid CF,Villarreal CF,3,2,es.1,FALSE
2019-05-05,Real Valladolid CF,Athletic Club,1,0,es.1,FALSE
2019-05-05,SD Huesca,Valencia CF,2,6,es.1,FALSE
2019-05-05,Empoli,ACF Fiorentina,1,0,it.1,FALSE
2019-05-05,SS Lazio,Atalanta BC,1,3,it.1,FALSE
2019-05-05,US Sassuolo Calcio,Frosinone Calcio,2,2,it.1,FALSE
2019-05-05,Parma Calcio 1913,Sampdoria,3,3,it.1,FALSE
2019-05-05,Genoa CFC,AS Roma,1,1,it.1,FALSE
2019-05-05,SSC Napoli,Cagliari Calcio,2,1,it.1,FALSE
2019-05-05,FC Schalke 04,FC Augsburg,0,0,de.1,FALSE
2019-05-05,SC Freiburg,Fortuna Düsseldorf,1,1,de.1,FALSE
2019-05-05,Bayer 04 Leverkusen,Eintracht Frankfurt,6,1,de.1,FALSE
2019-05-06,Manchester City,Leicester City,1,0,en.1,FALSE
2019-05-06,AC Milan,Bologna FC 1909,2,1,it.1,FALSE
2019-05-07,Liverpool,FC Barcelona,4,0,uefa.cl,FALSE
2019-05-08,AFC Ajax,Tottenham Hotspur,2,3,uefa.cl,FALSE
2019-05-11,Atalanta BC,Genoa CFC,2,1,it.1,FALSE
2019-05-11,Cagliari Calcio,SS Lazio,1,2,it.1,FALSE
2019-05-11,ACF Fiorentina,AC Milan,0,1,it.1,FALSE
2019-05-11,RB Leipzig,FC Bayern München,0,0,de.1,FALSE
2019-05-11,Bayer 04 Leverkusen,FC Schalke 04,1,1,de.1,FALSE
2019-05-11,1. FC Nürnberg,Borussia Mönchengladbach,0,4,de.1,FALSE
2019-05-11,FC Augsburg,Hertha BSC,3,4,de.1,FALSE
2019-05-11,TSG 1899 Hoffenheim,SV Werder Bremen,0,1,de.1,FALSE
2019-05-11,Hannover 96,SC Freiburg,3,0,de.1,FALSE
2019-05-11,VfB Stuttgart,VfL Wolfsburg,3,0,de.1,FALSE
2019-05-11,Borussia Dortmund,Fortuna Düsseldorf,3,2,de.1,FALSE
2019-05-12,Brighton & Hove Albion,Manchester City,1,4,en.1,FALSE
2019-05-12,Burnley,Arsenal,1,3,en.1,FALSE
2019-05-12,Crystal Palace,AFC Bournemouth,5,3,en.1,FALSE
2019-05-12,Fulham,Newcastle United,0,4,en.1,FALSE
2019-05-12,Leicester City,Chelsea,0,0,en.1,FALSE
2019-05-12,Liverpool,Wolverhampton Wanderers,2,0,en.1,FALSE
2019-05-12,Manchester United,Cardiff City,0,2,en.1,FALSE
2019-05-12,Southampton,Huddersfield Town,1,1,en.1,FALSE
2019-05-12,Tottenham Hotspur,Everton,2,2,en.1,FALSE
2019-05-12,Watford,West Ham United,1,4,en.1,FALSE
2019-05-12,Athletic Club,RC Celta de Vigo,3,1,es.1,FALSE
2019-05-12,Club Atlético de Madrid,Sevilla,1,1,es.1,FALSE
2019-05-12,FC Barcelona,Getafe CF,2,0,es.1,FALSE
2019-05-12,Real Betis Balompié,SD Huesca,2,1,es.1,FALSE
2019-05-12,Girona,Levante UD,1,2,es.1,FALSE
2019-05-12,Rayo Vallecano de Madrid,Real Valladolid CF,1,2,es.1,FALSE
2019-05-12,Valencia CF,Deportivo Alavés,3,1,es.1,FALSE
2019-05-12,Villarreal CF,SD Eibar,1,0,es.1,FALSE
2019-05-12,CD Leganés,RCD Espanyol de Barcelona,0,2,es.1,FALSE
2019-05-12,Real Sociedad de Fútbol,Real Madrid CF,3,1,es.1,FALSE
2019-05-12,Torino,US Sassuolo Calcio,3,2,it.1,FALSE
2019-05-12,Sampdoria,Empoli,1,2,it.1,FALSE
2019-05-12,Frosinone Calcio,Udinese Calcio,1,3,it.1,FALSE
2019-05-12,SPAL 2013 Ferrara,SSC Napoli,1,2,it.1,FALSE
2019-05-12,AS Roma,Juventus,2,0,it.1,FALSE
2019-05-12,Eintracht Frankfurt,1. FSV Mainz 05,0,2,de.1,FALSE
2019-05-13,Bologna FC 1909,Parma Calcio 1913,4,1,it.1,FALSE
2019-05-13,FC Internazionale Milano,Chievo Verona,2,0,it.1,FALSE
2019-05-18,Levante UD,Club Atlético de Madrid,2,2,es.1,FALSE
2019-05-18,RCD Espanyol de Barcelona,Real Sociedad de Fútbol,2,0,es.1,FALSE
2019-05-18,Getafe CF,Villarreal CF,2,2,es.1,FALSE
2019-05-18,Sevilla,Athletic Club,2,0,es.1,FALSE
2019-05-18,Real Valladolid CF,Valencia CF,0,2,es.1,FALSE
2019-05-18,Deportivo Alavés,Girona,2,1,es.1,FALSE
2019-05-18,RC Celta de Vigo,Rayo Vallecano de Madrid,2,2,es.1,FALSE
2019-05-18,SD Huesca,CD Leganés,2,1,es.1,FALSE
2019-05-18,Udinese Calcio,SPAL 2013 Ferrara,3,2,it.1,FALSE
2019-05-18,Genoa CFC,Cagliari Calcio,1,1,it.1,FALSE
2019-05-18,US Sassuolo Calcio,AS Roma,0,0,it.1,FALSE
2019-05-18,1. FSV Mainz 05,TSG 1899 Hoffenheim,4,2,de.1,FALSE
2019-05-18,Borussia Mönchengladbach,Borussia Dortmund,0,2,de.1,FALSE
2019-05-18,Hertha BSC,Bayer 04 Leverkusen,1,5,de.1,FALSE
2019-05-18,SV Werder Bremen,RB Leipzig,2,1,de.1,FALSE
2019-05-18,FC Schalke 04,VfB Stuttgart,0,0,de.1,FALSE
2019-05-18,FC Bayern München,Eintracht Frankfurt,5,1,de.1,FALSE
2019-05-18,VfL Wolfsburg,FC Augsburg,8,1,de.1,FALSE
2019-05-18,Fortuna Düsseldorf,Hannover 96,2,1,de.1,FALSE
2019-05-18,SC Freiburg,1. FC Nürnberg,5,1,de.1,FALSE
2019-05-19,Real Madrid CF,Real Betis Balompié,0,2,es.1,FALSE
2019-05-19,SD Eibar,FC Barcelona,2,2,es.1,FALSE
2019-05-19,Chievo Verona,Sampdoria,0,0,it.1,FALSE
2019-05-19,Parma Calcio 1913,ACF Fiorentina,1,0,it.1,FALSE
2019-05-19,Empoli,Torino,4,1,it.1,FALSE
2019-05-19,AC Milan,Frosinone Calcio,2,0,it.1,FALSE
2019-05-19,Juventus,Atalanta BC,1,1,it.1,FALSE
2019-05-19,SSC Napoli,FC Internazionale Milano,4,1,it.1,FALSE
2019-05-20,SS Lazio,Bologna FC 1909,3,3,it.1,FALSE
2019-05-25,Frosinone Calcio,Chievo Verona,0,0,it.1,FALSE
2019-05-25,Bologna FC 1909,SSC Napoli,3,2,it.1,FALSE
2019-05-26,Torino,SS Lazio,3,1,it.1,FALSE
2019-05-26,Sampdoria,Juventus,2,0,it.1,FALSE
2019-05-26,FC Internazionale Milano,Empoli,2,1,it.1,FALSE
2019-05-26,ACF Fiorentina,Genoa CFC,0,0,it.1,FALSE
2019-05-26,SPAL 2013 Ferrara,AC Milan,2,3,it.1,FALSE
2019-05-26,AS Roma,Parma Calcio 1913,2,1,it.1,FALSE
2019-05-26,Atalanta BC,US Sassuolo Calcio,3,1,it.1,FALSE
2019-05-26,Cagliari Calcio,Udinese Calcio,1,2,it.1,FALSE
2019-06-01,Tottenham Hotspur,Liverpool,0,2,uefa.cl,TRUE
2019-07-01,AFC Bournemouth,Newcastle United,1,4,en.1,FALSE
2019-07-01,Arsenal,Norwich City,4,0,en.1,FALSE
2019-07-01,Everton,Leicester City,2,1,en.1,FALSE
2019-07-01,West Ham United,Chelsea,3,2,en.1,FALSE
2019-07-02,Manchester City,Liverpool,4,0,en.1,FALSE
2019-07-02,Sheffield United,Tottenham Hotspur,3,1,en.1,FALSE
2019-07-04,Norwich City,Brighton & Hove Albion,0,1,en.1,FALSE
2019-07-04,Leicester City,Crystal Palace,3,0,en.1,FALSE
2019-07-04,Manchester United,AFC Bournemouth,5,2,en.1,FALSE
2019-07-04,Wolverhampton Wanderers,Arsenal,0,2,en.1,FALSE
2019-07-04,Chelsea,Watford,3,0,en.1,FALSE
2019-07-05,Newcastle United,West Ham United,2,2,en.1,FALSE
2019-07-05,Liverpool,Aston Villa,2,0,en.1,FALSE
2019-07-05,Southampton,Manchester City,1,0,en.1,FALSE
2019-07-05,Burnley,Sheffield United,1,1,en.1,FALSE
2019-07-06,Tottenham Hotspur,Everton,1,0,en.1,FALSE
2019-07-07,Watford,Norwich City,2,1,en.1,FALSE
2019-07-07,Arsenal,Leicester City,1,1,en.1,FALSE
2019-07-07,Crystal Palace,Chelsea,2,3,en.1,FALSE
2019-07-08,Manchester City,Newcastle United,5,0,en.1,FALSE
2019-07-08,Sheffield United,Wolverhampton Wanderers,1,0,en.1,FALSE
2019-07-08,West Ham United,Burnley,0,1,en.1,FALSE
2019-07-08,Brighton & Hove Albion,Liverpool,1,3,en.1,FALSE
2019-07-09,Everton,Southampton,1,1,en.1,FALSE
2019-07-09,Aston Villa,Manchester United,0,3,en.1,FALSE
2019-07-09,AFC Bournemouth,Tottenham Hotspur,0,0,en.1,FALSE
2019-07-11,Watford,Newcastle United,2,1,en.1,FALSE
2019-07-11,Liverpool,Burnley,1,1,en.1,FALSE
2019-07-11,Sheffield United,Chelsea,3,0,en.1,FALSE
2019-07-11,Brighton & Hove Albion,Manchester City,0,5,en.1,FALSE
2019-07-11,Norwich City,West Ham United,0,4,en.1,FALSE
2019-07-12,Wolverhampton Wanderers,Everton,3,0,en.1,FALSE
2019-07-12,Aston Villa,Crystal Palace,2,0,en.1,FALSE
2019-07-12,Tottenham Hotspur,Arsenal,2,1,en.1,FALSE
2019-07-12,AFC Bournemouth,Leicester City,4,1,en.1,FALSE
2019-07-13,Manchester United,Southampton,2,2,en.1,FALSE
2019-07-14,Chelsea,Norwich City,1,0,en.1,FALSE
2019-07-15,Manchester City,AFC Bournemouth,2,1,en.1,FALSE
2019-07-15,Newcastle United,Tottenham Hotspur,1,3,en.1,FALSE
2019-07-15,Arsenal,Liverpool,2,1,en.1,FALSE
2019-07-15,Burnley,Wolverhampton Wanderers,1,1,en.1,FALSE
2019-07-16,Everton,Aston Villa,1,1,en.1,FALSE
2019-07-16,Leicester City,Sheffield United,2,0,en.1,FALSE
2019-07-16,Crystal Palace,Manchester United,0,2,en.1,FALSE
2019-07-16,Southampton,Brighton & Hove Albion,1,1,en.1,FALSE
2019-07-17,West Ham United,Watford,3,1,en.1,FALSE
2019-07-18,Norwich City,Burnley,0,2,en.1,FALSE
2019-07-19,Tottenham Hotspur,Leicester City,3,0,en.1,FALSE
2019-07-19,AFC Bournemouth,Southampton,0,2,en.1,FALSE
2019-07-20,Brighton & Hove Albion,Newcastle United,0,0,en.1,FALSE
2019-07-20,Sheffield United,Everton,0,1,en.1,FALSE
2019-07-20,Wolverhampton Wanderers,Crystal Palace,2,0,en.1,FALSE
2019-07-21,Aston Villa,Arsenal,1,0,en.1,FALSE
2019-07-21,Watford,Manchester City,0,4,en.1,FALSE
2019-07-22,Manchester United,West Ham United,1,1,en.1,FALSE
2019-07-22,Liverpool,Chelsea,5,3,en.1,FALSE
2019-07-26,Arsenal,Watford,3,2,en.1,FALSE
2019-07-26,Burnley,Brighton & Hove Albion,1,2,en.1,FALSE
2019-07-26,Chelsea,Wolverhampton Wanderers,2,0,en.1,FALSE
2019-07-26,Crystal Palace,Tottenham Hotspur,1,1,en.1,FALSE
2019-07-26,Everton,AFC Bournemouth,1,3,en.1,FALSE
2019-07-26,Leicester City,Manchester United,0,2,en.1,FALSE
2019-07-26,Manchester City,Norwich City,5,0,en.1,FALSE
2019-07-26,Newcastle United,Liverpool,1,3,en.1,FALSE
2019-07-26,Southampton,Sheffield United,3,1,en.1,FALSE
2019-07-26,West Ham United,Aston Villa,1,1,en.1,FALSE
2019-08-09,Liverpool,Norwich City,4,1,en.1,FALSE
2019-08-10,West Ham United,Manchester City,0,5,en.1,FALSE
2019-08-10,AFC Bournemouth,Sheffield United,1,1,en.1,FALSE
2019-08-10,Burnley,Southampton,3,0,en.1,FALSE
2019-08-10,Crystal Palace,Everton,0,0,en.1,FALSE
2019-08-10,Watford,Brighton & Hove Albion,0,3,en.1,FALSE
2019-08-10,Tottenham Hotspur,Aston Villa,3,1,en.1,FALSE
2019-08-11,Newcastle United,Arsenal,0,1,en.1,FALSE
2019-08-11,Manchester United,Chelsea,4,0,en.1,FALSE
2019-08-11,Leicester City,Wolverhampton Wanderers,0,0,en.1,FALSE
2019-08-16,Athletic Club,FC Barcelona,1,0,es.1,FALSE
2019-08-16,FC Bayern München,Hertha BSC,2,2,de.1,FALSE
2019-08-17,Arsenal,Burnley,2,1,en.1,FALSE
2019-08-17,Aston Villa,AFC Bournemouth,1,2,en.1,FALSE
2019-08-17,Brighton & Hove Albion,West Ham United,1,1,en.1,FALSE
2019-08-17,Everton,Watford,1,0,en.1,FALSE
2019-08-17,Norwich City,Newcastle United,3,1,en.1,FALSE
2019-08-17,Southampton,Liverpool,1,2,en.1,FALSE
2019-08-17,Manchester City,Tottenham Hotspur,2,2,en.1,FALSE
2019-08-17,RC Celta de Vigo,Real Madrid CF,1,3,es.1,FALSE
2019-08-17,Valencia CF,Real Sociedad de Fútbol,1,1,es.1,FALSE
2019-08-17,RCD Mallorca,SD Eibar,2,1,es.1,FALSE
2019-08-17,CD Leganés,CA Osasuna,0,1,es.1,FALSE
2019-08-17,Villarreal CF,Granada CF,4,4,es.1,FALSE
2019-08-17,Borussia Dortmund,FC Augsburg,5,1,de.1,FALSE
2019-08-17,Bayer 04 Leverkusen,SC Paderborn 07,3,2,de.1,FALSE
2019-08-17,VfL Wolfsburg,1. FC Köln,2,1,de.1,FALSE
2019-08-17,SV Werder Bremen,Fortuna Düsseldorf,1,3,de.1,FALSE
2019-08-17,SC Freiburg,1. FSV Mainz 05,3,0,de.1,FALSE
2019-08-17,Borussia Mönchengladbach,FC Schalke 04,0,0,de.1,FALSE
2019-08-18,Chelsea,Leicester City,1,1,en.1,FALSE
2019-08-18,Sheffield United,Crystal Palace,1,0,en.1,FALSE
2019-08-18,Deportivo Alavés,Levante UD,1,0,es.1,FALSE
2019-08-18,RCD Espanyol de Barcelona,Sevilla,0,2,es.1,FALSE
2019-08-18,Real Betis Balompié,Real Valladolid CF,1,2,es.1,FALSE
2019-08-18,Club Atlético de Madrid,Getafe CF,1,0,es.1,FALSE
2019-08-18,Eintracht Frankfurt,TSG 1899 Hoffenheim,1,0,de.1,FALSE
2019-08-18,1. FC Union Berlin,RB Leipzig,0,4,de.1,FALSE
2019-08-19,Wolverhampton Wanderers,Manchester United,1,1,en.1,FALSE
2019-08-23,Aston Villa,Everton,2,0,en.1,FALSE
2019-08-23,Granada CF,Sevilla,0,1,es.1,FALSE
2019-08-23,Levante UD,Villarreal CF,2,1,es.1,FALSE
2019-08-23,1. FC Köln,Borussia Dortmund,1,3,de.1,FALSE
2019-08-24,Norwich City,Chelsea,2,3,en.1,FALSE
2019-08-24,Brighton & Hove Albion,Southampton,0,2,en.1,FALSE
2019-08-24,Manchester United,Crystal Palace,1,2,en.1,FALSE
2019-08-24,Sheffield United,Leicester City,1,2,en.1,FALSE
2019-08-24,Watford,West Ham United,1,3,en.1,FALSE
2019-08-24,Liverpool,Arsenal,3,1,en.1,FALSE
2019-08-24,CA Osasuna,SD Eibar,0,0,es.1,FALSE
2019-08-24,Real Madrid CF,Real Valladolid CF,1,1,es.1,FALSE
2019-08-24,RC Celta de Vigo,Valencia CF,1,0,es.1,FALSE
2019-08-24,Getafe CF,Athletic Club,1,1,es.1,FALSE
2019-08-24,Parma Calcio 1913,Juventus,0,1,it.1,FALSE
2019-08-24,ACF Fiorentina,SSC Napoli,3,4,it.1,FALSE
2019-08-24,TSG 1899 Hoffenheim,SV Werder Bremen,3,2,de.1,FALSE
2019-08-24,Fortuna Düsseldorf,Bayer 04 Leverkusen,1,3,de.1,FALSE
2019-08-24,1. FSV Mainz 05,Borussia Mönchengladbach,1,3,de.1,FALSE
2019-08-24,FC Augsburg,1. FC Union Berlin,1,1,de.1,FALSE
2019-08-24,SC Paderborn 07,SC Freiburg,1,3,de.1,FALSE
2019-08-24,FC Schalke 04,FC Bayern München,0,3,de.1,FALSE
2019-08-25,Tottenham Hotspur,Newcastle United,0,1,en.1,FALSE
2019-08-25,Wolverhampton Wanderers,Burnley,1,1,en.1,FALSE
2019-08-25,AFC Bournemouth,Manchester City,1,3,en.1,FALSE
2019-08-25,Deportivo Alavés,RCD Espanyol de Barcelona,0,0,es.1,FALSE
2019-08-25,RCD Mallorca,Real Sociedad de Fútbol,0,1,es.1,FALSE
2019-08-25,CD Leganés,Club Atlético de Madrid,0,1,es.1,FALSE
2019-08-25,FC Barcelona,Real Betis Balompié,5,2,es.1,FALSE
2019-08-25,Udinese Calcio,AC Milan,1,0,it.1,FALSE
2019-08-25,Cagliari Calcio,Brescia Calcio,0,1,it.1,FALSE
2019-08-25,Hellas Verona,Bologna FC 1909,1,1,it.1,FALSE
2019-08-25,AS Roma,Genoa CFC,3,3,it.1,FALSE
2019-08-25,Sampdoria,SS Lazio,0,3,it.1,FALSE
2019-08-25,SPAL 2013 Ferrara,Atalanta BC,2,3,it.1,FALSE
2019-08-25,Torino,US Sassuolo Calcio,2,1,it.1,FALSE
2019-08-25,RB Leipzig,Eintracht Frankfurt,2,1,de.1,FALSE
2019-08-25,Hertha BSC,VfL Wolfsburg,0,3,de.1,FALSE
2019-08-26,FC Internazionale Milano,US Lecce,4,0,it.1,FALSE
2019-08-30,Sevilla,RC Celta de Vigo,1,1,es.1,FALSE
2019-08-30,Athletic Club,Real Sociedad de Fútbol,2,0,es.1,FALSE
2019-08-30,Bologna FC 1909,SPAL 2013 Ferrara,1,0,it.1,FALSE
2019-08-30,Borussia Mönchengladbach,RB Leipzig,1,3,de.1,FALSE
2019-08-31,Southampton,Manchester United,1,1,en.1,FALSE
2019-08-31,Chelsea,Sheffield United,2,2,en.1,FALSE
2019-08-31,Crystal Palace,Aston Villa,1,0,en.1,FALSE
2019-08-31,Leicester City,AFC Bournemouth,3,1,en.1,FALSE
2019-08-31,Manchester City,Brighton & Hove Albion,4,0,en.1,FALSE
2019-08-31,Newcastle United,Watford,1,1,en.1,FALSE
2019-08-31,West Ham United,Norwich City,2,0,en.1,FALSE
2019-08-31,Burnley,Liverpool,0,3,en.1,FALSE
2019-08-31,CA Osasuna,FC Barcelona,2,2,es.1,FALSE
2019-08-31,Getafe CF,Deportivo Alavés,1,1,es.1,FALSE
2019-08-31,Levante UD,Real Valladolid CF,2,0,es.1,FALSE
2019-08-31,Real Betis Balompié,CD Leganés,2,1,es.1,FALSE
2019-08-31,AC Milan,Brescia Calcio,1,0,it.1,FALSE
2019-08-31,Juventus,SSC Napoli,4,3,it.1,FALSE
2019-08-31,FC Bayern München,1. FSV Mainz 05,6,1,de.1,FALSE
2019-08-31,Bayer 04 Leverkusen,TSG 1899 Hoffenheim,0,0,de.1,FALSE
2019-08-31,VfL Wolfsburg,SC Paderborn 07,1,1,de.1,FALSE
2019-08-31,SC Freiburg,1. FC Köln,1,2,de.1,FALSE
2019-08-31,FC Schalke 04,Hertha BSC,3,0,de.1,FALSE
2019-08-31,1. FC Union Berlin,Borussia Dortmund,3,1,de.1,FALSE
2019-09-01,Arsenal,Tottenham Hotspur,2,2,en.1,FALSE
2019-09-01,Everton,Wolverhampton Wanderers,3,2,en.1,FALSE
2019-09-01,Valencia CF,RCD Mallorca,2,0,es.1,FALSE
2019-09-01,Club Atlético de Madrid,SD Eibar,3,2,es.1,FALSE
2019-09-01,RCD Espanyol de Barcelona,Granada CF,0,3,es.1,FALSE
2019-09-01,Villarreal CF,Real Madrid CF,2,2,es.1,FALSE
2019-09-01,SS Lazio,AS Roma,1,1,it.1,FALSE
2019-09-01,Atalanta BC,Torino,2,3,it.1,FALSE
2019-09-01,Cagliari Calcio,FC Internazionale Milano,1,2,it.1,FALSE
2019-09-01,Genoa CFC,ACF Fiorentina,2,1,it.1,FALSE
2019-09-01,US Lecce,Hellas Verona,0,1,it.1,FALSE
2019-09-01,US Sassuolo Calcio,Sampdoria,4,1,it.1,FALSE
2019-09-01,Udinese Calcio,Parma Calcio 1913,1,3,it.1,FALSE
2019-09-01,SV Werder Bremen,FC Augsburg,3,2,de.1,FALSE
2019-09-01,Eintracht Frankfurt,Fortuna Düsseldorf,2,1,de.1,FALSE
2019-09-13,RCD Mallorca,Athletic Club,0,0,es.1,FALSE
2019-09-13,Fortuna Düsseldorf,VfL Wolfsburg,1,1,de.1,FALSE
2019-09-14,Liverpool,Newcastle United,3,1,en.1,FALSE
2019-09-14,Brighton & Hove Albion,Burnley,1,1,en.1,FALSE
2019-09-14,Manchester United,Leicester City,1,0,en.1,FALSE
2019-09-14,Sheffield United,Southampton,0,1,en.1,FALSE
2019-09-14,Tottenham Hotspur,Crystal Palace,4,0,en.1,FALSE
2019-09-14,Wolverhampton Wanderers,Chelsea,2,5,en.1,FALSE
2019-09-14,Norwich City,Manchester City,3,2,en.1,FALSE
2019-09-14,Real Madrid CF,Levante UD,3,2,es.1,FALSE
2019-09-14,CD Leganés,Villarreal CF,0,3,es.1,FALSE
2019-09-14,Real Sociedad de Fútbol,Club Atlético de Madrid,2,0,es.1,FALSE
2019-09-14,FC Barcelona,Valencia CF,5,2,es.1,FALSE
2019-09-14,ACF Fiorentina,Juventus,0,0,it.1,FALSE
2019-09-14,SSC Napoli,Sampdoria,2,0,it.1,FALSE
2019-09-14,FC Internazionale Milano,Udinese Calcio,1,0,it.1,FALSE
2019-09-14,Borussia Dortmund,Bayer 04 Leverkusen,4,0,de.1,FALSE
2019-09-14,1. FSV Mainz 05,Hertha BSC,2,1,de.1,FALSE
2019-09-14,FC Augsburg,Eintracht Frankfurt,2,1,de.1,FALSE
2019-09-14,1. FC Köln,Borussia Mönchengladbach,0,1,de.1,FALSE
2019-09-14,1. FC Union Berlin,SV Werder Bremen,1,2,de.1,FALSE
2019-09-14,RB Leipzig,FC Bayern München,1,1,de.1,FALSE
2019-09-15,Watford,Arsenal,2,2,en.1,FALSE
2019-09-15,AFC Bournemouth,Everton,3,1,en.1,FALSE
2019-09-15,SD Eibar,RCD Espanyol de Barcelona,1,2,es.1,FALSE
2019-09-15,Deportivo Alavés,Sevilla,0,1,es.1,FALSE
2019-09-15,RC Celta de Vigo,Granada CF,0,2,es.1,FALSE
2019-09-15,Real Valladolid CF,CA Osasuna,1,1,es.1,FALSE
2019-09-15,Real Betis Balompié,Getafe CF,1,1,es.1,FALSE
2019-09-15,Genoa CFC,Atalanta BC,1,2,it.1,FALSE
2019-09-15,Brescia Calcio,Bologna FC 1909,3,4,it.1,FALSE
2019-09-15,Parma Calcio 1913,Cagliari Calcio,1,3,it.1,FALSE
2019-09-15,SPAL 2013 Ferrara,SS Lazio,2,1,it.1,FALSE
2019-09-15,AS Roma,US Sassuolo Calcio,4,2,it.1,FALSE
2019-09-15,Hellas Verona,AC Milan,0,1,it.1,FALSE
2019-09-15,TSG 1899 Hoffenheim,SC Freiburg,0,3,de.1,FALSE
2019-09-15,SC Paderborn 07,FC Schalke 04,1,5,de.1,FALSE
2019-09-16,Aston Villa,West Ham United,0,0,en.1,FALSE
2019-09-16,Torino,US Lecce,1,2,it.1,FALSE
2019-09-17,SSC Napoli,Liverpool,2,0,uefa.cl,FALSE
2019-09-17,RB Salzburg,KRC Genk,6,2,uefa.cl,FALSE
2019-09-17,FC Internazionale Milano,Slavia Praha,1,1,uefa.cl,FALSE
2019-09-17,Borussia Dortmund,FC Barcelona,0,0,uefa.cl,FALSE
2019-09-17,Olympique Lyonnais,Zenit St. Petersburg,1,1,uefa.cl,FALSE
2019-09-17,SL Benfica,RB Leipzig,1,2,uefa.cl,FALSE
2019-09-17,Chelsea,Valencia CF,0,1,uefa.cl,FALSE
2019-09-17,AFC Ajax,Lille OSC,3,0,uefa.cl,FALSE
2019-09-18,Club Brugge KV,Galatasaray,0,0,uefa.cl,FALSE
2019-09-18,Paris Saint-Germain,Real Madrid CF,3,0,uefa.cl,FALSE
2019-09-18,Olympiakos Piraeus,Tottenham Hotspur,2,2,uefa.cl,FALSE
2019-09-18,FC Bayern München,Crvena Zvezda,3,0,uefa.cl,FALSE
2019-09-18,Shakhtar Donetsk,Manchester City,0,3,uefa.cl,FALSE
2019-09-18,Dinamo Zagreb,Atalanta BC,4,0,uefa.cl,FALSE
2019-09-18,Club Atlético de Madrid,Juventus,2,2,uefa.cl,FALSE
2019-09-18,Bayer 04 Leverkusen,Lokomotiv Moskva,1,2,uefa.cl,FALSE
2019-09-20,Southampton,AFC Bournemouth,1,3,en.1,FALSE
2019-09-20,CA Osasuna,Real Betis Balompié,0,0,es.1,FALSE
2019-09-20,Cagliari Calcio,Genoa CFC,3,1,it.1,FALSE
2019-09-20,FC Schalke 04,1. FSV Mainz 05,2,1,de.1,FALSE
2019-09-21,Leicester City,Tottenham Hotspur,2,1,en.1,FALSE
2019-09-21,Burnley,Norwich City,2,0,en.1,FALSE
2019-09-21,Everton,Sheffield United,0,2,en.1,FALSE
2019-09-21,Manchester City,Watford,8,0,en.1,FALSE
2019-09-21,Newcastle United,Brighton & Hove Albion,0,0,en.1,FALSE
2019-09-21,Villarreal CF,Real Valladolid CF,2,0,es.1,FALSE
2019-09-21,Levante UD,SD Eibar,0,0,es.1,FALSE
2019-09-21,Club Atlético de Madrid,RC Celta de Vigo,0,0,es.1,FALSE
2019-09-21,Granada CF,FC Barcelona,2,0,es.1,FALSE
2019-09-21,Udinese Calcio,Brescia Calcio,0,1,it.1,FALSE
2019-09-21,Juventus,Hellas Verona,2,1,it.1,FALSE
2019-09-21,AC Milan,FC Internazionale Milano,0,2,it.1,FALSE
2019-09-21,FC Bayern München,1. FC Köln,4,0,de.1,FALSE
2019-09-21,Bayer 04 Leverkusen,1. FC Union Berlin,2,0,de.1,FALSE
2019-09-21,Hertha BSC,SC Paderborn 07,2,1,de.1,FALSE
2019-09-21,SC Freiburg,FC Augsburg,1,1,de.1,FALSE
2019-09-21,SV Werder Bremen,RB Leipzig,0,3,de.1,FALSE
2019-09-22,Crystal Palace,Wolverhampton Wanderers,1,1,en.1,FALSE
2019-09-22,West Ham United,Manchester United,2,0,en.1,FALSE
2019-09-22,Arsenal,Aston Villa,3,2,en.1,FALSE
2019-09-22,Chelsea,Liverpool,1,2,en.1,FALSE
2019-09-22,Getafe CF,RCD Mallorca,4,2,es.1,FALSE
2019-09-22,RCD Espanyol de Barcelona,Real Sociedad de Fútbol,1,3,es.1,FALSE
2019-09-22,Valencia CF,CD Leganés,1,1,es.1,FALSE
2019-09-22,Athletic Club,Deportivo Alavés,2,0,es.1,FALSE
2019-09-22,Sevilla,Real Madrid CF,0,1,es.1,FALSE
2019-09-22,US Sassuolo Calcio,SPAL 2013 Ferrara,3,0,it.1,FALSE
2019-09-22,Bologna FC 1909,AS Roma,1,2,it.1,FALSE
2019-09-22,US Lecce,SSC Napoli,1,4,it.1,FALSE
2019-09-22,Sampdoria,Torino,1,0,it.1,FALSE
2019-09-22,Atalanta BC,ACF Fiorentina,2,2,it.1,FALSE
2019-09-22,SS Lazio,Parma Calcio 1913,2,0,it.1,FALSE
2019-09-22,Borussia Mönchengladbach,Fortuna Düsseldorf,2,1,de.1,FALSE
2019-09-22,Eintracht Frankfurt,Borussia Dortmund,2,2,de.1,FALSE
2019-09-23,VfL Wolfsburg,TSG 1899 Hoffenheim,1,1,de.1,FALSE
2019-09-24,Real Valladolid CF,Granada CF,1,1,es.1,FALSE
2019-09-24,Real Betis Balompié,Levante UD,3,1,es.1,FALSE
2019-09-24,FC Barcelona,Villarreal CF,2,1,es.1,FALSE
2019-09-24,Hellas Verona,Udinese Calcio,0,0,it.1,FALSE
2019-09-24,Brescia Calcio,Juventus,1,2,it.1,FALSE
2019-09-25,CD Leganés,Athletic Club,1,1,es.1,FALSE
2019-09-25,RCD Mallorca,Club Atlético de Madrid,0,2,es.1,FALSE
2019-09-25,Valencia CF,Getafe CF,3,3,es.1,FALSE
2019-09-25,Real Madrid CF,CA Osasuna,2,0,es.1,FALSE
2019-09-25,AS Roma,Atalanta BC,0,2,it.1,FALSE
2019-09-25,ACF Fiorentina,Sampdoria,2,1,it.1,FALSE
2019-09-25,Genoa CFC,Bologna FC 1909,0,0,it.1,FALSE
2019-09-25,FC Internazionale Milano,SS Lazio,1,0,it.1,FALSE
2019-09-25,SSC Napoli,Cagliari Calcio,0,1,it.1,FALSE
2019-09-25,Parma Calcio 1913,US Sassuolo Calcio,1,0,it.1,FALSE
2019-09-25,SPAL 2013 Ferrara,US Lecce,1,3,it.1,FALSE
2019-09-26,SD Eibar,Sevilla,3,2,es.1,FALSE
2019-09-26,RC Celta de Vigo,RCD Espanyol de Barcelona,1,1,es.1,FALSE
2019-09-26,Real Sociedad de Fútbol,Deportivo Alavés,3,0,es.1,FALSE
2019-09-26,Torino,AC Milan,2,1,it.1,FALSE
2019-09-27,Villarreal CF,Real Betis Balompié,5,1,es.1,FALSE
2019-09-27,1. FC Union Berlin,Eintracht Frankfurt,1,2,de.1,FALSE
2019-09-28,Sheffield United,Liverpool,0,1,en.1,FALSE
2019-09-28,AFC Bournemouth,West Ham United,2,2,en.1,FALSE
2019-09-28,Aston Villa,Burnley,2,2,en.1,FALSE
2019-09-28,Chelsea,Brighton & Hove Albion,2,0,en.1,FALSE
2019-09-28,Crystal Palace,Norwich City,2,0,en.1,FALSE
2019-09-28,Tottenham Hotspur,Southampton,2,1,en.1,FALSE
2019-09-28,Wolverhampton Wanderers,Watford,2,0,en.1,FALSE
2019-09-28,Everton,Manchester City,1,3,en.1,FALSE
2019-09-28,Athletic Club,Valencia CF,0,1,es.1,FALSE
2019-09-28,Getafe CF,FC Barcelona,0,2,es.1,FALSE
2019-09-28,Granada CF,CD Leganés,1,0,es.1,FALSE
2019-09-28,Club Atlético de Madrid,Real Madrid CF,0,0,es.1,FALSE
2019-09-28,Juventus,SPAL 2013 Ferrara,2,0,it.1,FALSE
2019-09-28,Sampdoria,FC Internazionale Milano,1,3,it.1,FALSE
2019-09-28,US Sassuolo Calcio,Atalanta BC,1,4,it.1,FALSE
2019-09-28,RB Leipzig,FC Schalke 04,1,3,de.1,FALSE
2019-09-28,TSG 1899 Hoffenheim,Borussia Mönchengladbach,0,3,de.1,FALSE
2019-09-28,1. FSV Mainz 05,VfL Wolfsburg,0,1,de.1,FALSE
2019-09-28,FC Augsburg,Bayer 04 Leverkusen,0,3,de.1,FALSE
2019-09-28,SC Paderborn 07,FC Bayern München,2,3,de.1,FALSE
2019-09-28,Borussia Dortmund,SV Werder Bremen,2,2,de.1,FALSE
2019-09-29,Leicester City,Newcastle United,5,0,en.1,FALSE
2019-09-29,RCD Espanyol de Barcelona,Real Valladolid CF,0,2,es.1,FALSE
2019-09-29,SD Eibar,RC Celta de Vigo,2,0,es.1,FALSE
2019-09-29,Deportivo Alavés,RCD Mallorca,2,0,es.1,FALSE
2019-09-29,Levante UD,CA Osasuna,1,1,es.1,FALSE
2019-09-29,Sevilla,Real Sociedad de Fútbol,3,2,es.1,FALSE
2019-09-29,SSC Napoli,Brescia Calcio,2,1,it.1,FALSE
2019-09-29,SS Lazio,Genoa CFC,4,0,it.1,FALSE
2019-09-29,US Lecce,AS Roma,0,1,it.1,FALSE
2019-09-29,Udinese Calcio,Bologna FC 1909,1,0,it.1,FALSE
2019-09-29,Cagliari Calcio,Hellas Verona,1,1,it.1,FALSE
2019-09-29,AC Milan,ACF Fiorentina,1,3,it.1,FALSE
2019-09-29,Fortuna Düsseldorf,SC Freiburg,1,2,de.1,FALSE
2019-09-29,1. FC Köln,Hertha BSC,0,4,de.1,FALSE
2019-09-30,Manchester United,Arsenal,1,1,en.1,FALSE
2019-09-30,Parma Calcio 1913,Torino,3,2,it.1,FALSE
2019-10-01,Real Madrid CF,Club Brugge KV,2,2,uefa.cl,FALSE
2019-10-01,Galatasaray,Paris Saint-Germain,0,1,uefa.cl,FALSE
2019-10-01,Tottenham Hotspur,FC Bayern München,2,7,uefa.cl,FALSE
2019-10-01,Crvena Zvezda,Olympiakos Piraeus,3,1,uefa.cl,FALSE
2019-10-01,Atalanta BC,Shakhtar Donetsk,1,2,uefa.cl,FALSE
2019-10-01,Manchester City,Dinamo Zagreb,2,0,uefa.cl,FALSE
2019-10-01,Juventus,Bayer 04 Leverkusen,3,0,uefa.cl,FALSE
2019-10-01,Lokomotiv Moskva,Club Atlético de Madrid,0,2,uefa.cl,FALSE
2019-10-02,KRC Genk,SSC Napoli,0,0,uefa.cl,FALSE
2019-10-02,Liverpool,RB Salzburg,4,3,uefa.cl,FALSE
2019-10-02,Slavia Praha,Borussia Dortmund,0,2,uefa.cl,FALSE
2019-10-02,FC Barcelona,FC Internazionale Milano,2,1,uefa.cl,FALSE
2019-10-02,Zenit St. Petersburg,SL Benfica,3,1,uefa.cl,FALSE
2019-10-02,RB Leipzig,Olympique Lyonnais,0,2,uefa.cl,FALSE
2019-10-02,Valencia CF,AFC Ajax,0,3,uefa.cl,FALSE
2019-10-02,Lille OSC,Chelsea,1,2,uefa.cl,FALSE
2019-10-04,Real Betis Balompié,SD Eibar,1,1,es.1,FALSE
2019-10-04,Hertha BSC,Fortuna Düsseldorf,3,1,de.1,FALSE
2019-10-05,Brighton & Hove Albion,Tottenham Hotspur,3,0,en.1,FALSE
2019-10-05,Burnley,Everton,1,0,en.1,FALSE
2019-10-05,Liverpool,Leicester City,2,1,en.1,FALSE
2019-10-05,Norwich City,Aston Villa,1,5,en.1,FALSE
2019-10-05,Watford,Sheffield United,0,0,en.1,FALSE
2019-10-05,West Ham United,Crystal Palace,1,2,en.1,FALSE
2019-10-05,CD Leganés,Levante UD,1,2,es.1,FALSE
2019-10-05,Real Madrid CF,Granada CF,4,2,es.1,FALSE
2019-10-05,Valencia CF,Deportivo Alavés,2,1,es.1,FALSE
2019-10-05,CA Osasuna,Villarreal CF,2,1,es.1,FALSE
2019-10-05,SPAL 2013 Ferrara,Parma Calcio 1913,1,0,it.1,FALSE
2019-10-05,Hellas Verona,Sampdoria,2,0,it.1,FALSE
2019-10-05,Genoa CFC,AC Milan,1,2,it.1,FALSE
2019-10-05,FC Bayern München,TSG 1899 Hoffenheim,1,2,de.1,FALSE
2019-10-05,Bayer 04 Leverkusen,RB Leipzig,1,1,de.1,FALSE
2019-10-05,SC Freiburg,Borussia Dortmund,2,2,de.1,FALSE
2019-10-05,SC Paderborn 07,1. FSV Mainz 05,1,2,de.1,FALSE
2019-10-05,FC Schalke 04,1. FC Köln,1,1,de.1,FALSE
2019-10-06,Manchester City,Wolverhampton Wanderers,0,2,en.1,FALSE
2019-10-06,Southampton,Chelsea,1,4,en.1,FALSE
2019-10-06,Newcastle United,Manchester United,1,0,en.1,FALSE
2019-10-06,Arsenal,AFC Bournemouth,1,0,en.1,FALSE
2019-10-06,RCD Mallorca,RCD Espanyol de Barcelona,2,0,es.1,FALSE
2019-10-06,RC Celta de Vigo,Athletic Club,1,0,es.1,FALSE
2019-10-06,Real Valladolid CF,Club Atlético de Madrid,0,0,es.1,FALSE
2019-10-06,Real Sociedad de Fútbol,Getafe CF,1,2,es.1,FALSE
2019-10-06,FC Barcelona,Sevilla,4,0,es.1,FALSE
2019-10-06,ACF Fiorentina,Udinese Calcio,1,0,it.1,FALSE
2019-10-06,Atalanta BC,US Lecce,3,1,it.1,FALSE
2019-10-06,Bologna FC 1909,SS Lazio,2,2,it.1,FALSE
2019-10-06,AS Roma,Cagliari Calcio,1,1,it.1,FALSE
2019-10-06,Torino,SSC Napoli,0,0,it.1,FALSE
2019-10-06,FC Internazionale Milano,Juventus,1,2,it.1,FALSE
2019-10-06,Borussia Mönchengladbach,FC Augsburg,5,1,de.1,FALSE
2019-10-06,VfL Wolfsburg,1. FC Union Berlin,1,0,de.1,FALSE
2019-10-06,Eintracht Frankfurt,SV Werder Bremen,2,2,de.1,FALSE
2019-10-18,Granada CF,CA Osasuna,1,0,es.1,FALSE
2019-10-18,Eintracht Frankfurt,Bayer 04 Leverkusen,3,0,de.1,FALSE
2019-10-19,Everton,West Ham United,2,0,en.1,FALSE
2019-10-19,AFC Bournemouth,Norwich City,0,0,en.1,FALSE
2019-10-19,Aston Villa,Brighton & Hove Albion,2,1,en.1,FALSE
2019-10-19,Chelsea,Newcastle United,1,0,en.1,FALSE
2019-10-19,Leicester City,Burnley,2,1,en.1,FALSE
2019-10-19,Tottenham Hotspur,Watford,1,1,en.1,FALSE
2019-10-19,Wolverhampton Wanderers,Southampton,1,1,en.1,FALSE
2019-10-19,Crystal Palace,Manchester City,0,2,en.1,FALSE
2019-10-19,SD Eibar,FC Barcelona,0,3,es.1,FALSE
2019-10-19,Club Atlético de Madrid,Valencia CF,1,1,es.1,FALSE
2019-10-19,Getafe CF,CD Leganés,2,0,es.1,FALSE
2019-10-19,RCD Mallorca,Real Madrid CF,1,0,es.1,FALSE
2019-10-19,SS Lazio,Atalanta BC,3,3,it.1,FALSE
2019-10-19,SSC Napoli,Hellas Verona,2,0,it.1,FALSE
2019-10-19,Juventus,Bologna FC 1909,2,1,it.1,FALSE
2019-10-19,RB Leipzig,VfL Wolfsburg,1,1,de.1,FALSE
2019-10-19,SV Werder Bremen,Hertha BSC,1,1,de.1,FALSE
2019-10-19,Fortuna Düsseldorf,1. FSV Mainz 05,1,0,de.1,FALSE
2019-10-19,FC Augsburg,FC Bayern München,2,2,de.1,FALSE
2019-10-19,1. FC Union Berlin,SC Freiburg,2,0,de.1,FALSE
2019-10-19,Borussia Dortmund,Borussia Mönchengladbach,1,0,de.1,FALSE
2019-10-20,Manchester United,Liverpool,1,1,en.1,FALSE
2019-10-20,Deportivo Alavés,RC Celta de Vigo,2,0,es.1,FALSE
2019-10-20,Real Sociedad de Fútbol,Real Betis Balompié,3,1,es.1,FALSE
2019-10-20,RCD Espanyol de Barcelona,Villarreal CF,0,1,es.1,FALSE
2019-10-20,Athletic Club,Real Valladolid CF,1,1,es.1,FALSE
2019-10-20,Sevilla,Levante UD,1,0,es.1,FALSE
2019-10-20,US Sassuolo Calcio,FC Internazionale Milano,3,4,it.1,FALSE
2019-10-20,Cagliari Calcio,SPAL 2013 Ferrara,2,0,it.1,FALSE
2019-10-20,Sampdoria,AS Roma,0,0,it.1,FALSE
2019-10-20,Udinese Calcio,Torino,1,0,it.1,FALSE
2019-10-20,Parma Calcio 1913,Genoa CFC,5,1,it.1,FALSE
2019-10-20,AC Milan,US Lecce,2,2,it.1,FALSE
2019-10-20,1. FC Köln,SC Paderborn 07,3,0,de.1,FALSE
2019-10-20,TSG 1899 Hoffenheim,FC Schalke 04,2,0,de.1,FALSE
2019-10-21,Sheffield United,Arsenal,1,0,en.1,FALSE
2019-10-21,Brescia Calcio,ACF Fiorentina,0,0,it.1,FALSE
2019-10-22,Club Brugge KV,Paris Saint-Germain,0,5,uefa.cl,FALSE
2019-10-22,Galatasaray,Real Madrid CF,0,1,uefa.cl,FALSE
2019-10-22,Tottenham Hotspur,Crvena Zvezda,5,0,uefa.cl,FALSE
2019-10-22,Olympiakos Piraeus,FC Bayern München,2,3,uefa.cl,FALSE
2019-10-22,Shakhtar Donetsk,Dinamo Zagreb,2,2,uefa.cl,FALSE
2019-10-22,Manchester City,Atalanta BC,5,1,uefa.cl,FALSE
2019-10-22,Club Atlético de Madrid,Bayer 04 Leverkusen,1,0,uefa.cl,FALSE
2019-10-22,Juventus,Lokomotiv Moskva,2,1,uefa.cl,FALSE
2019-10-23,RB Salzburg,SSC Napoli,2,3,uefa.cl,FALSE
2019-10-23,KRC Genk,Liverpool,1,4,uefa.cl,FALSE
2019-10-23,FC Internazionale Milano,Borussia Dortmund,2,0,uefa.cl,FALSE
2019-10-23,Slavia Praha,FC Barcelona,1,2,uefa.cl,FALSE
2019-10-23,RB Leipzig,Zenit St. Petersburg,2,1,uefa.cl,FALSE
2019-10-23,SL Benfica,Olympique Lyonnais,2,1,uefa.cl,FALSE
2019-10-23,AFC Ajax,Chelsea,0,1,uefa.cl,FALSE
2019-10-23,Lille OSC,Valencia CF,1,1,uefa.cl,FALSE
2019-10-25,Southampton,Leicester City,0,9,en.1,FALSE
2019-10-25,Villarreal CF,Deportivo Alavés,4,1,es.1,FALSE
2019-10-25,Hellas Verona,US Sassuolo Calcio,0,1,it.1,FALSE
2019-10-25,1. FSV Mainz 05,1. FC Köln,3,1,de.1,FALSE
2019-10-26,Manchester City,Aston Villa,3,0,en.1,FALSE
2019-10-26,Brighton & Hove Albion,Everton,3,2,en.1,FALSE
2019-10-26,Watford,AFC Bournemouth,0,0,en.1,FALSE
2019-10-26,West Ham United,Sheffield United,1,1,en.1,FALSE
2019-10-26,Burnley,Chelsea,2,4,en.1,FALSE
2019-10-26,CD Leganés,RCD Mallorca,1,0,es.1,FALSE
2019-10-26,Real Valladolid CF,SD Eibar,2,0,es.1,FALSE
2019-10-26,Club Atlético de Madrid,Athletic Club,2,0,es.1,FALSE
2019-10-26,US Lecce,Juventus,1,1,it.1,FALSE
2019-10-26,FC Internazionale Milano,Parma Calcio 1913,2,2,it.1,FALSE
2019-10-26,Genoa CFC,Brescia Calcio,3,1,it.1,FALSE
2019-10-26,FC Bayern München,1. FC Union Berlin,2,1,de.1,FALSE
2019-10-26,Hertha BSC,TSG 1899 Hoffenheim,2,3,de.1,FALSE
2019-10-26,SC Freiburg,RB Leipzig,2,1,de.1,FALSE
2019-10-26,FC Schalke 04,Borussia Dortmund,0,0,de.1,FALSE
2019-10-26,SC Paderborn 07,Fortuna Düsseldorf,2,0,de.1,FALSE
2019-10-26,Bayer 04 Leverkusen,SV Werder Bremen,2,2,de.1,FALSE
2019-10-27,Arsenal,Crystal Palace,2,2,en.1,FALSE
2019-10-27,Liverpool,Tottenham Hotspur,2,1,en.1,FALSE
2019-10-27,Norwich City,Manchester United,1,3,en.1,FALSE
2019-10-27,Newcastle United,Wolverhampton Wanderers,1,1,en.1,FALSE
2019-10-27,RC Celta de Vigo,Real Sociedad de Fútbol,0,1,es.1,FALSE
2019-10-27,Granada CF,Real Betis Balompié,1,0,es.1,FALSE
2019-10-27,Levante UD,RCD Espanyol de Barcelona,0,1,es.1,FALSE
2019-10-27,Sevilla,Getafe CF,2,0,es.1,FALSE
2019-10-27,CA Osasuna,Valencia CF,3,1,es.1,FALSE
2019-10-27,Bologna FC 1909,Sampdoria,2,1,it.1,FALSE
2019-10-27,Atalanta BC,Udinese Calcio,7,1,it.1,FALSE
2019-10-27,SPAL 2013 Ferrara,SSC Napoli,1,1,it.1,FALSE
2019-10-27,Torino,Cagliari Calcio,1,1,it.1,FALSE
2019-10-27,AS Roma,AC Milan,2,1,it.1,FALSE
2019-10-27,ACF Fiorentina,SS Lazio,1,2,it.1,FALSE
2019-10-27,VfL Wolfsburg,FC Augsburg,0,0,de.1,FALSE
2019-10-27,Borussia Mönchengladbach,Eintracht Frankfurt,4,2,de.1,FALSE
2019-10-29,Deportivo Alavés,Club Atlético de Madrid,1,1,es.1,FALSE
2019-10-29,FC Barcelona,Real Valladolid CF,5,1,es.1,FALSE
2019-10-29,Parma Calcio 1913,Hellas Verona,0,1,it.1,FALSE
2019-10-29,Brescia Calcio,FC Internazionale Milano,1,2,it.1,FALSE
2019-10-30,Real Sociedad de Fútbol,Levante UD,1,2,es.1,FALSE
2019-10-30,Valencia CF,Sevilla,1,1,es.1,FALSE
2019-10-30,Athletic Club,RCD Espanyol de Barcelona,3,0,es.1,FALSE
2019-10-30,Real Betis Balompié,RC Celta de Vigo,2,1,es.1,FALSE
2019-10-30,Real Madrid CF,CD Leganés,5,0,es.1,FALSE
2019-10-30,SSC Napoli,Atalanta BC,2,2,it.1,FALSE
2019-10-30,Cagliari Calcio,Bologna FC 1909,3,2,it.1,FALSE
2019-10-30,Juventus,Genoa CFC,2,1,it.1,FALSE
2019-10-30,SS Lazio,Torino,4,0,it.1,FALSE
2019-10-30,Sampdoria,US Lecce,1,1,it.1,FALSE
2019-10-30,US Sassuolo Calcio,ACF Fiorentina,1,2,it.1,FALSE
2019-10-30,Udinese Calcio,AS Roma,0,4,it.1,FALSE
2019-10-31,SD Eibar,Villarreal CF,2,1,es.1,FALSE
2019-10-31,RCD Mallorca,CA Osasuna,2,2,es.1,FALSE
2019-10-31,Getafe CF,Granada CF,3,1,es.1,FALSE
2019-10-31,AC Milan,SPAL 2013 Ferrara,1,0,it.1,FALSE
2019-11-01,TSG 1899 Hoffenheim,SC Paderborn 07,3,0,de.1,FALSE
2019-11-02,AFC Bournemouth,Manchester United,1,0,en.1,FALSE
2019-11-02,Arsenal,Wolverhampton Wanderers,1,1,en.1,FALSE
2019-11-02,Aston Villa,Liverpool,1,2,en.1,FALSE
2019-11-02,Brighton & Hove Albion,Norwich City,2,0,en.1,FALSE
2019-11-02,Manchester City,Southampton,2,1,en.1,FALSE
2019-11-02,Sheffield United,Burnley,3,0,en.1,FALSE
2019-11-02,West Ham United,Newcastle United,2,3,en.1,FALSE
2019-11-02,Watford,Chelsea,1,2,en.1,FALSE
2019-11-02,RCD Espanyol de Barcelona,Valencia CF,1,2,es.1,FALSE
2019-11-02,Levante UD,FC Barcelona,3,1,es.1,FALSE
2019-11-02,Sevilla,Club Atlético de Madrid,1,1,es.1,FALSE
2019-11-02,Real Madrid CF,Real Betis Balompié,0,0,es.1,FALSE
2019-11-02,AS Roma,SSC Napoli,2,1,it.1,FALSE
2019-11-02,Bologna FC 1909,FC Internazionale Milano,1,2,it.1,FALSE
2019-11-02,Torino,Juventus,0,1,it.1,FALSE
2019-11-02,Borussia Dortmund,VfL Wolfsburg,3,0,de.1,FALSE
2019-11-02,RB Leipzig,1. FSV Mainz 05,8,0,de.1,FALSE
2019-11-02,Bayer 04 Leverkusen,Borussia Mönchengladbach,1,2,de.1,FALSE
2019-11-02,Eintracht Frankfurt,FC Bayern München,5,1,de.1,FALSE
2019-11-02,SV Werder Bremen,SC Freiburg,2,2,de.1,FALSE
2019-11-02,1. FC Union Berlin,Hertha BSC,1,0,de.1,FALSE
2019-11-03,Everton,Tottenham Hotspur,1,1,en.1,FALSE
2019-11-03,Crystal Palace,Leicester City,0,2,en.1,FALSE
2019-11-03,Real Valladolid CF,RCD Mallorca,3,0,es.1,FALSE
2019-11-03,Villarreal CF,Athletic Club,0,0,es.1,FALSE
2019-11-03,CA Osasuna,Deportivo Alavés,4,2,es.1,FALSE
2019-11-03,RC Celta de Vigo,Getafe CF,0,1,es.1,FALSE
2019-11-03,CD Leganés,SD Eibar,1,2,es.1,FALSE
2019-11-03,Granada CF,Real Sociedad de Fútbol,1,2,es.1,FALSE
2019-11-03,Atalanta BC,Cagliari Calcio,0,2,it.1,FALSE
2019-11-03,Genoa CFC,Udinese Calcio,1,3,it.1,FALSE
2019-11-03,Hellas Verona,Brescia Calcio,2,1,it.1,FALSE
2019-11-03,US Lecce,US Sassuolo Calcio,2,2,it.1,FALSE
2019-11-03,ACF Fiorentina,Parma Calcio 1913,1,1,it.1,FALSE
2019-11-03,AC Milan,SS Lazio,1,2,it.1,FALSE
2019-11-03,Fortuna Düsseldorf,1. FC Köln,2,0,de.1,FALSE
2019-11-03,FC Augsburg,FC Schalke 04,2,3,de.1,FALSE
2019-11-04,SPAL 2013 Ferrara,Sampdoria,0,1,it.1,FALSE
2019-11-05,Liverpool,KRC Genk,2,1,uefa.cl,FALSE
2019-11-05,SSC Napoli,RB Salzburg,1,1,uefa.cl,FALSE
2019-11-05,FC Barcelona,Slavia Praha,0,0,uefa.cl,FALSE
2019-11-05,Borussia Dortmund,FC Internazionale Milano,3,2,uefa.cl,FALSE
2019-11-05,Zenit St. Petersburg,RB Leipzig,0,2,uefa.cl,FALSE
2019-11-05,Olympique Lyonnais,SL Benfica,3,1,uefa.cl,FALSE
2019-11-05,Chelsea,AFC Ajax,4,4,uefa.cl,FALSE
2019-11-05,Valencia CF,Lille OSC,4,1,uefa.cl,FALSE
2019-11-06,Paris Saint-Germain,Club Brugge KV,1,0,uefa.cl,FALSE
2019-11-06,Real Madrid CF,Galatasaray,6,0,uefa.cl,FALSE
2019-11-06,FC Bayern München,Olympiakos Piraeus,2,0,uefa.cl,FALSE
2019-11-06,Crvena Zvezda,Tottenham Hotspur,0,4,uefa.cl,FALSE
2019-11-06,Dinamo Zagreb,Shakhtar Donetsk,3,3,uefa.cl,FALSE
2019-11-06,Atalanta BC,Manchester City,1,1,uefa.cl,FALSE
2019-11-06,Lokomotiv Moskva,Juventus,1,2,uefa.cl,FALSE
2019-11-06,Bayer 04 Leverkusen,Club Atlético de Madrid,2,1,uefa.cl,FALSE
2019-11-08,Norwich City,Watford,0,2,en.1,FALSE
2019-11-08,Real Sociedad de Fútbol,CD Leganés,1,1,es.1,FALSE
2019-11-08,US Sassuolo Calcio,Bologna FC 1909,3,1,it.1,FALSE
2019-11-08,1. FC Köln,TSG 1899 Hoffenheim,1,2,de.1,FALSE
2019-11-09,Chelsea,Crystal Palace,2,0,en.1,FALSE
2019-11-09,Burnley,West Ham United,3,0,en.1,FALSE
2019-11-09,Newcastle United,AFC Bournemouth,2,1,en.1,FALSE
2019-11-09,Southampton,Everton,1,2,en.1,FALSE
2019-11-09,Tottenham Hotspur,Sheffield United,1,1,en.1,FALSE
2019-11-09,Leicester City,Arsenal,2,0,en.1,FALSE
2019-11-09,Deportivo Alavés,Real Valladolid CF,3,0,es.1,FALSE
2019-11-09,Valencia CF,Granada CF,2,0,es.1,FALSE
2019-11-09,SD Eibar,Real Madrid CF,0,4,es.1,FALSE
2019-11-09,FC Barcelona,RC Celta de Vigo,4,1,es.1,FALSE
2019-11-09,Brescia Calcio,Torino,0,4,it.1,FALSE
2019-11-09,FC Internazionale Milano,Hellas Verona,2,1,it.1,FALSE
2019-11-09,SSC Napoli,Genoa CFC,0,0,it.1,FALSE
2019-11-09,Hertha BSC,RB Leipzig,2,4,de.1,FALSE
2019-11-09,1. FSV Mainz 05,1. FC Union Berlin,2,3,de.1,FALSE
2019-11-09,FC Schalke 04,Fortuna Düsseldorf,3,3,de.1,FALSE
2019-11-09,SC Paderborn 07,FC Augsburg,0,1,de.1,FALSE
2019-11-09,FC Bayern München,Borussia Dortmund,4,0,de.1,FALSE
2019-11-10,Manchester United,Brighton & Hove Albion,3,1,en.1,FALSE
2019-11-10,Wolverhampton Wanderers,Aston Villa,2,1,en.1,FALSE
2019-11-10,Liverpool,Manchester City,3,1,en.1,FALSE
2019-11-10,RCD Mallorca,Villarreal CF,3,1,es.1,FALSE
2019-11-10,Athletic Club,Levante UD,2,1,es.1,FALSE
2019-11-10,Club Atlético de Madrid,RCD Espanyol de Barcelona,3,1,es.1,FALSE
2019-11-10,Getafe CF,CA Osasuna,0,0,es.1,FALSE
2019-11-10,Real Betis Balompié,Sevilla,1,2,es.1,FALSE
2019-11-10,Cagliari Calcio,ACF Fiorentina,5,2,it.1,FALSE
2019-11-10,SS Lazio,US Lecce,4,2,it.1,FALSE
2019-11-10,Sampdoria,Atalanta BC,0,0,it.1,FALSE
2019-11-10,Udinese Calcio,SPAL 2013 Ferrara,0,0,it.1,FALSE
2019-11-10,Parma Calcio 1913,AS Roma,2,0,it.1,FALSE
2019-11-10,Juventus,AC Milan,1,0,it.1,FALSE
2019-11-10,Borussia Mönchengladbach,SV Werder Bremen,3,1,de.1,FALSE
2019-11-10,VfL Wolfsburg,Bayer 04 Leverkusen,0,2,de.1,FALSE
2019-11-10,SC Freiburg,Eintracht Frankfurt,1,0,de.1,FALSE
2019-11-22,Levante UD,RCD Mallorca,2,1,es.1,FALSE
2019-11-22,Borussia Dortmund,SC Paderborn 07,3,3,de.1,FALSE
2019-11-23,West Ham United,Tottenham Hotspur,2,3,en.1,FALSE
2019-11-23,AFC Bournemouth,Wolverhampton Wanderers,1,2,en.1,FALSE
2019-11-23,Arsenal,Southampton,2,2,en.1,FALSE
2019-11-23,Brighton & Hove Albion,Leicester City,0,2,en.1,FALSE
2019-11-23,Crystal Palace,Liverpool,1,2,en.1,FALSE
2019-11-23,Everton,Norwich City,0,2,en.1,FALSE
2019-11-23,Watford,Burnley,0,3,en.1,FALSE
2019-11-23,Manchester City,Chelsea,2,1,en.1,FALSE
2019-11-23,CD Leganés,FC Barcelona,1,2,es.1,FALSE
2019-11-23,Real Betis Balompié,Valencia CF,2,1,es.1,FALSE
2019-11-23,Granada CF,Club Atlético de Madrid,1,1,es.1,FALSE
2019-11-23,Real Madrid CF,Real Sociedad de Fútbol,3,1,es.1,FALSE
2019-11-23,Atalanta BC,Juventus,1,3,it.1,FALSE
2019-11-23,AC Milan,SSC Napoli,1,1,it.1,FALSE
2019-11-23,Torino,FC Internazionale Milano,0,3,it.1,FALSE
2019-11-23,Bayer 04 Leverkusen,SC Freiburg,1,1,de.1,FALSE
2019-11-23,Eintracht Frankfurt,VfL Wolfsburg,0,2,de.1,FALSE
2019-11-23,SV Werder Bremen,FC Schalke 04,1,2,de.1,FALSE
2019-11-23,Fortuna Düsseldorf,FC Bayern München,0,4,de.1,FALSE
2019-11-23,1. FC Union Berlin,Borussia Mönchengladbach,2,0,de.1,FALSE
2019-11-23,RB Leipzig,1. FC Köln,4,1,de.1,FALSE
2019-11-24,Sheffield United,Manchester United,3,3,en.1,FALSE
2019-11-24,RCD Espanyol de Barcelona,Getafe CF,1,1,es.1,FALSE
2019-11-24,CA Osasuna,Athletic Club,1,2,es.1,FALSE
2019-11-24,SD Eibar,Deportivo Alavés,0,2,es.1,FALSE
2019-11-24,Villarreal CF,RC Celta de Vigo,1,3,es.1,FALSE
2019-11-24,Real Valladolid CF,Sevilla,0,1,es.1,FALSE
2019-11-24,Bologna FC 1909,Parma Calcio 1913,2,2,it.1,FALSE
2019-11-24,Hellas Verona,ACF Fiorentina,1,0,it.1,FALSE
2019-11-24,AS Roma,Brescia Calcio,3,0,it.1,FALSE
2019-11-24,US Sassuolo Calcio,SS Lazio,1,2,it.1,FALSE
2019-11-24,Sampdoria,Udinese Calcio,2,1,it.1,FALSE
2019-11-24,FC Augsburg,Hertha BSC,4,0,de.1,FALSE
2019-11-24,TSG 1899 Hoffenheim,1. FSV Mainz 05,1,5,de.1,FALSE
2019-11-25,Aston Villa,Newcastle United,2,0,en.1,FALSE
2019-11-25,US Lecce,Cagliari Calcio,2,2,it.1,FALSE
2019-11-25,SPAL 2013 Ferrara,Genoa CFC,1,1,it.1,FALSE
2019-11-26,Galatasaray,Club Brugge KV,1,1,uefa.cl,FALSE
2019-11-26,Real Madrid CF,Paris Saint-Germain,2,2,uefa.cl,FALSE
2019-11-26,Tottenham Hotspur,Olympiakos Piraeus,4,2,uefa.cl,FALSE
2019-11-26,Crvena Zvezda,FC Bayern München,0,6,uefa.cl,FALSE
2019-11-26,Manchester City,Shakhtar Donetsk,1,1,uefa.cl,FALSE
2019-11-26,Atalanta BC,Dinamo Zagreb,2,0,uefa.cl,FALSE
2019-11-26,Lokomotiv Moskva,Bayer 04 Leverkusen,0,2,uefa.cl,FALSE
2019-11-26,Juventus,Club Atlético de Madrid,1,0,uefa.cl,FALSE
2019-11-27,Liverpool,SSC Napoli,1,1,uefa.cl,FALSE
2019-11-27,KRC Genk,RB Salzburg,1,4,uefa.cl,FALSE
2019-11-27,FC Barcelona,Borussia Dortmund,3,1,uefa.cl,FALSE
2019-11-27,Slavia Praha,FC Internazionale Milano,1,3,uefa.cl,FALSE
2019-11-27,Zenit St. Petersburg,Olympique Lyonnais,2,0,uefa.cl,FALSE
2019-11-27,RB Leipzig,SL Benfica,2,2,uefa.cl,FALSE
2019-11-27,Valencia CF,Chelsea,2,2,uefa.cl,FALSE
2019-11-27,Lille OSC,AFC Ajax,0,2,uefa.cl,FALSE
2019-11-29,RC Celta de Vigo,Real Valladolid CF,0,0,es.1,FALSE
2019-11-29,FC Schalke 04,1. FC Union Berlin,2,1,de.1,FALSE
2019-11-30,Newcastle United,Manchester City,2,2,en.1,FALSE
2019-11-30,Burnley,Crystal Palace,0,2,en.1,FALSE
2019-11-30,Chelsea,West Ham United,0,1,en.1,FALSE
2019-11-30,Liverpool,Brighton & Hove Albion,2,1,en.1,FALSE
2019-11-30,Tottenham Hotspur,AFC Bournemouth,3,2,en.1,FALSE
2019-11-30,Southampton,Watford,2,1,en.1,FALSE
2019-11-30,Deportivo Alavés,Real Madrid CF,1,2,es.1,FALSE
2019-11-30,Real Sociedad de Fútbol,SD Eibar,4,1,es.1,FALSE
2019-11-30,RCD Mallorca,Real Betis Balompié,1,2,es.1,FALSE
2019-11-30,Valencia CF,Villarreal CF,2,1,es.1,FALSE
2019-11-30,Brescia Calcio,Atalanta BC,0,3,it.1,FALSE
2019-11-30,Genoa CFC,Torino,0,1,it.1,FALSE
2019-11-30,ACF Fiorentina,US Lecce,0,1,it.1,FALSE
2019-11-30,TSG 1899 Hoffenheim,Fortuna Düsseldorf,1,1,de.1,FALSE
2019-11-30,Hertha BSC,Borussia Dortmund,1,2,de.1,FALSE
2019-11-30,1. FC Köln,FC Augsburg,1,1,de.1,FALSE
2019-11-30,SC Paderborn 07,RB Leipzig,2,3,de.1,FALSE
2019-11-30,FC Bayern München,Bayer 04 Leverkusen,1,2,de.1,FALSE
2019-12-01,Wolverhampton Wanderers,Sheffield United,1,1,en.1,FALSE
2019-12-01,Leicester City,Everton,2,1,en.1,FALSE
2019-12-01,Manchester United,Aston Villa,2,2,en.1,FALSE
2019-12-01,Norwich City,Arsenal,2,2,en.1,FALSE
2019-12-01,Sevilla,CD Leganés,1,0,es.1,FALSE
2019-12-01,Athletic Club,Granada CF,2,0,es.1,FALSE
2019-12-01,RCD Espanyol de Barcelona,CA Osasuna,2,4,es.1,FALSE
2019-12-01,Getafe CF,Levante UD,4,0,es.1,FALSE
2019-12-01,Club Atlético de Madrid,FC Barcelona,0,1,es.1,FALSE
2019-12-01,Juventus,US Sassuolo Calcio,2,2,it.1,FALSE
2019-12-01,FC Internazionale Milano,SPAL 2013 Ferrara,2,1,it.1,FALSE
2019-12-01,SS Lazio,Udinese Calcio,3,0,it.1,FALSE
2019-12-01,Parma Calcio 1913,AC Milan,0,1,it.1,FALSE
2019-12-01,SSC Napoli,Bologna FC 1909,1,2,it.1,FALSE
2019-12-01,Hellas Verona,AS Roma,1,3,it.1,FALSE
2019-12-01,Borussia Mönchengladbach,SC Freiburg,4,2,de.1,FALSE
2019-12-01,VfL Wolfsburg,SV Werder Bremen,2,3,de.1,FALSE
2019-12-02,Cagliari Calcio,Sampdoria,4,3,it.1,FALSE
2019-12-02,1. FSV Mainz 05,Eintracht Frankfurt,2,1,de.1,FALSE
2019-12-03,Burnley,Manchester City,1,4,en.1,FALSE
2019-12-03,Crystal Palace,AFC Bournemouth,1,0,en.1,FALSE
2019-12-04,Leicester City,Watford,2,0,en.1,FALSE
2019-12-04,Wolverhampton Wanderers,West Ham United,2,0,en.1,FALSE
2019-12-04,Manchester United,Tottenham Hotspur,2,1,en.1,FALSE
2019-12-04,Chelsea,Aston Villa,2,1,en.1,FALSE
2019-12-04,Southampton,Norwich City,2,1,en.1,FALSE
2019-12-04,Liverpool,Everton,5,2,en.1,FALSE
2019-12-05,Arsenal,Brighton & Hove Albion,1,2,en.1,FALSE
2019-12-05,Sheffield United,Newcastle United,0,2,en.1,FALSE
2019-12-06,Villarreal CF,Club Atlético de Madrid,0,0,es.1,FALSE
2019-12-06,FC Internazionale Milano,AS Roma,0,0,it.1,FALSE
2019-12-06,Eintracht Frankfurt,Hertha BSC,2,2,de.1,FALSE
2019-12-07,AFC Bournemouth,Liverpool,0,3,en.1,FALSE
2019-12-07,Tottenham Hotspur,Burnley,5,0,en.1,FALSE
2019-12-07,Watford,Crystal Palace,0,0,en.1,FALSE
2019-12-07,Manchester City,Manchester United,1,2,en.1,FALSE
2019-12-07,Everton,Chelsea,3,1,en.1,FALSE
2019-12-07,Real Madrid CF,RCD Espanyol de Barcelona,2,0,es.1,FALSE
2019-12-07,Granada CF,Deportivo Alavés,3,0,es.1,FALSE
2019-12-07,Levante UD,Valencia CF,2,4,es.1,FALSE
2019-12-07,FC Barcelona,RCD Mallorca,5,2,es.1,FALSE
2019-12-07,Atalanta BC,Hellas Verona,3,2,it.1,FALSE
2019-12-07,Udinese Calcio,SSC Napoli,1,1,it.1,FALSE
2019-12-07,SS Lazio,Juventus,3,1,it.1,FALSE
2019-12-07,Borussia Dortmund,Fortuna Düsseldorf,5,0,de.1,FALSE
2019-12-07,RB Leipzig,TSG 1899 Hoffenheim,3,1,de.1,FALSE
2019-12-07,Borussia Mönchengladbach,FC Bayern München,2,1,de.1,FALSE
2019-12-07,SC Freiburg,VfL Wolfsburg,1,0,de.1,FALSE
2019-12-07,FC Augsburg,1. FSV Mainz 05,2,1,de.1,FALSE
2019-12-07,Bayer 04 Leverkusen,FC Schalke 04,2,1,de.1,FALSE
2019-12-08,Aston Villa,Leicester City,1,4,en.1,FALSE
2019-12-08,Newcastle United,Southampton,2,1,en.1,FALSE
2019-12-08,Norwich City,Sheffield United,1,2,en.1,FALSE
2019-12-08,Brighton & Hove Albion,Wolverhampton Wanderers,2,2,en.1,FALSE
2019-12-08,SD Eibar,Getafe CF,0,1,es.1,FALSE
2019-12-08,Real Betis Balompié,Athletic Club,3,2,es.1,FALSE
2019-12-08,Real Valladolid CF,Real Sociedad de Fútbol,0,0,es.1,FALSE
2019-12-08,CD Leganés,RC Celta de Vigo,3,2,es.1,FALSE
2019-12-08,CA Osasuna,Sevilla,1,1,es.1,FALSE
2019-12-08,US Lecce,Genoa CFC,2,2,it.1,FALSE
2019-12-08,US Sassuolo Calcio,Cagliari Calcio,2,2,it.1,FALSE
2019-12-08,SPAL 2013 Ferrara,Brescia Calcio,0,1,it.1,FALSE
2019-12-08,Torino,ACF Fiorentina,2,1,it.1,FALSE
2019-12-08,Sampdoria,Parma Calcio 1913,0,1,it.1,FALSE
2019-12-08,Bologna FC 1909,AC Milan,2,3,it.1,FALSE
2019-12-08,1. FC Union Berlin,1. FC Köln,2,0,de.1,FALSE
2019-12-08,SV Werder Bremen,SC Paderborn 07,0,1,de.1,FALSE
2019-12-09,West Ham United,Arsenal,1,3,en.1,FALSE
2019-12-10,SSC Napoli,KRC Genk,4,0,uefa.cl,FALSE
2019-12-10,RB Salzburg,Liverpool,0,2,uefa.cl,FALSE
2019-12-10,Borussia Dortmund,Slavia Praha,2,1,uefa.cl,FALSE
2019-12-10,FC Internazionale Milano,FC Barcelona,1,2,uefa.cl,FALSE
2019-12-10,SL Benfica,Zenit St. Petersburg,3,0,uefa.cl,FALSE
2019-12-10,Olympique Lyonnais,RB Leipzig,2,2,uefa.cl,FALSE
2019-12-10,Chelsea,Lille OSC,2,1,uefa.cl,FALSE
2019-12-10,AFC Ajax,Valencia CF,0,1,uefa.cl,FALSE
2019-12-11,Paris Saint-Germain,Galatasaray,5,0,uefa.cl,FALSE
2019-12-11,Club Brugge KV,Real Madrid CF,1,3,uefa.cl,FALSE
2019-12-11,FC Bayern München,Tottenham Hotspur,3,1,uefa.cl,FALSE
2019-12-11,Olympiakos Piraeus,Crvena Zvezda,1,0,uefa.cl,FALSE
2019-12-11,Shakhtar Donetsk,Atalanta BC,0,3,uefa.cl,FALSE
2019-12-11,Dinamo Zagreb,Manchester City,1,4,uefa.cl,FALSE
2019-12-11,Club Atlético de Madrid,Lokomotiv Moskva,2,0,uefa.cl,FALSE
2019-12-11,Bayer 04 Leverkusen,Juventus,0,2,uefa.cl,FALSE
2019-12-13,Deportivo Alavés,CD Leganés,1,1,es.1,FALSE
2019-12-13,TSG 1899 Hoffenheim,FC Augsburg,2,4,de.1,FALSE
2019-12-14,Liverpool,Watford,2,0,en.1,FALSE
2019-12-14,Burnley,Newcastle United,1,0,en.1,FALSE
2019-12-14,Chelsea,AFC Bournemouth,0,1,en.1,FALSE
2019-12-14,Leicester City,Norwich City,1,1,en.1,FALSE
2019-12-14,Sheffield United,Aston Villa,2,0,en.1,FALSE
2019-12-14,Southampton,West Ham United,0,1,en.1,FALSE
2019-12-14,Granada CF,Levante UD,1,2,es.1,FALSE
2019-12-14,Real Sociedad de Fútbol,FC Barcelona,2,2,es.1,FALSE
2019-12-14,Athletic Club,SD Eibar,0,0,es.1,FALSE
2019-12-14,Club Atlético de Madrid,CA Osasuna,2,0,es.1,FALSE
2019-12-14,Brescia Calcio,US Lecce,3,0,it.1,FALSE
2019-12-14,SSC Napoli,Parma Calcio 1913,1,2,it.1,FALSE
2019-12-14,Genoa CFC,Sampdoria,0,1,it.1,FALSE
2019-12-14,FC Bayern München,SV Werder Bremen,6,1,de.1,FALSE
2019-12-14,Hertha BSC,SC Freiburg,1,0,de.1,FALSE
2019-12-14,1. FSV Mainz 05,Borussia Dortmund,0,4,de.1,FALSE
2019-12-14,1. FC Köln,Bayer 04 Leverkusen,2,0,de.1,FALSE
2019-12-14,SC Paderborn 07,1. FC Union Berlin,1,1,de.1,FALSE
2019-12-14,Fortuna Düsseldorf,RB Leipzig,0,3,de.1,FALSE
2019-12-15,Wolverhampton Wanderers,Tottenham Hotspur,1,2,en.1,FALSE
2019-12-15,Arsenal,Manchester City,0,3,en.1,FALSE
2019-12-15,Manchester United,Everton,1,1,en.1,FALSE
2019-12-15,Getafe CF,Real Valladolid CF,2,0,es.1,FALSE
2019-12-15,RC Celta de Vigo,RCD Mallorca,2,2,es.1,FALSE
2019-12-15,RCD Espanyol de Barcelona,Real Betis Balompié,2,2,es.1,FALSE
2019-12-15,Sevilla,Villarreal CF,1,2,es.1,FALSE
2019-12-15,Valencia CF,Real Madrid CF,1,1,es.1,FALSE
2019-12-15,Hellas Verona,Torino,3,3,it.1,FALSE
2019-12-15,Bologna FC 1909,Atalanta BC,2,1,it.1,FALSE
2019-12-15,Juventus,Udinese Calcio,3,1,it.1,FALSE
2019-12-15,AC Milan,US Sassuolo Calcio,0,0,it.1,FALSE
2019-12-15,AS Roma,SPAL 2013 Ferrara,3,1,it.1,FALSE
2019-12-15,ACF Fiorentina,FC Internazionale Milano,1,1,it.1,FALSE
2019-12-15,VfL Wolfsburg,Borussia Mönchengladbach,2,1,de.1,FALSE
2019-12-15,FC Schalke 04,Eintracht Frankfurt,1,0,de.1,FALSE
2019-12-16,Crystal Palace,Brighton & Hove Albion,1,1,en.1,FALSE
2019-12-16,Cagliari Calcio,SS Lazio,1,2,it.1,FALSE
2019-12-17,SV Werder Bremen,1. FSV Mainz 05,0,5,de.1,FALSE
2019-12-17,Borussia Dortmund,RB Leipzig,3,3,de.1,FALSE
2019-12-17,FC Augsburg,Fortuna Düsseldorf,3,0,de.1,FALSE
2019-12-17,1. FC Union Berlin,TSG 1899 Hoffenheim,0,2,de.1,FALSE
2019-12-18,FC Barcelona,Real Madrid CF,0,0,es.1,FALSE
2019-12-18,Brescia Calcio,US Sassuolo Calcio,0,2,it.1,FALSE
2019-12-18,Sampdoria,Juventus,1,2,it.1,FALSE
2019-12-18,Bayer 04 Leverkusen,Hertha BSC,0,1,de.1,FALSE
2019-12-18,Borussia Mönchengladbach,SC Paderborn 07,2,0,de.1,FALSE
2019-12-18,VfL Wolfsburg,FC Schalke 04,1,1,de.1,FALSE
2019-12-18,Eintracht Frankfurt,1. FC Köln,2,4,de.1,FALSE
2019-12-18,SC Freiburg,FC Bayern München,1,3,de.1,FALSE
2019-12-20,SD Eibar,Granada CF,3,0,es.1,FALSE
2019-12-20,ACF Fiorentina,AS Roma,1,4,it.1,FALSE
2019-12-20,TSG 1899 Hoffenheim,Borussia Dortmund,2,1,de.1,FALSE
2019-12-21,Everton,Arsenal,0,0,en.1,FALSE
2019-12-21,AFC Bournemouth,Burnley,0,1,en.1,FALSE
2019-12-21,Aston Villa,Southampton,1,3,en.1,FALSE
2019-12-21,Brighton & Hove Albion,Sheffield United,0,1,en.1,FALSE
2019-12-21,Newcastle United,Crystal Palace,1,0,en.1,FALSE
2019-12-21,Norwich City,Wolverhampton Wanderers,1,2,en.1,FALSE
2019-12-21,Manchester City,Leicester City,3,1,en.1,FALSE
2019-12-21,RCD Mallorca,Sevilla,0,2,es.1,FALSE
2019-12-21,FC Barcelona,Deportivo Alavés,4,1,es.1,FALSE
2019-12-21,Villarreal CF,Getafe CF,1,0,es.1,FALSE
2019-12-21,Real Valladolid CF,Valencia CF,1,1,es.1,FALSE
2019-12-21,Udinese Calcio,Cagliari Calcio,2,1,it.1,FALSE
2019-12-21,FC Internazionale Milano,Genoa CFC,4,0,it.1,FALSE
2019-12-21,Torino,SPAL 2013 Ferrara,1,2,it.1,FALSE
2019-12-21,FC Bayern München,VfL Wolfsburg,2,0,de.1,FALSE
2019-12-21,RB Leipzig,FC Augsburg,3,1,de.1,FALSE
2019-12-21,1. FSV Mainz 05,Bayer 04 Leverkusen,0,1,de.1,FALSE
2019-12-21,FC Schalke 04,SC Freiburg,2,2,de.1,FALSE
2019-12-21,1. FC Köln,SV Werder Bremen,1,0,de.1,FALSE
2019-12-21,Hertha BSC,Borussia Mönchengladbach,0,0,de.1,FALSE
2019-12-22,Tottenham Hotspur,Chelsea,0,2,en.1,FALSE
2019-12-22,Watford,Manchester United,2,0,en.1,FALSE
2019-12-22,CD Leganés,RCD Espanyol de Barcelona,2,0,es.1,FALSE
2019-12-22,CA Osasuna,Real Sociedad de Fútbol,3,4,es.1,FALSE
2019-12-22,Real Betis Balompié,Club Atlético de Madrid,1,2,es.1,FALSE
2019-12-22,Levante UD,RC Celta de Vigo,3,1,es.1,FALSE
2019-12-22,Real Madrid CF,Athletic Club,0,0,es.1,FALSE
2019-12-22,Atalanta BC,AC Milan,5,0,it.1,FALSE
2019-12-22,US Lecce,Bologna FC 1909,2,3,it.1,FALSE
2019-12-22,Parma Calcio 1913,Brescia Calcio,1,1,it.1,FALSE
2019-12-22,US Sassuolo Calcio,SSC Napoli,1,2,it.1,FALSE
2019-12-22,Fortuna Düsseldorf,1. FC Union Berlin,2,1,de.1,FALSE
2019-12-22,SC Paderborn 07,Eintracht Frankfurt,2,1,de.1,FALSE
2019-12-26,Leicester City,Liverpool,0,4,en.1,FALSE
2019-12-26,Tottenham Hotspur,Brighton & Hove Albion,2,1,en.1,FALSE
2019-12-26,AFC Bournemouth,Arsenal,1,1,en.1,FALSE
2019-12-26,Aston Villa,Norwich City,1,0,en.1,FALSE
2019-12-26,Chelsea,Southampton,0,2,en.1,FALSE
2019-12-26,Crystal Palace,West Ham United,2,1,en.1,FALSE
2019-12-26,Everton,Burnley,1,0,en.1,FALSE
2019-12-26,Sheffield United,Watford,1,1,en.1,FALSE
2019-12-26,Manchester United,Newcastle United,4,1,en.1,FALSE
2019-12-27,Wolverhampton Wanderers,Manchester City,3,2,en.1,FALSE
2019-12-28,Burnley,Manchester United,0,2,en.1,FALSE
2019-12-28,Brighton & Hove Albion,AFC Bournemouth,2,0,en.1,FALSE
2019-12-28,Newcastle United,Everton,1,2,en.1,FALSE
2019-12-28,Southampton,Crystal Palace,1,1,en.1,FALSE
2019-12-28,Watford,Aston Villa,3,0,en.1,FALSE
2019-12-28,Norwich City,Tottenham Hotspur,2,2,en.1,FALSE
2019-12-28,West Ham United,Leicester City,1,2,en.1,FALSE
2019-12-29,Arsenal,Chelsea,1,2,en.1,FALSE
2019-12-29,Liverpool,Wolverhampton Wanderers,1,0,en.1,FALSE
2019-12-29,Manchester City,Sheffield United,2,0,en.1,FALSE
2020-01-01,Norwich City,Crystal Palace,1,1,en.1,FALSE
2020-01-01,Brighton & Hove Albion,Chelsea,1,1,en.1,FALSE
2020-01-01,Burnley,Aston Villa,1,2,en.1,FALSE
2020-01-01,Newcastle United,Leicester City,0,3,en.1,FALSE
2020-01-01,Southampton,Tottenham Hotspur,1,0,en.1,FALSE
2020-01-01,Watford,Wolverhampton Wanderers,2,1,en.1,FALSE
2020-01-01,Manchester City,Everton,2,1,en.1,FALSE
2020-01-01,Arsenal,Manchester United,2,0,en.1,FALSE
2020-01-01,West Ham United,AFC Bournemouth,4,0,en.1,FALSE
2020-01-02,Liverpool,Sheffield United,2,0,en.1,FALSE
2020-01-03,Real Valladolid CF,CD Leganés,2,2,es.1,FALSE
2020-01-03,Sevilla,Athletic Club,1,1,es.1,FALSE
2020-01-04,Valencia CF,SD Eibar,1,0,es.1,FALSE
2020-01-04,Getafe CF,Real Madrid CF,0,3,es.1,FALSE
2020-01-04,Club Atlético de Madrid,Levante UD,2,1,es.1,FALSE
2020-01-04,RCD Espanyol de Barcelona,FC Barcelona,2,2,es.1,FALSE
2020-01-05,Granada CF,RCD Mallorca,1,0,es.1,FALSE
2020-01-05,Real Sociedad de Fútbol,Villarreal CF,1,2,es.1,FALSE
2020-01-05,Deportivo Alavés,Real Betis Balompié,1,1,es.1,FALSE
2020-01-05,RC Celta de Vigo,CA Osasuna,1,1,es.1,FALSE
2020-01-05,Brescia Calcio,SS Lazio,1,2,it.1,FALSE
2020-01-05,SPAL 2013 Ferrara,Hellas Verona,0,2,it.1,FALSE
2020-01-05,Genoa CFC,US Sassuolo Calcio,2,1,it.1,FALSE
2020-01-05,AS Roma,Torino,0,2,it.1,FALSE
2020-01-06,Bologna FC 1909,ACF Fiorentina,1,1,it.1,FALSE
2020-01-06,Atalanta BC,Parma Calcio 1913,5,0,it.1,FALSE
2020-01-06,Juventus,Cagliari Calcio,4,0,it.1,FALSE
2020-01-06,AC Milan,Sampdoria,0,0,it.1,FALSE
2020-01-06,US Lecce,Udinese Calcio,0,1,it.1,FALSE
2020-01-06,SSC Napoli,FC Internazionale Milano,1,3,it.1,FALSE
2020-01-10,Sheffield United,West Ham United,1,0,en.1,FALSE
2020-01-11,Tottenham Hotspur,Liverpool,0,1,en.1,FALSE
2020-01-11,Crystal Palace,Arsenal,1,1,en.1,FALSE
2020-01-11,Chelsea,Burnley,3,0,en.1,FALSE
2020-01-11,Everton,Brighton & Hove Albion,1,0,en.1,FALSE
2020-01-11,Leicester City,Southampton,1,2,en.1,FALSE
2020-01-11,Manchester United,Norwich City,4,0,en.1,FALSE
2020-01-11,Wolverhampton Wanderers,Newcastle United,1,1,en.1,FALSE
2020-01-11,Cagliari Calcio,AC Milan,0,2,it.1,FALSE
2020-01-11,SS Lazio,SSC Napoli,1,0,it.1,FALSE
2020-01-11,FC Internazionale Milano,Atalanta BC,1,1,it.1,FALSE
2020-01-12,AFC Bournemouth,Watford,0,3,en.1,FALSE
2020-01-12,Aston Villa,Manchester City,1,6,en.1,FALSE
2020-01-12,Udinese Calcio,US Sassuolo Calcio,3,0,it.1,FALSE
2020-01-12,ACF Fiorentina,SPAL 2013 Ferrara,1,0,it.1,FALSE
2020-01-12,Sampdoria,Brescia Calcio,5,1,it.1,FALSE
2020-01-12,Torino,Bologna FC 1909,1,0,it.1,FALSE
2020-01-12,Hellas Verona,Genoa CFC,2,1,it.1,FALSE
2020-01-12,AS Roma,Juventus,1,2,it.1,FALSE
2020-01-13,Parma Calcio 1913,US Lecce,2,0,it.1,FALSE
2020-01-17,CD Leganés,Getafe CF,0,3,es.1,FALSE
2020-01-17,FC Schalke 04,Borussia Mönchengladbach,2,0,de.1,FALSE
2020-01-18,Watford,Tottenham Hotspur,0,0,en.1,FALSE
2020-01-18,Arsenal,Sheffield United,1,1,en.1,FALSE
2020-01-18,Brighton & Hove Albion,Aston Villa,1,1,en.1,FALSE
2020-01-18,Manchester City,Crystal Palace,2,2,en.1,FALSE
2020-01-18,Norwich City,AFC Bournemouth,1,0,en.1,FALSE
2020-01-18,Southampton,Wolverhampton Wanderers,2,3,en.1,FALSE
2020-01-18,West Ham United,Everton,1,1,en.1,FALSE
2020-01-18,Newcastle United,Chelsea,1,0,en.1,FALSE
2020-01-18,Levante UD,Deportivo Alavés,0,1,es.1,FALSE
2020-01-18,Real Madrid CF,Sevilla,2,1,es.1,FALSE
2020-01-18,CA Osasuna,Real Valladolid CF,0,0,es.1,FALSE
2020-01-18,SD Eibar,Club Atlético de Madrid,2,0,es.1,FALSE
2020-01-18,SS Lazio,Sampdoria,5,1,it.1,FALSE
2020-01-18,US Sassuolo Calcio,Torino,2,1,it.1,FALSE
2020-01-18,SSC Napoli,ACF Fiorentina,0,2,it.1,FALSE
2020-01-18,FC Augsburg,Borussia Dortmund,3,5,de.1,FALSE
2020-01-18,1. FC Köln,VfL Wolfsburg,3,1,de.1,FALSE
2020-01-18,TSG 1899 Hoffenheim,Eintracht Frankfurt,1,2,de.1,FALSE
2020-01-18,Fortuna Düsseldorf,SV Werder Bremen,0,1,de.1,FALSE
2020-01-18,1. FSV Mainz 05,SC Freiburg,1,2,de.1,FALSE
2020-01-18,RB Leipzig,1. FC Union Berlin,3,1,de.1,FALSE
2020-01-19,Liverpool,Manchester United,2,0,en.1,FALSE
2020-01-19,Burnley,Leicester City,2,1,en.1,FALSE
2020-01-19,RCD Mallorca,Valencia CF,4,1,es.1,FALSE
2020-01-19,Real Betis Balompié,Real Sociedad de Fútbol,3,0,es.1,FALSE
2020-01-19,Villarreal CF,RCD Espanyol de Barcelona,1,2,es.1,FALSE
2020-01-19,Athletic Club,RC Celta de Vigo,1,1,es.1,FALSE
2020-01-19,FC Barcelona,Granada CF,1,0,es.1,FALSE
2020-01-19,AC Milan,Udinese Calcio,3,2,it.1,FALSE
2020-01-19,Brescia Calcio,Cagliari Calcio,2,2,it.1,FALSE
2020-01-19,Bologna FC 1909,Hellas Verona,1,1,it.1,FALSE
2020-01-19,US Lecce,FC Internazionale Milano,1,1,it.1,FALSE
2020-01-19,Genoa CFC,AS Roma,1,3,it.1,FALSE
2020-01-19,Juventus,Parma Calcio 1913,2,1,it.1,FALSE
2020-01-19,Hertha BSC,FC Bayern München,0,4,de.1,FALSE
2020-01-19,SC Paderborn 07,Bayer 04 Leverkusen,1,4,de.1,FALSE
2020-01-20,Atalanta BC,SPAL 2013 Ferrara,1,2,it.1,FALSE
2020-01-21,AFC Bournemouth,Brighton & Hove Albion,3,1,en.1,FALSE
2020-01-21,Aston Villa,Watford,2,1,en.1,FALSE
2020-01-21,Everton,Newcastle United,2,2,en.1,FALSE
2020-01-21,Sheffield United,Manchester City,0,1,en.1,FALSE
2020-01-21,Crystal Palace,Southampton,0,2,en.1,FALSE
2020-01-21,Chelsea,Arsenal,2,2,en.1,FALSE
2020-01-22,Manchester United,Burnley,0,2,en.1,FALSE
2020-01-22,Leicester City,West Ham United,4,1,en.1,FALSE
2020-01-22,Tottenham Hotspur,Norwich City,2,1,en.1,FALSE
2020-01-23,Wolverhampton Wanderers,Liverpool,1,2,en.1,FALSE
2020-01-24,CA Osasuna,Levante UD,2,0,es.1,FALSE
2020-01-24,Brescia Calcio,AC Milan,0,1,it.1,FALSE
2020-01-24,Borussia Dortmund,1. FC Köln,5,1,de.1,FALSE
2020-01-25,RCD Espanyol de Barcelona,Athletic Club,1,1,es.1,FALSE
2020-01-25,Valencia CF,FC Barcelona,2,0,es.1,FALSE
2020-01-25,Deportivo Alavés,Villarreal CF,1,2,es.1,FALSE
2020-01-25,Sevilla,Granada CF,2,0,es.1,FALSE
2020-01-25,SPAL 2013 Ferrara,Bologna FC 1909,1,3,it.1,FALSE
2020-01-25,ACF Fiorentina,Genoa CFC,0,0,it.1,FALSE
2020-01-25,Torino,Atalanta BC,0,7,it.1,FALSE
2020-01-25,Eintracht Frankfurt,RB Leipzig,2,0,de.1,FALSE
2020-01-25,VfL Wolfsburg,Hertha BSC,1,2,de.1,FALSE
2020-01-25,Borussia Mönchengladbach,1. FSV Mainz 05,3,1,de.1,FALSE
2020-01-25,1. FC Union Berlin,FC Augsburg,2,0,de.1,FALSE
2020-01-25,SC Freiburg,SC Paderborn 07,0,2,de.1,FALSE
2020-01-25,FC Bayern München,FC Schalke 04,5,0,de.1,FALSE
2020-01-26,Club Atlético de Madrid,CD Leganés,0,0,es.1,FALSE
2020-01-26,RC Celta de Vigo,SD Eibar,0,0,es.1,FALSE
2020-01-26,Getafe CF,Real Betis Balompié,1,0,es.1,FALSE
2020-01-26,Real Sociedad de Fútbol,RCD Mallorca,3,0,es.1,FALSE
2020-01-26,Real Valladolid CF,Real Madrid CF,0,1,es.1,FALSE
2020-01-26,FC Internazionale Milano,Cagliari Calcio,1,1,it.1,FALSE
2020-01-26,Hellas Verona,US Lecce,3,0,it.1,FALSE
2020-01-26,Sampdoria,US Sassuolo Calcio,0,0,it.1,FALSE
2020-01-26,Parma Calcio 1913,Udinese Calcio,2,0,it.1,FALSE
2020-01-26,AS Roma,SS Lazio,1,1,it.1,FALSE
2020-01-26,SSC Napoli,Juventus,2,1,it.1,FALSE
2020-01-26,SV Werder Bremen,TSG 1899 Hoffenheim,0,3,de.1,FALSE
2020-01-26,Bayer 04 Leverkusen,Fortuna Düsseldorf,3,0,de.1,FALSE
2020-01-29,West Ham United,Liverpool,0,2,en.1,FALSE
2020-01-31,Hertha BSC,FC Schalke 04,0,0,de.1,FALSE
2020-02-01,Leicester City,Chelsea,2,2,en.1,FALSE
2020-02-01,AFC Bournemouth,Aston Villa,2,1,en.1,FALSE
2020-02-01,Crystal Palace,Sheffield United,0,1,en.1,FALSE
2020-02-01,Liverpool,Southampton,4,0,en.1,FALSE
2020-02-01,Newcastle United,Norwich City,0,0,en.1,FALSE
2020-02-01,Watford,Everton,2,3,en.1,FALSE
2020-02-01,West Ham United,Brighton & Hove Albion,3,3,en.1,FALSE
2020-02-01,Manchester United,Wolverhampton Wanderers,0,0,en.1,FALSE
2020-02-01,Granada CF,RCD Espanyol de Barcelona,2,1,es.1,FALSE
2020-02-01,Real Madrid CF,Club Atlético de Madrid,1,0,es.1,FALSE
2020-02-01,RCD Mallorca,Real Valladolid CF,0,1,es.1,FALSE
2020-02-01,Valencia CF,RC Celta de Vigo,1,0,es.1,FALSE
2020-02-01,Bologna FC 1909,Brescia Calcio,2,1,it.1,FALSE
2020-02-01,Cagliari Calcio,Parma Calcio 1913,2,2,it.1,FALSE
2020-02-01,US Sassuolo Calcio,AS Roma,4,2,it.1,FALSE
2020-02-01,1. FSV Mainz 05,FC Bayern München,1,3,de.1,FALSE
2020-02-01,TSG 1899 Hoffenheim,Bayer 04 Leverkusen,2,1,de.1,FALSE
2020-02-01,Fortuna Düsseldorf,Eintracht Frankfurt,1,1,de.1,FALSE
2020-02-01,FC Augsburg,SV Werder Bremen,2,1,de.1,FALSE
2020-02-01,Borussia Dortmund,1. FC Union Berlin,5,0,de.1,FALSE
2020-02-01,RB Leipzig,Borussia Mönchengladbach,2,2,de.1,FALSE
2020-02-02,Tottenham Hotspur,Manchester City,2,0,en.1,FALSE
2020-02-02,Burnley,Arsenal,0,0,en.1,FALSE
2020-02-02,CD Leganés,Real Sociedad de Fútbol,2,1,es.1,FALSE
2020-02-02,SD Eibar,Real Betis Balompié,1,1,es.1,FALSE
2020-02-02,Athletic Club,Getafe CF,0,2,es.1,FALSE
2020-02-02,Sevilla,Deportivo Alavés,1,1,es.1,FALSE
2020-02-02,Villarreal CF,CA Osasuna,3,1,es.1,FALSE
2020-02-02,FC Barcelona,Levante UD,2,1,es.1,FALSE
2020-02-02,Juventus,ACF Fiorentina,3,0,it.1,FALSE
2020-02-02,Atalanta BC,Genoa CFC,2,2,it.1,FALSE
2020-02-02,AC Milan,Hellas Verona,1,1,it.1,FALSE
2020-02-02,SS Lazio,SPAL 2013 Ferrara,5,1,it.1,FALSE
2020-02-02,US Lecce,Torino,4,0,it.1,FALSE
2020-02-02,Udinese Calcio,FC Internazionale Milano,0,2,it.1,FALSE
2020-02-02,1. FC Köln,SC Freiburg,4,0,de.1,FALSE
2020-02-02,SC Paderborn 07,VfL Wolfsburg,2,4,de.1,FALSE
2020-02-03,Sampdoria,SSC Napoli,2,4,it.1,FALSE
2020-02-05,SS Lazio,Hellas Verona,0,0,it.1,FALSE
2020-02-07,Deportivo Alavés,SD Eibar,2,1,es.1,FALSE
2020-02-07,AS Roma,Bologna FC 1909,2,3,it.1,FALSE
2020-02-07,Eintracht Frankfurt,FC Augsburg,5,0,de.1,FALSE
2020-02-08,Brighton & Hove Albion,Watford,1,1,en.1,FALSE
2020-02-08,Everton,Crystal Palace,3,1,en.1,FALSE
2020-02-08,Levante UD,CD Leganés,2,0,es.1,FALSE
2020-02-08,Getafe CF,Valencia CF,3,0,es.1,FALSE
2020-02-08,Real Valladolid CF,Villarreal CF,1,1,es.1,FALSE
2020-02-08,Club Atlético de Madrid,Granada CF,1,0,es.1,FALSE
2020-02-08,ACF Fiorentina,Atalanta BC,1,2,it.1,FALSE
2020-02-08,Torino,Sampdoria,1,3,it.1,FALSE
2020-02-08,Hellas Verona,Juventus,2,1,it.1,FALSE
2020-02-08,SC Freiburg,TSG 1899 Hoffenheim,1,0,de.1,FALSE
2020-02-08,VfL Wolfsburg,Fortuna Düsseldorf,1,1,de.1,FALSE
2020-02-08,Hertha BSC,1. FSV Mainz 05,1,3,de.1,FALSE
2020-02-08,FC Schalke 04,SC Paderborn 07,1,1,de.1,FALSE
2020-02-08,SV Werder Bremen,1. FC Union Berlin,0,2,de.1,FALSE
2020-02-08,Bayer 04 Leverkusen,Borussia Dortmund,4,3,de.1,FALSE
2020-02-09,Sheffield United,AFC Bournemouth,2,1,en.1,FALSE
2020-02-09,RCD Espanyol de Barcelona,RCD Mallorca,1,0,es.1,FALSE
2020-02-09,Real Sociedad de Fútbol,Athletic Club,2,1,es.1,FALSE
2020-02-09,CA Osasuna,Real Madrid CF,1,4,es.1,FALSE
2020-02-09,RC Celta de Vigo,Sevilla,2,1,es.1,FALSE
2020-02-09,Real Betis Balompié,FC Barcelona,2,3,es.1,FALSE
2020-02-09,SPAL 2013 Ferrara,US Sassuolo Calcio,1,2,it.1,FALSE
2020-02-09,Genoa CFC,Cagliari Calcio,1,0,it.1,FALSE
2020-02-09,SSC Napoli,US Lecce,2,3,it.1,FALSE
2020-02-09,Brescia Calcio,Udinese Calcio,1,1,it.1,FALSE
2020-02-09,Parma Calcio 1913,SS Lazio,0,1,it.1,FALSE
2020-02-09,FC Internazionale Milano,AC Milan,4,2,it.1,FALSE
2020-02-09,FC Bayern München,RB Leipzig,0,0,de.1,FALSE
2020-02-14,Wolverhampton Wanderers,Leicester City,0,0,en.1,FALSE
2020-02-14,Valencia CF,Club Atlético de Madrid,2,2,es.1,FALSE
2020-02-14,Borussia Dortmund,Eintracht Frankfurt,4,0,de.1,FALSE
2020-02-15,Norwich City,Liverpool,0,1,en.1,FALSE
2020-02-15,Southampton,Burnley,1,2,en.1,FALSE
2020-02-15,RCD Mallorca,Deportivo Alavés,1,0,es.1,FALSE
2020-02-15,FC Barcelona,Getafe CF,2,1,es.1,FALSE
2020-02-15,Villarreal CF,Levante UD,2,1,es.1,FALSE
2020-02-15,Granada CF,Real Valladolid CF,2,1,es.1,FALSE
2020-02-15,US Lecce,SPAL 2013 Ferrara,2,1,it.1,FALSE
2020-02-15,Bologna FC 1909,Genoa CFC,0,3,it.1,FALSE
2020-02-15,Atalanta BC,AS Roma,2,1,it.1,FALSE
2020-02-15,1. FC Union Berlin,Bayer 04 Leverkusen,2,3,de.1,FALSE
2020-02-15,TSG 1899 Hoffenheim,VfL Wolfsburg,2,3,de.1,FALSE
2020-02-15,RB Leipzig,SV Werder Bremen,3,0,de.1,FALSE
2020-02-15,SC Paderborn 07,Hertha BSC,1,2,de.1,FALSE
2020-02-15,FC Augsburg,SC Freiburg,1,1,de.1,FALSE
2020-02-15,Fortuna Düsseldorf,Borussia Mönchengladbach,1,4,de.1,FALSE
2020-02-16,Aston Villa,Tottenham Hotspur,2,3,en.1,FALSE
2020-02-16,Arsenal,Newcastle United,4,0,en.1,FALSE
2020-02-16,Sevilla,RCD Espanyol de Barcelona,2,2,es.1,FALSE
2020-02-16,CD Leganés,Real Betis Balompié,0,0,es.1,FALSE
2020-02-16,Athletic Club,CA Osasuna,0,1,es.1,FALSE
2020-02-16,Real Madrid CF,RC Celta de Vigo,2,2,es.1,FALSE
2020-02-16,Udinese Calcio,Hellas Verona,0,0,it.1,FALSE
2020-02-16,Juventus,Brescia Calcio,2,0,it.1,FALSE
2020-02-16,Sampdoria,ACF Fiorentina,1,5,it.1,FALSE
2020-02-16,US Sassuolo Calcio,Parma Calcio 1913,0,1,it.1,FALSE
2020-02-16,Cagliari Calcio,SSC Napoli,0,1,it.1,FALSE
2020-02-16,SS Lazio,FC Internazionale Milano,2,1,it.1,FALSE
2020-02-16,1. FC Köln,FC Bayern München,1,4,de.1,FALSE
2020-02-16,1. FSV Mainz 05,FC Schalke 04,0,0,de.1,FALSE
2020-02-17,Chelsea,Manchester United,0,2,en.1,FALSE
2020-02-17,AC Milan,Torino,1,0,it.1,FALSE
2020-02-18,Borussia Dortmund,Paris Saint-Germain,2,1,uefa.cl,FALSE
2020-02-18,Club Atlético de Madrid,Liverpool,1,0,uefa.cl,FALSE
2020-02-19,Manchester City,West Ham United,2,0,en.1,FALSE
2020-02-19,Atalanta BC,Valencia CF,4,1,uefa.cl,FALSE
2020-02-19,Tottenham Hotspur,RB Leipzig,0,1,uefa.cl,FALSE
2020-02-21,Real Betis Balompié,RCD Mallorca,3,3,es.1,FALSE
2020-02-21,Brescia Calcio,SSC Napoli,1,2,it.1,FALSE
2020-02-21,FC Bayern München,SC Paderborn 07,3,2,de.1,FALSE
2020-02-22,Burnley,AFC Bournemouth,3,0,en.1,FALSE
2020-02-22,Crystal Palace,Newcastle United,1,0,en.1,FALSE
2020-02-22,Sheffield United,Brighton & Hove Albion,1,1,en.1,FALSE
2020-02-22,Southampton,Aston Villa,2,0,en.1,FALSE
2020-02-22,Leicester City,Manchester City,0,1,en.1,FALSE
2020-02-22,Chelsea,Tottenham Hotspur,2,1,en.1,FALSE
2020-02-22,RC Celta de Vigo,CD Leganés,1,0,es.1,FALSE
2020-02-22,FC Barcelona,SD Eibar,5,0,es.1,FALSE
2020-02-22,Real Sociedad de Fútbol,Valencia CF,3,0,es.1,FALSE
2020-02-22,Levante UD,Real Madrid CF,1,0,es.1,FALSE
2020-02-22,Bologna FC 1909,Udinese Calcio,1,1,it.1,FALSE
2020-02-22,SPAL 2013 Ferrara,Juventus,1,2,it.1,FALSE
2020-02-22,ACF Fiorentina,AC Milan,1,1,it.1,FALSE
2020-02-22,SV Werder Bremen,Borussia Dortmund,0,2,de.1,FALSE
2020-02-22,Borussia Mönchengladbach,TSG 1899 Hoffenheim,1,1,de.1,FALSE
2020-02-22,SC Freiburg,Fortuna Düsseldorf,0,2,de.1,FALSE
2020-02-22,Hertha BSC,1. FC Köln,0,5,de.1,FALSE
2020-02-22,FC Schalke 04,RB Leipzig,0,5,de.1,FALSE
2020-02-23,Manchester United,Watford,3,0,en.1,FALSE
2020-02-23,Wolverhampton Wanderers,Norwich City,3,0,en.1,FALSE
2020-02-23,Arsenal,Everton,3,2,en.1,FALSE
2020-02-23,CA Osasuna,Granada CF,0,3,es.1,FALSE
2020-02-23,Deportivo Alavés,Athletic Club,2,1,es.1,FALSE
2020-02-23,Real Valladolid CF,RCD Espanyol de Barcelona,2,1,es.1,FALSE
2020-02-23,Getafe CF,Sevilla,0,3,es.1,FALSE
2020-02-23,Club Atlético de Madrid,Villarreal CF,3,1,es.1,FALSE
2020-02-23,Genoa CFC,SS Lazio,2,3,it.1,FALSE
2020-02-23,AS Roma,US Lecce,4,0,it.1,FALSE
2020-02-23,Bayer 04 Leverkusen,FC Augsburg,2,0,de.1,FALSE
2020-02-23,VfL Wolfsburg,1. FSV Mainz 05,4,0,de.1,FALSE
2020-02-24,Liverpool,West Ham United,3,2,en.1,FALSE
2020-02-24,Eintracht Frankfurt,1. FC Union Berlin,1,2,de.1,FALSE
2020-02-25,Chelsea,FC Bayern München,0,3,uefa.cl,FALSE
2020-02-25,SSC Napoli,FC Barcelona,1,1,uefa.cl,FALSE
2020-02-26,Real Madrid CF,Manchester City,1,2,uefa.cl,FALSE
2020-02-26,Olympique Lyonnais,Juventus,1,0,uefa.cl,FALSE
2020-02-28,Norwich City,Leicester City,1,0,en.1,FALSE
2020-02-28,Real Sociedad de Fútbol,Real Valladolid CF,1,0,es.1,FALSE
2020-02-28,Fortuna Düsseldorf,Hertha BSC,3,3,de.1,FALSE
2020-02-29,Brighton & Hove Albion,Crystal Palace,0,1,en.1,FALSE
2020-02-29,AFC Bournemouth,Chelsea,2,2,en.1,FALSE
2020-02-29,Newcastle United,Burnley,0,0,en.1,FALSE
2020-02-29,West Ham United,Southampton,3,1,en.1,FALSE
2020-02-29,Watford,Liverpool,3,0,en.1,FALSE
2020-02-29,SD Eibar,Levante UD,3,0,es.1,FALSE
2020-02-29,Valencia CF,Real Betis Balompié,2,1,es.1,FALSE
2020-02-29,CD Leganés,Deportivo Alavés,1,1,es.1,FALSE
2020-02-29,Granada CF,RC Celta de Vigo,0,0,es.1,FALSE
2020-02-29,SS Lazio,Bologna FC 1909,2,0,it.1,FALSE
2020-02-29,SSC Napoli,Torino,2,1,it.1,FALSE
2020-02-29,TSG 1899 Hoffenheim,FC Bayern München,0,6,de.1,FALSE
2020-02-29,FC Augsburg,Borussia Mönchengladbach,2,3,de.1,FALSE
2020-02-29,Borussia Dortmund,SC Freiburg,1,0,de.1,FALSE
2020-02-29,1. FSV Mainz 05,SC Paderborn 07,2,0,de.1,FALSE
2020-02-29,1. FC Köln,FC Schalke 04,3,0,de.1,FALSE
2020-03-01,Tottenham Hotspur,Wolverhampton Wanderers,2,3,en.1,FALSE
2020-03-01,Everton,Manchester United,1,1,en.1,FALSE
2020-03-01,Sevilla,CA Osasuna,3,2,es.1,FALSE
2020-03-01,Athletic Club,Villarreal CF,1,0,es.1,FALSE
2020-03-01,RCD Espanyol de Barcelona,Club Atlético de Madrid,1,1,es.1,FALSE
2020-03-01,RCD Mallorca,Getafe CF,0,1,es.1,FALSE
2020-03-01,Real Madrid CF,FC Barcelona,2,0,es.1,FALSE
2020-03-01,US Lecce,Atalanta BC,2,7,it.1,FALSE
2020-03-01,Cagliari Calcio,AS Roma,3,4,it.1,FALSE
2020-03-01,1. FC Union Berlin,VfL Wolfsburg,2,2,de.1,FALSE
2020-03-01,RB Leipzig,Bayer 04 Leverkusen,1,1,de.1,FALSE
2020-03-06,Deportivo Alavés,Valencia CF,1,1,es.1,FALSE
2020-03-06,SC Paderborn 07,1. FC Köln,1,2,de.1,FALSE
2020-03-07,Burnley,Tottenham Hotspur,1,1,en.1,FALSE
2020-03-07,Wolverhampton Wanderers,Brighton & Hove Albion,0,0,en.1,FALSE
2020-03-07,Liverpool,AFC Bournemouth,2,1,en.1,FALSE
2020-03-07,Arsenal,West Ham United,1,0,en.1,FALSE
2020-03-07,Crystal Palace,Watford,1,0,en.1,FALSE
2020-03-07,Sheffield United,Norwich City,1,0,en.1,FALSE
2020-03-07,Southampton,Newcastle United,0,1,en.1,FALSE
2020-03-07,SD Eibar,RCD Mallorca,1,2,es.1,FALSE
2020-03-07,Club Atlético de Madrid,Sevilla,2,2,es.1,FALSE
2020-03-07,FC Barcelona,Real Sociedad de Fútbol,1,0,es.1,FALSE
2020-03-07,Getafe CF,RC Celta de Vigo,0,0,es.1,FALSE
2020-03-07,VfL Wolfsburg,RB Leipzig,0,0,de.1,FALSE
2020-03-07,Bayer 04 Leverkusen,Eintracht Frankfurt,4,0,de.1,FALSE
2020-03-07,Hertha BSC,SV Werder Bremen,2,2,de.1,FALSE
2020-03-07,FC Schalke 04,TSG 1899 Hoffenheim,1,1,de.1,FALSE
2020-03-07,SC Freiburg,1. FC Union Berlin,3,1,de.1,FALSE
2020-03-07,Borussia Mönchengladbach,Borussia Dortmund,1,2,de.1,FALSE
2020-03-08,Manchester United,Manchester City,2,0,en.1,FALSE
2020-03-08,Chelsea,Everton,4,0,en.1,FALSE
2020-03-08,CA Osasuna,RCD Espanyol de Barcelona,1,0,es.1,FALSE
2020-03-08,Real Valladolid CF,Athletic Club,1,4,es.1,FALSE
2020-03-08,Levante UD,Granada CF,1,1,es.1,FALSE
2020-03-08,Villarreal CF,CD Leganés,1,2,es.1,FALSE
2020-03-08,Real Betis Balompié,Real Madrid CF,2,1,es.1,FALSE
2020-03-08,Parma Calcio 1913,SPAL 2013 Ferrara,0,1,it.1,FALSE
2020-03-08,AC Milan,Genoa CFC,1,2,it.1,FALSE
2020-03-08,Sampdoria,Hellas Verona,2,1,it.1,FALSE
2020-03-08,Udinese Calcio,ACF Fiorentina,0,0,it.1,FALSE
2020-03-08,Juventus,FC Internazionale Milano,2,0,it.1,FALSE
2020-03-08,FC Bayern München,FC Augsburg,2,0,de.1,FALSE
2020-03-08,1. FSV Mainz 05,Fortuna Düsseldorf,1,1,de.1,FALSE
2020-03-09,Leicester City,Aston Villa,4,0,en.1,FALSE
2020-03-09,US Sassuolo Calcio,Brescia Calcio,3,0,it.1,FALSE
2020-03-10,SD Eibar,Real Sociedad de Fútbol,1,2,es.1,FALSE
2020-03-10,Valencia CF,Atalanta BC,3,4,uefa.cl,FALSE
2020-03-10,RB Leipzig,Tottenham Hotspur,3,0,uefa.cl,FALSE
2020-03-11,Borussia Mönchengladbach,1. FC Köln,2,1,de.1,FALSE
2020-03-11,Paris Saint-Germain,Borussia Dortmund,2,0,uefa.cl,FALSE
2020-03-11,Liverpool,Club Atlético de Madrid,1,0,uefa.cl,FALSE
2020-05-16,FC Augsburg,VfL Wolfsburg,1,2,de.1,FALSE
2020-05-16,TSG 1899 Hoffenheim,Hertha BSC,0,3,de.1,FALSE
2020-05-16,RB Leipzig,SC Freiburg,1,1,de.1,FALSE
2020-05-16,Borussia Dortmund,FC Schalke 04,4,0,de.1,FALSE
2020-05-16,Fortuna Düsseldorf,SC Paderborn 07,0,0,de.1,FALSE
2020-05-16,Eintracht Frankfurt,Borussia Mönchengladbach,1,3,de.1,FALSE
2020-05-17,1. FC Köln,1. FSV Mainz 05,2,2,de.1,FALSE
2020-05-17,1. FC Union Berlin,FC Bayern München,0,2,de.1,FALSE
2020-05-18,SV Werder Bremen,Bayer 04 Leverkusen,1,4,de.1,FALSE
2020-05-22,Hertha BSC,1. FC Union Berlin,4,0,de.1,FALSE
2020-05-23,VfL Wolfsburg,Borussia Dortmund,0,2,de.1,FALSE
2020-05-23,Borussia Mönchengladbach,Bayer 04 Leverkusen,1,3,de.1,FALSE
2020-05-23,SC Freiburg,SV Werder Bremen,0,1,de.1,FALSE
2020-05-23,SC Paderborn 07,TSG 1899 Hoffenheim,1,1,de.1,FALSE
2020-05-23,FC Bayern München,Eintracht Frankfurt,5,2,de.1,FALSE
2020-05-24,FC Schalke 04,FC Augsburg,0,3,de.1,FALSE
2020-05-24,1. FSV Mainz 05,RB Leipzig,0,5,de.1,FALSE
2020-05-24,1. FC Köln,Fortuna Düsseldorf,2,2,de.1,FALSE
2020-05-26,Borussia Dortmund,FC Bayern München,0,1,de.1,FALSE
2020-05-26,SV Werder Bremen,Borussia Mönchengladbach,0,0,de.1,FALSE
2020-05-26,Bayer 04 Leverkusen,VfL Wolfsburg,1,4,de.1,FALSE
2020-05-26,Eintracht Frankfurt,SC Freiburg,3,3,de.1,FALSE
2020-05-27,RB Leipzig,Hertha BSC,2,2,de.1,FALSE
2020-05-27,1. FC Union Berlin,1. FSV Mainz 05,1,1,de.1,FALSE
2020-05-27,Fortuna Düsseldorf,FC Schalke 04,2,1,de.1,FALSE
2020-05-27,TSG 1899 Hoffenheim,1. FC Köln,3,1,de.1,FALSE
2020-05-27,FC Augsburg,SC Paderborn 07,0,0,de.1,FALSE
2020-05-29,SC Freiburg,Bayer 04 Leverkusen,0,1,de.1,FALSE
2020-05-30,VfL Wolfsburg,Eintracht Frankfurt,1,2,de.1,FALSE
2020-05-30,FC Schalke 04,SV Werder Bremen,0,1,de.1,FALSE
2020-05-30,1. FSV Mainz 05,TSG 1899 Hoffenheim,0,1,de.1,FALSE
2020-05-30,Hertha BSC,FC Augsburg,2,0,de.1,FALSE
2020-05-30,FC Bayern München,Fortuna Düsseldorf,5,0,de.1,FALSE
2020-05-31,Borussia Mönchengladbach,1. FC Union Berlin,4,1,de.1,FALSE
2020-05-31,SC Paderborn 07,Borussia Dortmund,1,6,de.1,FALSE
2020-06-01,1. FC Köln,RB Leipzig,2,4,de.1,FALSE
2020-06-03,SV Werder Bremen,Eintracht Frankfurt,0,3,de.1,FALSE
2020-06-05,SC Freiburg,Borussia Mönchengladbach,1,0,de.1,FALSE
2020-06-06,Bayer 04 Leverkusen,FC Bayern München,2,4,de.1,FALSE
2020-06-06,Fortuna Düsseldorf,TSG 1899 Hoffenheim,2,2,de.1,FALSE
2020-06-06,Eintracht Frankfurt,1. FSV Mainz 05,0,2,de.1,FALSE
2020-06-06,RB Leipzig,SC Paderborn 07,1,1,de.1,FALSE
2020-06-06,Borussia Dortmund,Hertha BSC,1,0,de.1,FALSE
2020-06-07,SV Werder Bremen,VfL Wolfsburg,0,1,de.1,FALSE
2020-06-07,1. FC Union Berlin,FC Schalke 04,1,1,de.1,FALSE
2020-06-07,FC Augsburg,1. FC Köln,1,1,de.1,FALSE
2020-06-11,Sevilla,Real Betis Balompié,2,0,es.1,FALSE
2020-06-12,Granada CF,Getafe CF,2,1,es.1,FALSE
2020-06-12,Valencia CF,Levante UD,1,1,es.1,FALSE
2020-06-12,TSG 1899 Hoffenheim,RB Leipzig,0,2,de.1,FALSE
2020-06-13,RCD Espanyol de Barcelona,Deportivo Alavés,2,0,es.1,FALSE
2020-06-13,RC Celta de Vigo,Villarreal CF,0,1,es.1,FALSE
2020-06-13,CD Leganés,Real Valladolid CF,1,2,es.1,FALSE
2020-06-13,RCD Mallorca,FC Barcelona,0,4,es.1,FALSE
2020-06-13,Fortuna Düsseldorf,Borussia Dortmund,0,1,de.1,FALSE
2020-06-13,Hertha BSC,Eintracht Frankfurt,1,4,de.1,FALSE
2020-06-13,SC Paderborn 07,SV Werder Bremen,1,5,de.1,FALSE
2020-06-13,VfL Wolfsburg,SC Freiburg,2,2,de.1,FALSE
2020-06-13,1. FC Köln,1. FC Union Berlin,1,2,de.1,FALSE
2020-06-13,FC Bayern München,Borussia Mönchengladbach,2,1,de.1,FALSE
2020-06-14,Athletic Club,Club Atlético de Madrid,1,1,es.1,FALSE
2020-06-14,Real Madrid CF,SD Eibar,3,1,es.1,FALSE
2020-06-14,Real Sociedad de Fútbol,CA Osasuna,1,1,es.1,FALSE
2020-06-14,1. FSV Mainz 05,FC Augsburg,0,1,de.1,FALSE
2020-06-14,FC Schalke 04,Bayer 04 Leverkusen,1,1,de.1,FALSE
2020-06-15,Levante UD,Sevilla,1,1,es.1,FALSE
2020-06-15,Real Betis Balompié,Granada CF,2,2,es.1,FALSE
2020-06-16,Getafe CF,RCD Espanyol de Barcelona,0,0,es.1,FALSE
2020-06-16,Villarreal CF,RCD Mallorca,1,0,es.1,FALSE
2020-06-16,FC Barcelona,CD Leganés,2,0,es.1,FALSE
2020-06-16,Borussia Mönchengladbach,VfL Wolfsburg,3,0,de.1,FALSE
2020-06-16,SV Werder Bremen,FC Bayern München,0,1,de.1,FALSE
2020-06-16,SC Freiburg,Hertha BSC,2,1,de.1,FALSE
2020-06-16,1. FC Union Berlin,SC Paderborn 07,1,0,de.1,FALSE
2020-06-17,Aston Villa,Sheffield United,0,0,en.1,FALSE
2020-06-17,Manchester City,Arsenal,3,0,en.1,FALSE
2020-06-17,SD Eibar,Athletic Club,2,2,es.1,FALSE
2020-06-17,Real Valladolid CF,RC Celta de Vigo,0,0,es.1,FALSE
2020-06-17,CA Osasuna,Club Atlético de Madrid,0,5,es.1,FALSE
2020-06-17,Eintracht Frankfurt,FC Schalke 04,2,1,de.1,FALSE
2020-06-17,FC Augsburg,TSG 1899 Hoffenheim,1,3,de.1,FALSE
2020-06-17,RB Leipzig,Fortuna Düsseldorf,2,2,de.1,FALSE
2020-06-17,Borussia Dortmund,1. FSV Mainz 05,0,2,de.1,FALSE
2020-06-17,Bayer 04 Leverkusen,1. FC Köln,3,1,de.1,FALSE
2020-06-18,Deportivo Alavés,Real Sociedad de Fútbol,2,0,es.1,FALSE
2020-06-18,Real Madrid CF,Valencia CF,3,0,es.1,FALSE
2020-06-19,Norwich City,Southampton,0,3,en.1,FALSE
2020-06-19,Tottenham Hotspur,Manchester United,1,1,en.1,FALSE
2020-06-19,Granada CF,Villarreal CF,0,1,es.1,FALSE
2020-06-19,RCD Mallorca,CD Leganés,1,1,es.1,FALSE
2020-06-19,Sevilla,FC Barcelona,0,0,es.1,FALSE
2020-06-20,Brighton & Hove Albion,Arsenal,2,1,en.1,FALSE
2020-06-20,West Ham United,Wolverhampton Wanderers,0,2,en.1,FALSE
2020-06-20,AFC Bournemouth,Crystal Palace,0,2,en.1,FALSE
2020-06-20,Watford,Leicester City,1,1,en.1,FALSE
2020-06-20,RCD Espanyol de Barcelona,Levante UD,1,3,es.1,FALSE
2020-06-20,Athletic Club,Real Betis Balompié,1,0,es.1,FALSE
2020-06-20,Getafe CF,SD Eibar,1,1,es.1,FALSE
2020-06-20,Club Atlético de Madrid,Real Valladolid CF,1,0,es.1,FALSE
2020-06-20,Torino,Parma Calcio 1913,1,1,it.1,FALSE
2020-06-20,Hellas Verona,Cagliari Calcio,2,1,it.1,FALSE
2020-06-20,RB Leipzig,Borussia Dortmund,0,2,de.1,FALSE
2020-06-20,Hertha BSC,Bayer 04 Leverkusen,2,0,de.1,FALSE
2020-06-20,SC Paderborn 07,Borussia Mönchengladbach,1,3,de.1,FALSE
2020-06-20,FC Schalke 04,VfL Wolfsburg,1,4,de.1,FALSE
2020-06-20,1. FC Köln,Eintracht Frankfurt,1,1,de.1,FALSE
2020-06-20,1. FSV Mainz 05,SV Werder Bremen,3,1,de.1,FALSE
2020-06-20,FC Bayern München,SC Freiburg,3,1,de.1,FALSE
2020-06-20,Fortuna Düsseldorf,FC Augsburg,1,1,de.1,FALSE
2020-06-20,TSG 1899 Hoffenheim,1. FC Union Berlin,4,0,de.1,FALSE
2020-06-21,Newcastle United,Sheffield United,3,0,en.1,FALSE
2020-06-21,Aston Villa,Chelsea,1,2,en.1,FALSE
2020-06-21,Everton,Liverpool,0,0,en.1,FALSE
2020-06-21,RC Celta de Vigo,Deportivo Alavés,6,0,es.1,FALSE
2020-06-21,Valencia CF,CA Osasuna,2,0,es.1,FALSE
2020-06-21,Real Sociedad de Fútbol,Real Madrid CF,1,2,es.1,FALSE
2020-06-21,Atalanta BC,US Sassuolo Calcio,4,1,it.1,FALSE
2020-06-21,FC Internazionale Milano,Sampdoria,2,1,it.1,FALSE
2020-06-22,Manchester City,Burnley,5,0,en.1,FALSE
2020-06-22,Villarreal CF,Sevilla,2,2,es.1,FALSE
2020-06-22,CD Leganés,Granada CF,0,0,es.1,FALSE
2020-06-22,ACF Fiorentina,Brescia Calcio,1,1,it.1,FALSE
2020-06-22,US Lecce,AC Milan,1,4,it.1,FALSE
2020-06-22,Bologna FC 1909,Juventus,0,2,it.1,FALSE
2020-06-23,Tottenham Hotspur,West Ham United,2,0,en.1,FALSE
2020-06-23,Leicester City,Brighton & Hove Albion,0,0,en.1,FALSE
2020-06-23,Levante UD,Club Atlético de Madrid,0,1,es.1,FALSE
2020-06-23,Real Valladolid CF,Getafe CF,1,1,es.1,FALSE
2020-06-23,FC Barcelona,Athletic Club,1,0,es.1,FALSE
2020-06-23,SPAL 2013 Ferrara,Cagliari Calcio,0,1,it.1,FALSE
2020-06-23,Hellas Verona,SSC Napoli,0,2,it.1,FALSE
2020-06-23,Genoa CFC,Parma Calcio 1913,1,4,it.1,FALSE
2020-06-23,Torino,Udinese Calcio,1,0,it.1,FALSE
2020-06-24,Manchester United,Sheffield United,3,0,en.1,FALSE
2020-06-24,Newcastle United,Aston Villa,1,1,en.1,FALSE
2020-06-24,Norwich City,Everton,0,1,en.1,FALSE
2020-06-24,Wolverhampton Wanderers,AFC Bournemouth,1,0,en.1,FALSE
2020-06-24,Liverpool,Crystal Palace,4,0,en.1,FALSE
2020-06-24,Deportivo Alavés,CA Osasuna,0,1,es.1,FALSE
2020-06-24,Real Sociedad de Fútbol,RC Celta de Vigo,0,1,es.1,FALSE
2020-06-24,Real Madrid CF,RCD Mallorca,2,0,es.1,FALSE
2020-06-24,FC Internazionale Milano,US Sassuolo Calcio,3,3,it.1,FALSE
2020-06-24,Atalanta BC,SS Lazio,3,2,it.1,FALSE
2020-06-24,AS Roma,Sampdoria,2,1,it.1,FALSE
2020-06-25,Southampton,Arsenal,0,2,en.1,FALSE
2020-06-25,Chelsea,Manchester City,2,1,en.1,FALSE
2020-06-25,Burnley,Watford,1,0,en.1,FALSE
2020-06-25,SD Eibar,Valencia CF,1,0,es.1,FALSE
2020-06-25,Real Betis Balompié,RCD Espanyol de Barcelona,1,0,es.1,FALSE
2020-06-26,Sevilla,Real Valladolid CF,1,1,es.1,FALSE
2020-06-26,Juventus,US Lecce,4,0,it.1,FALSE
2020-06-27,Aston Villa,Wolverhampton Wanderers,0,1,en.1,FALSE
2020-06-27,Athletic Club,RCD Mallorca,3,1,es.1,FALSE
2020-06-27,RC Celta de Vigo,FC Barcelona,2,2,es.1,FALSE
2020-06-27,CA Osasuna,CD Leganés,2,1,es.1,FALSE
2020-06-27,Club Atlético de Madrid,Deportivo Alavés,2,1,es.1,FALSE
2020-06-27,Brescia Calcio,Genoa CFC,2,2,it.1,FALSE
2020-06-27,Cagliari Calcio,Torino,4,2,it.1,FALSE
2020-06-27,SS Lazio,ACF Fiorentina,2,1,it.1,FALSE
2020-06-27,VfL Wolfsburg,FC Bayern München,0,4,de.1,FALSE
2020-06-27,FC Augsburg,RB Leipzig,1,2,de.1,FALSE
2020-06-27,Borussia Dortmund,TSG 1899 Hoffenheim,0,4,de.1,FALSE
2020-06-27,1. FC Union Berlin,Fortuna Düsseldorf,3,0,de.1,FALSE
2020-06-27,Borussia Mönchengladbach,Hertha BSC,2,1,de.1,FALSE
2020-06-27,Bayer 04 Leverkusen,1. FSV Mainz 05,1,0,de.1,FALSE
2020-06-27,SC Freiburg,FC Schalke 04,4,0,de.1,FALSE
2020-06-27,SV Werder Bremen,1. FC Köln,6,1,de.1,FALSE
2020-06-27,Eintracht Frankfurt,SC Paderborn 07,3,2,de.1,FALSE
2020-06-28,Watford,Southampton,1,3,en.1,FALSE
2020-06-28,Levante UD,Real Betis Balompié,4,2,es.1,FALSE
2020-06-28,Villarreal CF,Valencia CF,2,0,es.1,FALSE
2020-06-28,Granada CF,SD Eibar,1,2,es.1,FALSE
2020-06-28,RCD Espanyol de Barcelona,Real Madrid CF,0,1,es.1,FALSE
2020-06-28,AC Milan,AS Roma,2,0,it.1,FALSE
2020-06-28,Udinese Calcio,Atalanta BC,2,3,it.1,FALSE
2020-06-28,Sampdoria,Bologna FC 1909,1,2,it.1,FALSE
2020-06-28,US Sassuolo Calcio,Hellas Verona,3,3,it.1,FALSE
2020-06-28,SSC Napoli,SPAL 2013 Ferrara,3,1,it.1,FALSE
2020-06-28,Parma Calcio 1913,FC Internazionale Milano,1,2,it.1,FALSE
2020-06-29,Crystal Palace,Burnley,0,1,en.1,FALSE
2020-06-29,Getafe CF,Real Sociedad de Fútbol,2,1,es.1,FALSE
2020-06-30,Brighton & Hove Albion,Manchester United,0,3,en.1,FALSE
2020-06-30,RCD Mallorca,RC Celta de Vigo,5,1,es.1,FALSE
2020-06-30,CD Leganés,Sevilla,0,3,es.1,FALSE
2020-06-30,FC Barcelona,Club Atlético de Madrid,2,2,es.1,FALSE
2020-06-30,Torino,SS Lazio,1,2,it.1,FALSE
2020-06-30,Genoa CFC,Juventus,1,3,it.1,FALSE
2020-07-01,Deportivo Alavés,Granada CF,0,2,es.1,FALSE
2020-07-01,Valencia CF,Athletic Club,0,2,es.1,FALSE
2020-07-01,Real Betis Balompié,Villarreal CF,0,2,es.1,FALSE
2020-07-01,Real Valladolid CF,Levante UD,0,0,es.1,FALSE
2020-07-01,FC Internazionale Milano,Brescia Calcio,6,0,it.1,FALSE
2020-07-01,Bologna FC 1909,Cagliari Calcio,1,1,it.1,FALSE
2020-07-01,SPAL 2013 Ferrara,AC Milan,2,2,it.1,FALSE
2020-07-01,Hellas Verona,Parma Calcio 1913,3,2,it.1,FALSE
2020-07-01,US Lecce,Sampdoria,1,2,it.1,FALSE
2020-07-01,ACF Fiorentina,US Sassuolo Calcio,1,3,it.1,FALSE
2020-07-02,SD Eibar,CA Osasuna,0,2,es.1,FALSE
2020-07-02,Real Sociedad de Fútbol,RCD Espanyol de Barcelona,2,1,es.1,FALSE
2020-07-02,Real Madrid CF,Getafe CF,1,0,es.1,FALSE
2020-07-02,Atalanta BC,SSC Napoli,2,0,it.1,FALSE
2020-07-02,AS Roma,Udinese Calcio,0,2,it.1,FALSE
2020-07-03,Club Atlético de Madrid,RCD Mallorca,3,0,es.1,FALSE
2020-07-04,RC Celta de Vigo,Real Betis Balompié,1,1,es.1,FALSE
2020-07-04,Real Valladolid CF,Deportivo Alavés,1,0,es.1,FALSE
2020-07-04,Granada CF,Valencia CF,2,2,es.1,FALSE
2020-07-04,Juventus,Torino,4,1,it.1,FALSE
2020-07-04,US Sassuolo Calcio,US Lecce,4,2,it.1,FALSE
2020-07-04,SS Lazio,AC Milan,0,3,it.1,FALSE
2020-07-05,Athletic Club,Real Madrid CF,0,1,es.1,FALSE
2020-07-05,RCD Espanyol de Barcelona,CD Leganés,0,1,es.1,FALSE
2020-07-05,CA Osasuna,Getafe CF,0,0,es.1,FALSE
2020-07-05,Villarreal CF,FC Barcelona,1,4,es.1,FALSE
2020-07-05,FC Internazionale Milano,Bologna FC 1909,1,2,it.1,FALSE
2020-07-05,Cagliari Calcio,Atalanta BC,0,1,it.1,FALSE
2020-07-05,Parma Calcio 1913,ACF Fiorentina,1,2,it.1,FALSE
2020-07-05,Udinese Calcio,Genoa CFC,2,2,it.1,FALSE
2020-07-05,Brescia Calcio,Hellas Verona,2,0,it.1,FALSE
2020-07-05,Sampdoria,SPAL 2013 Ferrara,3,0,it.1,FALSE
2020-07-05,SSC Napoli,AS Roma,2,1,it.1,FALSE
2020-07-06,Levante UD,Real Sociedad de Fútbol,1,1,es.1,FALSE
2020-07-06,Sevilla,SD Eibar,1,0,es.1,FALSE
2020-07-07,Valencia CF,Real Valladolid CF,2,1,es.1,FALSE
2020-07-07,RC Celta de Vigo,Club Atlético de Madrid,1,1,es.1,FALSE
2020-07-07,US Lecce,SS Lazio,2,1,it.1,FALSE
2020-07-07,AC Milan,Juventus,4,2,it.1,FALSE
2020-07-08,Real Betis Balompié,CA Osasuna,3,0,es.1,FALSE
2020-07-08,Getafe CF,Villarreal CF,1,3,es.1,FALSE
2020-07-08,FC Barcelona,RCD Espanyol de Barcelona,1,0,es.1,FALSE
2020-07-08,ACF Fiorentina,Cagliari Calcio,0,0,it.1,FALSE
2020-07-08,Genoa CFC,SSC Napoli,1,2,it.1,FALSE
2020-07-08,Torino,Brescia Calcio,3,1,it.1,FALSE
2020-07-08,AS Roma,Parma Calcio 1913,2,1,it.1,FALSE
2020-07-08,Atalanta BC,Sampdoria,2,0,it.1,FALSE
2020-07-08,Bologna FC 1909,US Sassuolo Calcio,1,2,it.1,FALSE
2020-07-09,SD Eibar,CD Leganés,0,0,es.1,FALSE
2020-07-09,RCD Mallorca,Levante UD,2,0,es.1,FALSE
2020-07-09,Athletic Club,Sevilla,1,2,es.1,FALSE
2020-07-09,SPAL 2013 Ferrara,Udinese Calcio,0,3,it.1,FALSE
2020-07-09,Hellas Verona,FC Internazionale Milano,2,2,it.1,FALSE
2020-07-10,Real Sociedad de Fútbol,Granada CF,2,3,es.1,FALSE
2020-07-10,Real Madrid CF,Deportivo Alavés,2,0,es.1,FALSE
2020-07-11,CA Osasuna,RC Celta de Vigo,2,1,es.1,FALSE
2020-07-11,Real Valladolid CF,FC Barcelona,0,1,es.1,FALSE
2020-07-11,Club Atlético de Madrid,Real Betis Balompié,1,0,es.1,FALSE
2020-07-11,SS Lazio,US Sassuolo Calcio,1,2,it.1,FALSE
2020-07-11,Brescia Calcio,AS Roma,0,3,it.1,FALSE
2020-07-11,Juventus,Atalanta BC,2,2,it.1,FALSE
2020-07-12,RCD Espanyol de Barcelona,SD Eibar,0,2,es.1,FALSE
2020-07-12,Levante UD,Athletic Club,1,2,es.1,FALSE
2020-07-12,CD Leganés,Valencia CF,1,0,es.1,FALSE
2020-07-12,Sevilla,RCD Mallorca,2,0,es.1,FALSE
2020-07-12,Genoa CFC,SPAL 2013 Ferrara,2,0,it.1,FALSE
2020-07-12,Parma Calcio 1913,Bologna FC 1909,2,2,it.1,FALSE
2020-07-12,ACF Fiorentina,Hellas Verona,1,1,it.1,FALSE
2020-07-12,Cagliari Calcio,US Lecce,0,0,it.1,FALSE
2020-07-12,Udinese Calcio,Sampdoria,1,3,it.1,FALSE
2020-07-12,SSC Napoli,AC Milan,2,2,it.1,FALSE
2020-07-13,Deportivo Alavés,Getafe CF,0,0,es.1,FALSE
2020-07-13,Villarreal CF,Real Sociedad de Fútbol,1,2,es.1,FALSE
2020-07-13,Granada CF,Real Madrid CF,1,2,es.1,FALSE
2020-07-13,FC Internazionale Milano,Torino,3,1,it.1,FALSE
2020-07-14,Atalanta BC,Brescia Calcio,6,2,it.1,FALSE
2020-07-15,Sampdoria,Cagliari Calcio,3,0,it.1,FALSE
2020-07-15,Bologna FC 1909,SSC Napoli,1,1,it.1,FALSE
2020-07-15,AC Milan,Parma Calcio 1913,3,1,it.1,FALSE
2020-07-15,US Lecce,ACF Fiorentina,1,3,it.1,FALSE
2020-07-15,AS Roma,Hellas Verona,2,1,it.1,FALSE
2020-07-15,US Sassuolo Calcio,Juventus,3,3,it.1,FALSE
2020-07-15,Udinese Calcio,SS Lazio,0,0,it.1,FALSE
2020-07-16,SD Eibar,Real Valladolid CF,3,1,es.1,FALSE
2020-07-16,Athletic Club,CD Leganés,0,2,es.1,FALSE
2020-07-16,FC Barcelona,CA Osasuna,1,2,es.1,FALSE
2020-07-16,Real Betis Balompié,Deportivo Alavés,1,2,es.1,FALSE
2020-07-16,RC Celta de Vigo,Levante UD,2,3,es.1,FALSE
2020-07-16,Getafe CF,Club Atlético de Madrid,0,2,es.1,FALSE
2020-07-16,RCD Mallorca,Granada CF,1,2,es.1,FALSE
2020-07-16,Real Madrid CF,Villarreal CF,2,1,es.1,FALSE
2020-07-16,Real Sociedad de Fútbol,Sevilla,0,0,es.1,FALSE
2020-07-16,Valencia CF,RCD Espanyol de Barcelona,1,0,es.1,FALSE
2020-07-16,Torino,Genoa CFC,3,0,it.1,FALSE
2020-07-16,SPAL 2013 Ferrara,FC Internazionale Milano,0,4,it.1,FALSE
2020-07-18,Hellas Verona,Atalanta BC,1,1,it.1,FALSE
2020-07-18,Cagliari Calcio,US Sassuolo Calcio,1,1,it.1,FALSE
2020-07-18,AC Milan,Bologna FC 1909,5,1,it.1,FALSE
2020-07-19,Deportivo Alavés,FC Barcelona,0,5,es.1,FALSE
2020-07-19,Villarreal CF,SD Eibar,4,0,es.1,FALSE
2020-07-19,Real Valladolid CF,Real Betis Balompié,2,0,es.1,FALSE
2020-07-19,Club Atlético de Madrid,Real Sociedad de Fútbol,1,1,es.1,FALSE
2020-07-19,RCD Espanyol de Barcelona,RC Celta de Vigo,0,0,es.1,FALSE
2020-07-19,Granada CF,Athletic Club,4,0,es.1,FALSE
2020-07-19,CD Leganés,Real Madrid CF,2,2,es.1,FALSE
2020-07-19,Levante UD,Getafe CF,1,0,es.1,FALSE
2020-07-19,CA Osasuna,RCD Mallorca,2,2,es.1,FALSE
2020-07-19,Sevilla,Valencia CF,1,0,es.1,FALSE
2020-07-19,Parma Calcio 1913,Sampdoria,2,3,it.1,FALSE
2020-07-19,Genoa CFC,US Lecce,2,1,it.1,FALSE
2020-07-19,Brescia Calcio,SPAL 2013 Ferrara,2,1,it.1,FALSE
2020-07-19,ACF Fiorentina,Torino,2,0,it.1,FALSE
2020-07-19,SSC Napoli,Udinese Calcio,2,1,it.1,FALSE
2020-07-19,AS Roma,FC Internazionale Milano,2,2,it.1,FALSE
2020-07-20,Juventus,SS Lazio,2,1,it.1,FALSE
2020-07-21,Atalanta BC,Bologna FC 1909,1,0,it.1,FALSE
2020-07-21,US Sassuolo Calcio,AC Milan,1,2,it.1,FALSE
2020-07-22,Parma Calcio 1913,SSC Napoli,2,1,it.1,FALSE
2020-07-22,US Lecce,Brescia Calcio,3,1,it.1,FALSE
2020-07-22,FC Internazionale Milano,ACF Fiorentina,0,0,it.1,FALSE
2020-07-22,Sampdoria,Genoa CFC,1,2,it.1,FALSE
2020-07-22,Torino,Hellas Verona,1,1,it.1,FALSE
2020-07-22,SPAL 2013 Ferrara,AS Roma,1,6,it.1,FALSE
2020-07-23,Udinese Calcio,Juventus,2,1,it.1,FALSE
2020-07-23,SS Lazio,Cagliari Calcio,2,1,it.1,FALSE
2020-07-24,AC Milan,Atalanta BC,1,1,it.1,FALSE
2020-07-25,Brescia Calcio,Parma Calcio 1913,1,2,it.1,FALSE
2020-07-25,Genoa CFC,FC Internazionale Milano,0,3,it.1,FALSE
2020-07-25,SSC Napoli,US Sassuolo Calcio,2,0,it.1,FALSE
2020-07-26,Bologna FC 1909,US Lecce,3,2,it.1,FALSE
2020-07-26,AS Roma,ACF Fiorentina,2,1,it.1,FALSE
2020-07-26,Hellas Verona,SS Lazio,1,5,it.1,FALSE
2020-07-26,SPAL 2013 Ferrara,Torino,1,1,it.1,FALSE
2020-07-26,Cagliari Calcio,Udinese Calcio,0,1,it.1,FALSE
2020-07-26,Juventus,Sampdoria,2,0,it.1,FALSE
2020-07-28,Parma Calcio 1913,Atalanta BC,1,2,it.1,FALSE
2020-07-28,FC Internazionale Milano,SSC Napoli,2,0,it.1,FALSE
2020-07-29,SS Lazio,Brescia Calcio,2,0,it.1,FALSE
2020-07-29,US Sassuolo Calcio,Genoa CFC,5,0,it.1,FALSE
2020-07-29,Udinese Calcio,US Lecce,1,2,it.1,FALSE
2020-07-29,Sampdoria,AC Milan,1,4,it.1,FALSE
2020-07-29,Hellas Verona,SPAL 2013 Ferrara,3,0,it.1,FALSE
2020-07-29,ACF Fiorentina,Bologna FC 1909,4,0,it.1,FALSE
2020-07-29,Cagliari Calcio,Juventus,2,0,it.1,FALSE
2020-07-29,Torino,AS Roma,2,3,it.1,FALSE
2020-08-01,Brescia Calcio,Sampdoria,1,1,it.1,FALSE
2020-08-01,AC Milan,Cagliari Calcio,3,0,it.1,FALSE
2020-08-01,Atalanta BC,FC Internazionale Milano,0,2,it.1,FALSE
2020-08-01,SSC Napoli,SS Lazio,3,1,it.1,FALSE
2020-08-01,Juventus,AS Roma,1,3,it.1,FALSE
2020-08-02,SPAL 2013 Ferrara,ACF Fiorentina,1,3,it.1,FALSE
2020-08-02,Genoa CFC,Hellas Verona,3,0,it.1,FALSE
2020-08-02,US Lecce,Parma Calcio 1913,3,4,it.1,FALSE
2020-08-02,Bologna FC 1909,Torino,1,1,it.1,FALSE
2020-08-02,US Sassuolo Calcio,Udinese Calcio,0,1,it.1,FALSE
2020-08-07,Manchester City,Real Madrid CF,2,1,uefa.cl,FALSE
2020-08-07,Juventus,Olympique Lyonnais,2,1,uefa.cl,FALSE
2020-08-08,FC Bayern München,Chelsea,4,1,uefa.cl,FALSE
2020-08-08,FC Barcelona,SSC Napoli,3,1,uefa.cl,FALSE
2020-08-12,Atalanta BC,Paris Saint-Germain,1,2,uefa.cl,FALSE
2020-08-13,RB Leipzig,Club Atlético de Madrid,2,1,uefa.cl,FALSE
2020-08-14,FC Barcelona,FC Bayern München,2,8,uefa.cl,FALSE
2020-08-15,Manchester City,Olympique Lyonnais,1,3,uefa.cl,FALSE
2020-08-18,RB Leipzig,Paris Saint-Germain,0,3,uefa.cl,FALSE
2020-08-19,Olympique Lyonnais,FC Bayern München,0,3,uefa.cl,FALSE
2020-08-23,Paris Saint-Germain,FC Bayern München,0,1,uefa.cl,TRUE
2020-09-12,Fulham,Arsenal,0,3,en.1,FALSE
2020-09-12,Crystal Palace,Southampton,1,0,en.1,FALSE
2020-09-12,Liverpool,Leeds United,4,3,en.1,FALSE
2020-09-12,West Ham United,Newcastle United,0,2,en.1,FALSE
2020-09-12,SD Eibar,RC Celta de Vigo,0,0,es.1,FALSE
2020-09-12,Granada CF,Athletic Club,2,0,es.1,FALSE
2020-09-12,Cádiz CF,CA Osasuna,0,2,es.1,FALSE
2020-09-13,West Bromwich Albion,Leicester City,0,3,en.1,FALSE
2020-09-13,Tottenham Hotspur,Everton,0,1,en.1,FALSE
2020-09-13,Deportivo Alavés,Real Betis Balompié,0,1,es.1,FALSE
2020-09-13,Real Valladolid CF,Real Sociedad de Fútbol,1,1,es.1,FALSE
2020-09-13,Villarreal CF,SD Huesca,1,1,es.1,FALSE
2020-09-13,Valencia CF,Levante UD,4,2,es.1,FALSE
2020-09-14,Sheffield United,Wolverhampton Wanderers,0,2,en.1,FALSE
2020-09-14,Brighton & Hove Albion,Chelsea,1,3,en.1,FALSE
2020-09-18,FC Bayern München,FC Schalke 04,8,0,de.1,FALSE
2020-09-19,Everton,West Bromwich Albion,5,2,en.1,FALSE
2020-09-19,Leeds United,Fulham,4,3,en.1,FALSE
2020-09-19,Manchester United,Crystal Palace,1,3,en.1,FALSE
2020-09-19,Arsenal,West Ham United,2,1,en.1,FALSE
2020-09-19,Villarreal CF,SD Eibar,2,1,es.1,FALSE
2020-09-19,Getafe CF,CA Osasuna,1,0,es.1,FALSE
2020-09-19,RC Celta de Vigo,Valencia CF,2,1,es.1,FALSE
2020-09-19,ACF Fiorentina,Torino,1,0,it.1,FALSE
2020-09-19,Hellas Verona,AS Roma,3,0,it.1,FALSE
2020-09-19,1. FC Köln,TSG 1899 Hoffenheim,2,3,de.1,FALSE
2020-09-19,Eintracht Frankfurt,Arminia Bielefeld,1,1,de.1,FALSE
2020-09-19,VfB Stuttgart,SC Freiburg,2,3,de.1,FALSE
2020-09-19,SV Werder Bremen,Hertha BSC,1,4,de.1,FALSE
2020-09-19,1. FC Union Berlin,FC Augsburg,1,3,de.1,FALSE
2020-09-19,Borussia Dortmund,Borussia Mönchengladbach,3,0,de.1,FALSE
2020-09-20,Southampton,Tottenham Hotspur,2,5,en.1,FALSE
2020-09-20,Newcastle United,Brighton & Hove Albion,0,3,en.1,FALSE
2020-09-20,Chelsea,Liverpool,0,2,en.1,FALSE
2020-09-20,Leicester City,Burnley,4,2,en.1,FALSE
2020-09-20,SD Huesca,Cádiz CF,0,2,es.1,FALSE
2020-09-20,Real Betis Balompié,Real Valladolid CF,2,0,es.1,FALSE
2020-09-20,Granada CF,Deportivo Alavés,2,1,es.1,FALSE
2020-09-20,Real Sociedad de Fútbol,Real Madrid CF,0,0,es.1,FALSE
2020-09-20,Parma Calcio 1913,SSC Napoli,0,2,it.1,FALSE
2020-09-20,Genoa CFC,FC Crotone,4,1,it.1,FALSE
2020-09-20,US Sassuolo Calcio,Cagliari Calcio,1,1,it.1,FALSE
2020-09-20,Juventus,Sampdoria,3,0,it.1,FALSE
2020-09-20,RB Leipzig,1. FSV Mainz 05,3,1,de.1,FALSE
2020-09-20,VfL Wolfsburg,Bayer 04 Leverkusen,0,0,de.1,FALSE
2020-09-21,Aston Villa,Sheffield United,1,0,en.1,FALSE
2020-09-21,Wolverhampton Wanderers,Manchester City,1,3,en.1,FALSE
2020-09-21,AC Milan,Bologna FC 1909,2,0,it.1,FALSE
2020-09-25,Hertha BSC,Eintracht Frankfurt,1,3,de.1,FALSE
2020-09-26,Brighton & Hove Albion,Manchester United,2,3,en.1,FALSE
2020-09-26,Crystal Palace,Everton,1,2,en.1,FALSE
2020-09-26,West Bromwich Albion,Chelsea,3,3,en.1,FALSE
2020-09-26,Burnley,Southampton,0,1,en.1,FALSE
2020-09-26,Deportivo Alavés,Getafe CF,0,0,es.1,FALSE
2020-09-26,Valencia CF,SD Huesca,1,1,es.1,FALSE
2020-09-26,Elche CF,Real Sociedad de Fútbol,0,3,es.1,FALSE
2020-09-26,Real Betis Balompié,Real Madrid CF,2,3,es.1,FALSE
2020-09-26,Torino,Atalanta BC,2,4,it.1,FALSE
2020-09-26,Sampdoria,Benevento Calcio,2,3,it.1,FALSE
2020-09-26,Cagliari Calcio,SS Lazio,0,2,it.1,FALSE
2020-09-26,FC Internazionale Milano,ACF Fiorentina,4,3,it.1,FALSE
2020-09-26,Borussia Mönchengladbach,1. FC Union Berlin,1,1,de.1,FALSE
2020-09-26,Arminia Bielefeld,1. FC Köln,1,0,de.1,FALSE
2020-09-26,Bayer 04 Leverkusen,RB Leipzig,1,1,de.1,FALSE
2020-09-26,1. FSV Mainz 05,VfB Stuttgart,1,4,de.1,FALSE
2020-09-26,FC Augsburg,Borussia Dortmund,2,0,de.1,FALSE
2020-09-26,FC Schalke 04,SV Werder Bremen,1,3,de.1,FALSE
2020-09-27,Sheffield United,Leeds United,0,1,en.1,FALSE
2020-09-27,Tottenham Hotspur,Newcastle United,1,1,en.1,FALSE
2020-09-27,Manchester City,Leicester City,2,5,en.1,FALSE
2020-09-27,West Ham United,Wolverhampton Wanderers,4,0,en.1,FALSE
2020-09-27,CA Osasuna,Levante UD,1,3,es.1,FALSE
2020-09-27,SD Eibar,Athletic Club,1,2,es.1,FALSE
2020-09-27,Club Atlético de Madrid,Granada CF,6,1,es.1,FALSE
2020-09-27,Real Valladolid CF,RC Celta de Vigo,1,1,es.1,FALSE
2020-09-27,Cádiz CF,Sevilla,1,3,es.1,FALSE
2020-09-27,FC Barcelona,Villarreal CF,4,0,es.1,FALSE
2020-09-27,Spezia Calcio,US Sassuolo Calcio,1,4,it.1,FALSE
2020-09-27,Hellas Verona,Udinese Calcio,1,0,it.1,FALSE
2020-09-27,SSC Napoli,Genoa CFC,6,0,it.1,FALSE
2020-09-27,FC Crotone,AC Milan,0,2,it.1,FALSE
2020-09-27,AS Roma,Juventus,2,2,it.1,FALSE
2020-09-27,TSG 1899 Hoffenheim,FC Bayern München,4,1,de.1,FALSE
2020-09-27,SC Freiburg,VfL Wolfsburg,1,1,de.1,FALSE
2020-09-28,Fulham,Aston Villa,0,3,en.1,FALSE
2020-09-28,Liverpool,Arsenal,3,1,en.1,FALSE
2020-09-28,Bologna FC 1909,Parma Calcio 1913,4,1,it.1,FALSE
2020-09-29,Real Sociedad de Fútbol,Valencia CF,0,1,es.1,FALSE
2020-09-29,Getafe CF,Real Betis Balompié,3,0,es.1,FALSE
2020-09-30,Villarreal CF,Deportivo Alavés,3,1,es.1,FALSE
2020-09-30,SD Huesca,Club Atlético de Madrid,0,0,es.1,FALSE
2020-09-30,Real Madrid CF,Real Valladolid CF,1,0,es.1,FALSE
2020-09-30,SD Eibar,Elche CF,0,1,es.1,FALSE
2020-09-30,Udinese Calcio,Spezia Calcio,0,2,it.1,FALSE
2020-09-30,Benevento Calcio,FC Internazionale Milano,2,5,it.1,FALSE
2020-09-30,SS Lazio,Atalanta BC,1,4,it.1,FALSE
2020-10-01,Sevilla,Levante UD,1,0,es.1,FALSE
2020-10-01,Athletic Club,Cádiz CF,0,1,es.1,FALSE
2020-10-01,RC Celta de Vigo,FC Barcelona,0,3,es.1,FALSE
2020-10-02,ACF Fiorentina,Sampdoria,1,2,it.1,FALSE
2020-10-02,1. FC Union Berlin,1. FSV Mainz 05,4,0,de.1,FALSE
2020-10-03,Chelsea,Crystal Palace,4,0,en.1,FALSE
2020-10-03,Everton,Brighton & Hove Albion,4,2,en.1,FALSE
2020-10-03,Leeds United,Manchester City,1,1,en.1,FALSE
2020-10-03,Newcastle United,Burnley,3,1,en.1,FALSE
2020-10-03,Real Valladolid CF,SD Eibar,1,2,es.1,FALSE
2020-10-03,Club Atlético de Madrid,Villarreal CF,0,0,es.1,FALSE
2020-10-03,Real Sociedad de Fútbol,Getafe CF,3,0,es.1,FALSE
2020-10-03,Elche CF,SD Huesca,0,0,es.1,FALSE
2020-10-03,Valencia CF,Real Betis Balompié,0,2,es.1,FALSE
2020-10-03,US Sassuolo Calcio,FC Crotone,4,1,it.1,FALSE
2020-10-03,Udinese Calcio,AS Roma,0,1,it.1,FALSE
2020-10-03,1. FC Köln,Borussia Mönchengladbach,1,3,de.1,FALSE
2020-10-03,Eintracht Frankfurt,TSG 1899 Hoffenheim,2,1,de.1,FALSE
2020-10-03,Borussia Dortmund,SC Freiburg,4,0,de.1,FALSE
2020-10-03,VfB Stuttgart,Bayer 04 Leverkusen,1,1,de.1,FALSE
2020-10-03,SV Werder Bremen,Arminia Bielefeld,1,0,de.1,FALSE
2020-10-03,RB Leipzig,FC Schalke 04,4,0,de.1,FALSE
2020-10-04,Leicester City,West Ham United,0,3,en.1,FALSE
2020-10-04,Southampton,West Bromwich Albion,2,0,en.1,FALSE
2020-10-04,Wolverhampton Wanderers,Fulham,1,0,en.1,FALSE
2020-10-04,Arsenal,Sheffield United,2,1,en.1,FALSE
2020-10-04,Manchester United,Tottenham Hotspur,1,6,en.1,FALSE
2020-10-04,Aston Villa,Liverpool,7,2,en.1,FALSE
2020-10-04,CA Osasuna,RC Celta de Vigo,2,0,es.1,FALSE
2020-10-04,Deportivo Alavés,Athletic Club,1,0,es.1,FALSE
2020-10-04,Levante UD,Real Madrid CF,0,2,es.1,FALSE
2020-10-04,Cádiz CF,Granada CF,1,1,es.1,FALSE
2020-10-04,FC Barcelona,Sevilla,1,1,es.1,FALSE
2020-10-04,Atalanta BC,Cagliari Calcio,5,2,it.1,FALSE
2020-10-04,SS Lazio,FC Internazionale Milano,1,1,it.1,FALSE
2020-10-04,Parma Calcio 1913,Hellas Verona,1,0,it.1,FALSE
2020-10-04,Benevento Calcio,Bologna FC 1909,1,0,it.1,FALSE
2020-10-04,AC Milan,Spezia Calcio,3,0,it.1,FALSE
2020-10-04,VfL Wolfsburg,FC Augsburg,0,0,de.1,FALSE
2020-10-04,FC Bayern München,Hertha BSC,4,3,de.1,FALSE
2020-10-17,Everton,Liverpool,2,2,en.1,FALSE
2020-10-17,Chelsea,Southampton,3,3,en.1,FALSE
2020-10-17,Manchester City,Arsenal,1,0,en.1,FALSE
2020-10-17,Newcastle United,Manchester United,1,4,en.1,FALSE
2020-10-17,Granada CF,Sevilla,1,0,es.1,FALSE
2020-10-17,RC Celta de Vigo,Club Atlético de Madrid,0,2,es.1,FALSE
2020-10-17,Real Madrid CF,Cádiz CF,0,1,es.1,FALSE
2020-10-17,Getafe CF,FC Barcelona,1,0,es.1,FALSE
2020-10-17,SSC Napoli,Atalanta BC,4,1,it.1,FALSE
2020-10-17,FC Internazionale Milano,AC Milan,1,2,it.1,FALSE
2020-10-17,Sampdoria,SS Lazio,3,0,it.1,FALSE
2020-10-17,FC Crotone,Juventus,1,1,it.1,FALSE
2020-10-17,Hertha BSC,VfB Stuttgart,0,2,de.1,FALSE
2020-10-17,SC Freiburg,SV Werder Bremen,1,1,de.1,FALSE
2020-10-17,1. FSV Mainz 05,Bayer 04 Leverkusen,0,1,de.1,FALSE
2020-10-17,TSG 1899 Hoffenheim,Borussia Dortmund,0,1,de.1,FALSE
2020-10-17,FC Augsburg,RB Leipzig,0,2,de.1,FALSE
2020-10-17,Arminia Bielefeld,FC Bayern München,1,4,de.1,FALSE
2020-10-17,Borussia Mönchengladbach,VfL Wolfsburg,1,1,de.1,FALSE
2020-10-18,Sheffield United,Fulham,1,1,en.1,FALSE
2020-10-18,Crystal Palace,Brighton & Hove Albion,1,1,en.1,FALSE
2020-10-18,Tottenham Hotspur,West Ham United,3,3,en.1,FALSE
2020-10-18,Leicester City,Aston Villa,0,1,en.1,FALSE
2020-10-18,SD Eibar,CA Osasuna,0,0,es.1,FALSE
2020-10-18,Athletic Club,Levante UD,2,0,es.1,FALSE
2020-10-18,Villarreal CF,Valencia CF,2,1,es.1,FALSE
2020-10-18,SD Huesca,Real Valladolid CF,2,2,es.1,FALSE
2020-10-18,Deportivo Alavés,Elche CF,0,2,es.1,FALSE
2020-10-18,Real Betis Balompié,Real Sociedad de Fútbol,0,3,es.1,FALSE
2020-10-18,Bologna FC 1909,US Sassuolo Calcio,3,4,it.1,FALSE
2020-10-18,Torino,Cagliari Calcio,2,3,it.1,FALSE
2020-10-18,Spezia Calcio,ACF Fiorentina,2,2,it.1,FALSE
2020-10-18,Udinese Calcio,Parma Calcio 1913,3,2,it.1,FALSE
2020-10-18,AS Roma,Benevento Calcio,5,2,it.1,FALSE
2020-10-18,1. FC Köln,Eintracht Frankfurt,1,1,de.1,FALSE
2020-10-18,FC Schalke 04,1. FC Union Berlin,1,1,de.1,FALSE
2020-10-19,West Bromwich Albion,Burnley,0,0,en.1,FALSE
2020-10-19,Leeds United,Wolverhampton Wanderers,0,1,en.1,FALSE
2020-10-19,Hellas Verona,Genoa CFC,0,0,it.1,FALSE
2020-10-23,Aston Villa,Leeds United,0,3,en.1,FALSE
2020-10-23,Elche CF,Valencia CF,2,1,es.1,FALSE
2020-10-23,US Sassuolo Calcio,Torino,3,3,it.1,FALSE
2020-10-23,VfB Stuttgart,1. FC Köln,1,1,de.1,FALSE
2020-10-24,West Ham United,Manchester City,1,1,en.1,FALSE
2020-10-24,Fulham,Crystal Palace,1,2,en.1,FALSE
2020-10-24,Manchester United,Chelsea,0,0,en.1,FALSE
2020-10-24,Liverpool,Sheffield United,2,1,en.1,FALSE
2020-10-24,FC Barcelona,Real Madrid CF,1,3,es.1,FALSE
2020-10-24,CA Osasuna,Athletic Club,1,0,es.1,FALSE
2020-10-24,Sevilla,SD Eibar,0,1,es.1,FALSE
2020-10-24,Club Atlético de Madrid,Real Betis Balompié,2,0,es.1,FALSE
2020-10-24,Atalanta BC,Sampdoria,1,3,it.1,FALSE
2020-10-24,Genoa CFC,FC Internazionale Milano,0,2,it.1,FALSE
2020-10-24,SS Lazio,Bologna FC 1909,2,1,it.1,FALSE
2020-10-24,FC Bayern München,Eintracht Frankfurt,5,0,de.1,FALSE
2020-10-24,1. FSV Mainz 05,Borussia Mönchengladbach,2,3,de.1,FALSE
2020-10-24,1. FC Union Berlin,SC Freiburg,1,1,de.1,FALSE
2020-10-24,RB Leipzig,Hertha BSC,2,1,de.1,FALSE
2020-10-24,Borussia Dortmund,FC Schalke 04,3,0,de.1,FALSE
2020-10-25,Southampton,Everton,2,0,en.1,FALSE
2020-10-25,Wolverhampton Wanderers,Newcastle United,1,1,en.1,FALSE
2020-10-25,Arsenal,Leicester City,0,1,en.1,FALSE
2020-10-25,Real Valladolid CF,Deportivo Alavés,0,2,es.1,FALSE
2020-10-25,Cádiz CF,Villarreal CF,0,0,es.1,FALSE
2020-10-25,Getafe CF,Granada CF,0,1,es.1,FALSE
2020-10-25,Real Sociedad de Fútbol,SD Huesca,4,1,es.1,FALSE
2020-10-25,Cagliari Calcio,FC Crotone,4,2,it.1,FALSE
2020-10-25,Parma Calcio 1913,Spezia Calcio,2,2,it.1,FALSE
2020-10-25,Benevento Calcio,SSC Napoli,1,2,it.1,FALSE
2020-10-25,ACF Fiorentina,Udinese Calcio,3,2,it.1,FALSE
2020-10-25,Juventus,Hellas Verona,1,1,it.1,FALSE
2020-10-25,VfL Wolfsburg,Arminia Bielefeld,2,1,de.1,FALSE
2020-10-25,SV Werder Bremen,TSG 1899 Hoffenheim,1,1,de.1,FALSE
2020-10-26,Brighton & Hove Albion,West Bromwich Albion,1,1,en.1,FALSE
2020-10-26,Burnley,Tottenham Hotspur,0,1,en.1,FALSE
2020-10-26,Levante UD,RC Celta de Vigo,1,1,es.1,FALSE
2020-10-26,AC Milan,AS Roma,3,3,it.1,FALSE
2020-10-26,Bayer 04 Leverkusen,FC Augsburg,3,1,de.1,FALSE
2020-10-30,Wolverhampton Wanderers,Crystal Palace,2,0,en.1,FALSE
2020-10-30,SD Eibar,Cádiz CF,0,2,es.1,FALSE
2020-10-30,FC Schalke 04,VfB Stuttgart,1,1,de.1,FALSE
2020-10-31,Sheffield United,Manchester City,0,1,en.1,FALSE
2020-10-31,Burnley,Chelsea,0,3,en.1,FALSE
2020-10-31,Liverpool,West Ham United,2,1,en.1,FALSE
2020-10-31,Real Madrid CF,SD Huesca,4,1,es.1,FALSE
2020-10-31,Athletic Club,Sevilla,2,1,es.1,FALSE
2020-10-31,CA Osasuna,Club Atlético de Madrid,1,3,es.1,FALSE
2020-10-31,Deportivo Alavés,FC Barcelona,1,1,es.1,FALSE
2020-10-31,FC Crotone,Atalanta BC,1,2,it.1,FALSE
2020-10-31,FC Internazionale Milano,Parma Calcio 1913,2,2,it.1,FALSE
2020-10-31,Bologna FC 1909,Cagliari Calcio,3,2,it.1,FALSE
2020-10-31,1. FC Köln,FC Bayern München,1,2,de.1,FALSE
2020-10-31,Eintracht Frankfurt,SV Werder Bremen,1,1,de.1,FALSE
2020-10-31,Arminia Bielefeld,Borussia Dortmund,0,2,de.1,FALSE
2020-10-31,FC Augsburg,1. FSV Mainz 05,3,1,de.1,FALSE
2020-10-31,Borussia Mönchengladbach,RB Leipzig,1,0,de.1,FALSE
2020-11-01,Aston Villa,Southampton,3,4,en.1,FALSE
2020-11-01,Newcastle United,Everton,2,1,en.1,FALSE
2020-11-01,Manchester United,Arsenal,0,1,en.1,FALSE
2020-11-01,Tottenham Hotspur,Brighton & Hove Albion,2,1,en.1,FALSE
2020-11-01,Real Betis Balompié,Elche CF,3,1,es.1,FALSE
2020-11-01,RC Celta de Vigo,Real Sociedad de Fútbol,1,4,es.1,FALSE
2020-11-01,Granada CF,Levante UD,1,1,es.1,FALSE
2020-11-01,Valencia CF,Getafe CF,2,2,es.1,FALSE
2020-11-01,Udinese Calcio,AC Milan,1,2,it.1,FALSE
2020-11-01,Torino,SS Lazio,3,4,it.1,FALSE
2020-11-01,Spezia Calcio,Juventus,1,4,it.1,FALSE
2020-11-01,SSC Napoli,US Sassuolo Calcio,0,2,it.1,FALSE
2020-11-01,AS Roma,ACF Fiorentina,2,0,it.1,FALSE
2020-11-01,Sampdoria,Genoa CFC,1,1,it.1,FALSE
2020-11-01,SC Freiburg,Bayer 04 Leverkusen,2,4,de.1,FALSE
2020-11-01,Hertha BSC,VfL Wolfsburg,1,1,de.1,FALSE
2020-11-02,Fulham,West Bromwich Albion,2,0,en.1,FALSE
2020-11-02,Leeds United,Leicester City,1,4,en.1,FALSE
2020-11-02,Villarreal CF,Real Valladolid CF,2,0,es.1,FALSE
2020-11-02,Hellas Verona,Benevento Calcio,3,1,it.1,FALSE
2020-11-02,TSG 1899 Hoffenheim,1. FC Union Berlin,1,3,de.1,FALSE
2020-11-04,Genoa CFC,Torino,1,2,it.1,FALSE
2020-11-06,Brighton & Hove Albion,Burnley,0,0,en.1,FALSE
2020-11-06,Southampton,Newcastle United,2,0,en.1,FALSE
2020-11-06,Elche CF,RC Celta de Vigo,1,1,es.1,FALSE
2020-11-06,US Sassuolo Calcio,Udinese Calcio,0,0,it.1,FALSE
2020-11-06,SV Werder Bremen,1. FC Köln,1,1,de.1,FALSE
2020-11-07,Everton,Manchester United,1,3,en.1,FALSE
2020-11-07,Crystal Palace,Leeds United,4,1,en.1,FALSE
2020-11-07,Chelsea,Sheffield United,4,1,en.1,FALSE
2020-11-07,West Ham United,Fulham,1,0,en.1,FALSE
2020-11-07,SD Huesca,SD Eibar,1,1,es.1,FALSE
2020-11-07,FC Barcelona,Real Betis Balompié,5,2,es.1,FALSE
2020-11-07,Sevilla,CA Osasuna,1,0,es.1,FALSE
2020-11-07,Club Atlético de Madrid,Cádiz CF,4,0,es.1,FALSE
2020-11-07,Cagliari Calcio,Sampdoria,2,0,it.1,FALSE
2020-11-07,Benevento Calcio,Spezia Calcio,0,3,it.1,FALSE
2020-11-07,Parma Calcio 1913,ACF Fiorentina,0,0,it.1,FALSE
2020-11-07,VfB Stuttgart,Eintracht Frankfurt,2,2,de.1,FALSE
2020-11-07,1. FSV Mainz 05,FC Schalke 04,2,2,de.1,FALSE
2020-11-07,FC Augsburg,Hertha BSC,0,3,de.1,FALSE
2020-11-07,1. FC Union Berlin,Arminia Bielefeld,5,0,de.1,FALSE
2020-11-07,RB Leipzig,SC Freiburg,3,0,de.1,FALSE
2020-11-07,Borussia Dortmund,FC Bayern München,2,3,de.1,FALSE
2020-11-08,West Bromwich Albion,Tottenham Hotspur,0,1,en.1,FALSE
2020-11-08,Leicester City,Wolverhampton Wanderers,1,0,en.1,FALSE
2020-11-08,Manchester City,Liverpool,1,1,en.1,FALSE
2020-11-08,Arsenal,Aston Villa,0,3,en.1,FALSE
2020-11-08,Getafe CF,Villarreal CF,1,3,es.1,FALSE
2020-11-08,Real Sociedad de Fútbol,Granada CF,2,0,es.1,FALSE
2020-11-08,Levante UD,Deportivo Alavés,1,1,es.1,FALSE
2020-11-08,Real Valladolid CF,Athletic Club,2,1,es.1,FALSE
2020-11-08,Valencia CF,Real Madrid CF,4,1,es.1,FALSE
2020-11-08,SS Lazio,Juventus,1,1,it.1,FALSE
2020-11-08,Atalanta BC,FC Internazionale Milano,1,1,it.1,FALSE
2020-11-08,Torino,FC Crotone,0,0,it.1,FALSE
2020-11-08,Genoa CFC,AS Roma,1,3,it.1,FALSE
2020-11-08,Bologna FC 1909,SSC Napoli,0,1,it.1,FALSE
2020-11-08,AC Milan,Hellas Verona,2,2,it.1,FALSE
2020-11-08,VfL Wolfsburg,TSG 1899 Hoffenheim,2,1,de.1,FALSE
2020-11-08,Bayer 04 Leverkusen,Borussia Mönchengladbach,4,3,de.1,FALSE
2020-11-20,CA Osasuna,SD Huesca,1,1,es.1,FALSE
2020-11-21,Newcastle United,Chelsea,0,2,en.1,FALSE
2020-11-21,Aston Villa,Brighton & Hove Albion,1,2,en.1,FALSE
2020-11-21,Tottenham Hotspur,Manchester City,2,0,en.1,FALSE
2020-11-21,Manchester United,West Bromwich Albion,1,0,en.1,FALSE
2020-11-21,Levante UD,Elche CF,1,1,es.1,FALSE
2020-11-21,Villarreal CF,Real Madrid CF,1,1,es.1,FALSE
2020-11-21,Sevilla,RC Celta de Vigo,4,2,es.1,FALSE
2020-11-21,Club Atlético de Madrid,FC Barcelona,1,0,es.1,FALSE
2020-11-21,FC Crotone,SS Lazio,0,2,it.1,FALSE
2020-11-21,Spezia Calcio,Atalanta BC,0,0,it.1,FALSE
2020-11-21,Juventus,Cagliari Calcio,2,0,it.1,FALSE
2020-11-21,FC Schalke 04,VfL Wolfsburg,0,2,de.1,FALSE
2020-11-21,Borussia Mönchengladbach,FC Augsburg,1,1,de.1,FALSE
2020-11-21,FC Bayern München,SV Werder Bremen,1,1,de.1,FALSE
2020-11-21,Arminia Bielefeld,Bayer 04 Leverkusen,1,2,de.1,FALSE
2020-11-21,TSG 1899 Hoffenheim,VfB Stuttgart,3,3,de.1,FALSE
2020-11-21,Eintracht Frankfurt,RB Leipzig,1,1,de.1,FALSE
2020-11-21,Hertha BSC,Borussia Dortmund,2,5,de.1,FALSE
2020-11-22,Fulham,Everton,2,3,en.1,FALSE
2020-11-22,Sheffield United,West Ham United,0,1,en.1,FALSE
2020-11-22,Leeds United,Arsenal,0,0,en.1,FALSE
2020-11-22,Liverpool,Leicester City,3,0,en.1,FALSE
2020-11-22,SD Eibar,Getafe CF,0,0,es.1,FALSE
2020-11-22,Cádiz CF,Real Sociedad de Fútbol,0,1,es.1,FALSE
2020-11-22,Granada CF,Real Valladolid CF,1,3,es.1,FALSE
2020-11-22,Deportivo Alavés,Valencia CF,2,2,es.1,FALSE
2020-11-22,ACF Fiorentina,Benevento Calcio,0,1,it.1,FALSE
2020-11-22,FC Internazionale Milano,Torino,4,2,it.1,FALSE
2020-11-22,AS Roma,Parma Calcio 1913,3,0,it.1,FALSE
2020-11-22,Sampdoria,Bologna FC 1909,1,2,it.1,FALSE
2020-11-22,Hellas Verona,US Sassuolo Calcio,0,2,it.1,FALSE
2020-11-22,Udinese Calcio,Genoa CFC,1,0,it.1,FALSE
2020-11-22,SSC Napoli,AC Milan,1,3,it.1,FALSE
2020-11-22,SC Freiburg,1. FSV Mainz 05,1,3,de.1,FALSE
2020-11-22,1. FC Köln,1. FC Union Berlin,1,2,de.1,FALSE
2020-11-23,Burnley,Crystal Palace,1,0,en.1,FALSE
2020-11-23,Wolverhampton Wanderers,Southampton,1,1,en.1,FALSE
2020-11-23,Athletic Club,Real Betis Balompié,4,0,es.1,FALSE
2020-11-27,Crystal Palace,Newcastle United,0,2,en.1,FALSE
2020-11-27,Real Valladolid CF,Levante UD,1,1,es.1,FALSE
2020-11-27,VfL Wolfsburg,SV Werder Bremen,5,3,de.1,FALSE
2020-11-28,Brighton & Hove Albion,Liverpool,1,1,en.1,FALSE
2020-11-28,Manchester City,Burnley,5,0,en.1,FALSE
2020-11-28,Everton,Leeds United,0,1,en.1,FALSE
2020-11-28,West Bromwich Albion,Sheffield United,1,0,en.1,FALSE
2020-11-28,Elche CF,Cádiz CF,1,1,es.1,FALSE
2020-11-28,Valencia CF,Club Atlético de Madrid,0,1,es.1,FALSE
2020-11-28,SD Huesca,Sevilla,0,1,es.1,FALSE
2020-11-28,Real Madrid CF,Deportivo Alavés,1,2,es.1,FALSE
2020-11-28,US Sassuolo Calcio,FC Internazionale Milano,0,3,it.1,FALSE
2020-11-28,Benevento Calcio,Juventus,1,1,it.1,FALSE
2020-11-28,Atalanta BC,Hellas Verona,0,2,it.1,FALSE
2020-11-28,Borussia Dortmund,1. FC Köln,1,2,de.1,FALSE
2020-11-28,VfB Stuttgart,FC Bayern München,1,3,de.1,FALSE
2020-11-28,FC Augsburg,SC Freiburg,1,1,de.1,FALSE
2020-11-28,1. FC Union Berlin,Eintracht Frankfurt,3,3,de.1,FALSE
2020-11-28,RB Leipzig,Arminia Bielefeld,2,1,de.1,FALSE
2020-11-28,Borussia Mönchengladbach,FC Schalke 04,4,1,de.1,FALSE
2020-11-29,Southampton,Manchester United,2,3,en.1,FALSE
2020-11-29,Chelsea,Tottenham Hotspur,0,0,en.1,FALSE
2020-11-29,Arsenal,Wolverhampton Wanderers,1,2,en.1,FALSE
2020-11-29,FC Barcelona,CA Osasuna,4,0,es.1,FALSE
2020-11-29,Getafe CF,Athletic Club,1,1,es.1,FALSE
2020-11-29,RC Celta de Vigo,Granada CF,3,1,es.1,FALSE
2020-11-29,Real Sociedad de Fútbol,Villarreal CF,1,1,es.1,FALSE
2020-11-29,SS Lazio,Udinese Calcio,1,3,it.1,FALSE
2020-11-29,AC Milan,ACF Fiorentina,2,0,it.1,FALSE
2020-11-29,Bologna FC 1909,FC Crotone,1,0,it.1,FALSE
2020-11-29,Cagliari Calcio,Spezia Calcio,2,2,it.1,FALSE
2020-11-29,SSC Napoli,AS Roma,4,0,it.1,FALSE
2020-11-29,Bayer 04 Leverkusen,Hertha BSC,0,0,de.1,FALSE
2020-11-29,1. FSV Mainz 05,TSG 1899 Hoffenheim,1,1,de.1,FALSE
2020-11-30,Leicester City,Fulham,1,2,en.1,FALSE
2020-11-30,West Ham United,Aston Villa,2,1,en.1,FALSE
2020-11-30,Real Betis Balompié,SD Eibar,0,2,es.1,FALSE
2020-11-30,Torino,Sampdoria,2,2,it.1,FALSE
2020-11-30,Genoa CFC,Parma Calcio 1913,1,2,it.1,FALSE
2020-12-04,Athletic Club,RC Celta de Vigo,0,2,es.1,FALSE
2020-12-04,Hertha BSC,1. FC Union Berlin,3,1,de.1,FALSE
2020-12-05,Burnley,Everton,1,1,en.1,FALSE
2020-12-05,Manchester City,Fulham,2,0,en.1,FALSE
2020-12-05,West Ham United,Manchester United,1,3,en.1,FALSE
2020-12-05,Chelsea,Leeds United,3,1,en.1,FALSE
2020-12-05,Levante UD,Getafe CF,3,0,es.1,FALSE
2020-12-05,Sevilla,Real Madrid CF,0,1,es.1,FALSE
2020-12-05,Club Atlético de Madrid,Real Valladolid CF,2,0,es.1,FALSE
2020-12-05,Cádiz CF,FC Barcelona,2,1,es.1,FALSE
2020-12-05,Spezia Calcio,SS Lazio,1,2,it.1,FALSE
2020-12-05,Juventus,Torino,2,1,it.1,FALSE
2020-12-05,FC Internazionale Milano,Bologna FC 1909,3,1,it.1,FALSE
2020-12-05,1. FC Köln,VfL Wolfsburg,2,2,de.1,FALSE
2020-12-05,Eintracht Frankfurt,Borussia Dortmund,1,1,de.1,FALSE
2020-12-05,Arminia Bielefeld,1. FSV Mainz 05,2,1,de.1,FALSE
2020-12-05,SC Freiburg,Borussia Mönchengladbach,2,2,de.1,FALSE
2020-12-05,FC Bayern München,RB Leipzig,3,3,de.1,FALSE
2020-12-06,West Bromwich Albion,Crystal Palace,1,5,en.1,FALSE
2020-12-06,Sheffield United,Leicester City,1,2,en.1,FALSE
2020-12-06,Tottenham Hotspur,Arsenal,2,0,en.1,FALSE
2020-12-06,Liverpool,Wolverhampton Wanderers,4,0,en.1,FALSE
2020-12-06,Granada CF,SD Huesca,3,3,es.1,FALSE
2020-12-06,CA Osasuna,Real Betis Balompié,0,2,es.1,FALSE
2020-12-06,Villarreal CF,Elche CF,0,0,es.1,FALSE
2020-12-06,Deportivo Alavés,Real Sociedad de Fútbol,0,0,es.1,FALSE
2020-12-06,Hellas Verona,Cagliari Calcio,1,1,it.1,FALSE
2020-12-06,AS Roma,US Sassuolo Calcio,0,0,it.1,FALSE
2020-12-06,Parma Calcio 1913,Benevento Calcio,0,0,it.1,FALSE
2020-12-06,FC Crotone,SSC Napoli,0,4,it.1,FALSE
2020-12-06,Sampdoria,AC Milan,1,2,it.1,FALSE
2020-12-06,SV Werder Bremen,VfB Stuttgart,1,2,de.1,FALSE
2020-12-06,FC Schalke 04,Bayer 04 Leverkusen,0,3,de.1,FALSE
2020-12-07,Brighton & Hove Albion,Southampton,1,2,en.1,FALSE
2020-12-07,SD Eibar,Valencia CF,0,0,es.1,FALSE
2020-12-07,ACF Fiorentina,Genoa CFC,1,1,it.1,FALSE
2020-12-07,TSG 1899 Hoffenheim,FC Augsburg,3,1,de.1,FALSE
2020-12-11,Leeds United,West Ham United,1,2,en.1,FALSE
2020-12-11,Real Valladolid CF,CA Osasuna,3,2,es.1,FALSE
2020-12-11,US Sassuolo Calcio,Benevento Calcio,1,0,it.1,FALSE
2020-12-11,VfL Wolfsburg,Eintracht Frankfurt,2,1,de.1,FALSE
2020-12-12,Wolverhampton Wanderers,Aston Villa,0,1,en.1,FALSE
2020-12-12,Newcastle United,West Bromwich Albion,2,1,en.1,FALSE
2020-12-12,Manchester United,Manchester City,0,0,en.1,FALSE
2020-12-12,Everton,Chelsea,1,0,en.1,FALSE
2020-12-12,Valencia CF,Athletic Club,2,2,es.1,FALSE
2020-12-12,Getafe CF,Sevilla,0,1,es.1,FALSE
2020-12-12,SD Huesca,Deportivo Alavés,1,0,es.1,FALSE
2020-12-12,Real Madrid CF,Club Atlético de Madrid,2,0,es.1,FALSE
2020-12-12,FC Crotone,Spezia Calcio,4,1,it.1,FALSE
2020-12-12,Torino,Udinese Calcio,2,3,it.1,FALSE
2020-12-12,SS Lazio,Hellas Verona,1,2,it.1,FALSE
2020-12-12,Borussia Dortmund,VfB Stuttgart,1,5,de.1,FALSE
2020-12-12,Borussia Mönchengladbach,Hertha BSC,1,1,de.1,FALSE
2020-12-12,SC Freiburg,Arminia Bielefeld,2,0,de.1,FALSE
2020-12-12,1. FSV Mainz 05,1. FC Köln,0,1,de.1,FALSE
2020-12-12,RB Leipzig,SV Werder Bremen,2,0,de.1,FALSE
2020-12-12,1. FC Union Berlin,FC Bayern München,1,1,de.1,FALSE
2020-12-13,Southampton,Sheffield United,3,0,en.1,FALSE
2020-12-13,Crystal Palace,Tottenham Hotspur,1,1,en.1,FALSE
2020-12-13,Fulham,Liverpool,1,1,en.1,FALSE
2020-12-13,Leicester City,Brighton & Hove Albion,3,0,en.1,FALSE
2020-12-13,Arsenal,Burnley,0,1,en.1,FALSE
2020-12-13,Real Sociedad de Fútbol,SD Eibar,1,1,es.1,FALSE
2020-12-13,Real Betis Balompié,Villarreal CF,1,1,es.1,FALSE
2020-12-13,Elche CF,Granada CF,0,1,es.1,FALSE
2020-12-13,FC Barcelona,Levante UD,1,0,es.1,FALSE
2020-12-13,Cagliari Calcio,FC Internazionale Milano,1,3,it.1,FALSE
2020-12-13,SSC Napoli,Sampdoria,2,1,it.1,FALSE
2020-12-13,Atalanta BC,ACF Fiorentina,3,0,it.1,FALSE
2020-12-13,Bologna FC 1909,AS Roma,1,5,it.1,FALSE
2020-12-13,Genoa CFC,Juventus,1,3,it.1,FALSE
2020-12-13,AC Milan,Parma Calcio 1913,2,2,it.1,FALSE
2020-12-13,FC Augsburg,FC Schalke 04,2,2,de.1,FALSE
2020-12-13,Bayer 04 Leverkusen,TSG 1899 Hoffenheim,4,1,de.1,FALSE
2020-12-14,RC Celta de Vigo,Cádiz CF,4,0,es.1,FALSE
2020-12-15,Wolverhampton Wanderers,Chelsea,2,1,en.1,FALSE
2020-12-15,Manchester City,West Bromwich Albion,1,1,en.1,FALSE
2020-12-15,Real Madrid CF,Athletic Club,3,1,es.1,FALSE
2020-12-15,Udinese Calcio,FC Crotone,0,0,it.1,FALSE
2020-12-15,Benevento Calcio,SS Lazio,1,1,it.1,FALSE
2020-12-15,Eintracht Frankfurt,Borussia Mönchengladbach,3,3,de.1,FALSE
2020-12-15,SV Werder Bremen,Borussia Dortmund,1,2,de.1,FALSE
2020-12-15,Hertha BSC,1. FSV Mainz 05,0,0,de.1,FALSE
2020-12-15,VfB Stuttgart,1. FC Union Berlin,2,2,de.1,FALSE
2020-12-16,Arsenal,Southampton,1,1,en.1,FALSE
2020-12-16,Leicester City,Everton,0,2,en.1,FALSE
2020-12-16,Leeds United,Newcastle United,5,2,en.1,FALSE
2020-12-16,Fulham,Brighton & Hove Albion,0,0,en.1,FALSE
2020-12-16,West Ham United,Crystal Palace,1,1,en.1,FALSE
2020-12-16,Liverpool,Tottenham Hotspur,2,1,en.1,FALSE
2020-12-16,FC Barcelona,Real Sociedad de Fútbol,2,1,es.1,FALSE
2020-12-16,Juventus,Atalanta BC,1,1,it.1,FALSE
2020-12-16,FC Internazionale Milano,SSC Napoli,1,0,it.1,FALSE
2020-12-16,ACF Fiorentina,US Sassuolo Calcio,1,1,it.1,FALSE
2020-12-16,Parma Calcio 1913,Cagliari Calcio,0,0,it.1,FALSE
2020-12-16,Genoa CFC,AC Milan,2,2,it.1,FALSE
2020-12-16,Spezia Calcio,Bologna FC 1909,2,2,it.1,FALSE
2020-12-16,Hellas Verona,Sampdoria,1,2,it.1,FALSE
2020-12-16,FC Schalke 04,SC Freiburg,0,2,de.1,FALSE
2020-12-16,FC Bayern München,VfL Wolfsburg,2,1,de.1,FALSE
2020-12-16,Arminia Bielefeld,FC Augsburg,0,1,de.1,FALSE
2020-12-16,TSG 1899 Hoffenheim,RB Leipzig,0,1,de.1,FALSE
2020-12-16,1. FC Köln,Bayer 04 Leverkusen,0,4,de.1,FALSE
2020-12-17,Aston Villa,Burnley,0,0,en.1,FALSE
2020-12-17,Sheffield United,Manchester United,2,3,en.1,FALSE
2020-12-17,AS Roma,Torino,3,1,it.1,FALSE
2020-12-18,Athletic Club,SD Huesca,2,0,es.1,FALSE
2020-12-18,1. FC Union Berlin,Borussia Dortmund,2,1,de.1,FALSE
2020-12-19,Crystal Palace,Liverpool,0,7,en.1,FALSE
2020-12-19,Southampton,Manchester City,0,1,en.1,FALSE
2020-12-19,Everton,Arsenal,2,1,en.1,FALSE
2020-12-19,Newcastle United,Fulham,1,1,en.1,FALSE
2020-12-19,Club Atlético de Madrid,Elche CF,3,1,es.1,FALSE
2020-12-19,FC Barcelona,Valencia CF,2,2,es.1,FALSE
2020-12-19,Levante UD,Real Sociedad de Fútbol,2,1,es.1,FALSE
2020-12-19,CA Osasuna,Villarreal CF,1,3,es.1,FALSE
2020-12-19,Sevilla,Real Valladolid CF,1,1,es.1,FALSE
2020-12-19,ACF Fiorentina,Hellas Verona,1,1,it.1,FALSE
2020-12-19,Sampdoria,FC Crotone,3,1,it.1,FALSE
2020-12-19,Parma Calcio 1913,Juventus,0,4,it.1,FALSE
2020-12-19,FC Schalke 04,Arminia Bielefeld,0,1,de.1,FALSE
2020-12-19,Borussia Mönchengladbach,TSG 1899 Hoffenheim,1,2,de.1,FALSE
2020-12-19,1. FSV Mainz 05,SV Werder Bremen,0,1,de.1,FALSE
2020-12-19,FC Augsburg,Eintracht Frankfurt,0,2,de.1,FALSE
2020-12-19,RB Leipzig,1. FC Köln,0,0,de.1,FALSE
2020-12-19,Bayer 04 Leverkusen,FC Bayern München,1,2,de.1,FALSE
2020-12-20,Brighton & Hove Albion,Sheffield United,1,1,en.1,FALSE
2020-12-20,Tottenham Hotspur,Leicester City,0,2,en.1,FALSE
2020-12-20,Manchester United,Leeds United,6,2,en.1,FALSE
2020-12-20,West Bromwich Albion,Aston Villa,0,3,en.1,FALSE
2020-12-20,RC Celta de Vigo,Deportivo Alavés,2,0,es.1,FALSE
2020-12-20,Granada CF,Real Betis Balompié,2,0,es.1,FALSE
2020-12-20,Cádiz CF,Getafe CF,0,2,es.1,FALSE
2020-12-20,SD Eibar,Real Madrid CF,1,3,es.1,FALSE
2020-12-20,Torino,Bologna FC 1909,1,1,it.1,FALSE
2020-12-20,FC Internazionale Milano,Spezia Calcio,2,1,it.1,FALSE
2020-12-20,Cagliari Calcio,Udinese Calcio,1,1,it.1,FALSE
2020-12-20,US Sassuolo Calcio,AC Milan,1,2,it.1,FALSE
2020-12-20,Benevento Calcio,Genoa CFC,2,0,it.1,FALSE
2020-12-20,Atalanta BC,AS Roma,4,1,it.1,FALSE
2020-12-20,SS Lazio,SSC Napoli,2,0,it.1,FALSE
2020-12-20,SC Freiburg,Hertha BSC,4,1,de.1,FALSE
2020-12-20,VfL Wolfsburg,VfB Stuttgart,1,0,de.1,FALSE
2020-12-21,Burnley,Wolverhampton Wanderers,2,1,en.1,FALSE
2020-12-21,Chelsea,West Ham United,3,0,en.1,FALSE
2020-12-22,Valencia CF,Sevilla,0,1,es.1,FALSE
2020-12-22,Elche CF,CA Osasuna,2,2,es.1,FALSE
2020-12-22,Real Sociedad de Fútbol,Club Atlético de Madrid,0,2,es.1,FALSE
2020-12-22,SD Huesca,Levante UD,1,1,es.1,FALSE
2020-12-22,Real Valladolid CF,FC Barcelona,0,3,es.1,FALSE
2020-12-22,Villarreal CF,Athletic Club,1,1,es.1,FALSE
2020-12-22,FC Crotone,Parma Calcio 1913,2,1,it.1,FALSE
2020-12-22,Juventus,ACF Fiorentina,0,3,it.1,FALSE
2020-12-23,Getafe CF,RC Celta de Vigo,1,1,es.1,FALSE
2020-12-23,Real Madrid CF,Granada CF,2,0,es.1,FALSE
2020-12-23,Real Betis Balompié,Cádiz CF,1,0,es.1,FALSE
2020-12-23,Deportivo Alavés,SD Eibar,2,1,es.1,FALSE
2020-12-23,Hellas Verona,FC Internazionale Milano,1,2,it.1,FALSE
2020-12-23,SSC Napoli,Torino,1,1,it.1,FALSE
2020-12-23,AS Roma,Cagliari Calcio,3,2,it.1,FALSE
2020-12-23,AC Milan,SS Lazio,3,2,it.1,FALSE
2020-12-23,Udinese Calcio,Benevento Calcio,0,2,it.1,FALSE
2020-12-23,Sampdoria,US Sassuolo Calcio,2,3,it.1,FALSE
2020-12-23,Bologna FC 1909,Atalanta BC,2,2,it.1,FALSE
2020-12-23,Spezia Calcio,Genoa CFC,1,2,it.1,FALSE
2020-12-26,Leicester City,Manchester United,2,2,en.1,FALSE
2020-12-26,Fulham,Southampton,0,0,en.1,FALSE
2020-12-26,Aston Villa,Crystal Palace,3,0,en.1,FALSE
2020-12-26,Arsenal,Chelsea,3,1,en.1,FALSE
2020-12-26,Manchester City,Newcastle United,2,0,en.1,FALSE
2020-12-26,Sheffield United,Everton,0,1,en.1,FALSE
2020-12-27,Leeds United,Burnley,1,0,en.1,FALSE
2020-12-27,West Ham United,Brighton & Hove Albion,2,2,en.1,FALSE
2020-12-27,Liverpool,West Bromwich Albion,1,1,en.1,FALSE
2020-12-27,Wolverhampton Wanderers,Tottenham Hotspur,1,1,en.1,FALSE
2020-12-28,Crystal Palace,Leicester City,1,1,en.1,FALSE
2020-12-28,Chelsea,Aston Villa,1,1,en.1,FALSE
2020-12-29,West Bromwich Albion,Leeds United,0,5,en.1,FALSE
2020-12-29,Burnley,Sheffield United,1,0,en.1,FALSE
2020-12-29,Southampton,West Ham United,0,0,en.1,FALSE
2020-12-29,Brighton & Hove Albion,Arsenal,0,1,en.1,FALSE
2020-12-29,Manchester United,Wolverhampton Wanderers,1,0,en.1,FALSE
2020-12-29,Sevilla,Villarreal CF,2,0,es.1,FALSE
2020-12-29,FC Barcelona,SD Eibar,1,1,es.1,FALSE
2020-12-29,Cádiz CF,Real Valladolid CF,0,0,es.1,FALSE
2020-12-29,Levante UD,Real Betis Balompié,4,3,es.1,FALSE
2020-12-30,Newcastle United,Liverpool,0,0,en.1,FALSE
2020-12-30,Granada CF,Valencia CF,2,1,es.1,FALSE
2020-12-30,RC Celta de Vigo,SD Huesca,2,1,es.1,FALSE
2020-12-30,Club Atlético de Madrid,Getafe CF,1,0,es.1,FALSE
2020-12-30,Elche CF,Real Madrid CF,1,1,es.1,FALSE
2020-12-31,Athletic Club,Real Sociedad de Fútbol,0,1,es.1,FALSE
2020-12-31,CA Osasuna,Deportivo Alavés,1,1,es.1,FALSE
2021-01-01,Everton,West Ham United,0,1,en.1,FALSE
2021-01-01,Manchester United,Aston Villa,2,1,en.1,FALSE
2021-01-02,Tottenham Hotspur,Leeds United,3,0,en.1,FALSE
2021-01-02,Crystal Palace,Sheffield United,2,0,en.1,FALSE
2021-01-02,Brighton & Hove Albion,Wolverhampton Wanderers,3,3,en.1,FALSE
2021-01-02,West Bromwich Albion,Arsenal,0,4,en.1,FALSE
2021-01-02,Villarreal CF,Levante UD,2,1,es.1,FALSE
2021-01-02,Real Betis Balompié,Sevilla,1,1,es.1,FALSE
2021-01-02,Getafe CF,Real Valladolid CF,0,1,es.1,FALSE
2021-01-02,Real Madrid CF,RC Celta de Vigo,2,0,es.1,FALSE
2021-01-02,1. FC Köln,FC Augsburg,0,1,de.1,FALSE
2021-01-02,Eintracht Frankfurt,Bayer 04 Leverkusen,2,1,de.1,FALSE
2021-01-02,SV Werder Bremen,1. FC Union Berlin,0,2,de.1,FALSE
2021-01-02,Arminia Bielefeld,Borussia Mönchengladbach,0,1,de.1,FALSE
2021-01-02,TSG 1899 Hoffenheim,SC Freiburg,1,3,de.1,FALSE
2021-01-02,Hertha BSC,FC Schalke 04,3,0,de.1,FALSE
2021-01-02,VfB Stuttgart,RB Leipzig,0,1,de.1,FALSE
2021-01-03,Newcastle United,Leicester City,1,2,en.1,FALSE
2021-01-03,Chelsea,Manchester City,1,3,en.1,FALSE
2021-01-03,Athletic Club,Elche CF,1,0,es.1,FALSE
2021-01-03,Deportivo Alavés,Club Atlético de Madrid,1,2,es.1,FALSE
2021-01-03,Real Sociedad de Fútbol,CA Osasuna,1,1,es.1,FALSE
2021-01-03,SD Eibar,Granada CF,2,0,es.1,FALSE
2021-01-03,SD Huesca,FC Barcelona,0,1,es.1,FALSE
2021-01-03,FC Internazionale Milano,FC Crotone,6,2,it.1,FALSE
2021-01-03,ACF Fiorentina,Bologna FC 1909,0,0,it.1,FALSE
2021-01-03,AS Roma,Sampdoria,1,0,it.1,FALSE
2021-01-03,Parma Calcio 1913,Torino,0,3,it.1,FALSE
2021-01-03,Atalanta BC,US Sassuolo Calcio,5,1,it.1,FALSE
2021-01-03,Cagliari Calcio,SSC Napoli,1,4,it.1,FALSE
2021-01-03,Genoa CFC,SS Lazio,1,1,it.1,FALSE
2021-01-03,Spezia Calcio,Hellas Verona,0,1,it.1,FALSE
2021-01-03,Benevento Calcio,AC Milan,0,2,it.1,FALSE
2021-01-03,Juventus,Udinese Calcio,4,1,it.1,FALSE
2021-01-03,Borussia Dortmund,VfL Wolfsburg,2,0,de.1,FALSE
2021-01-03,FC Bayern München,1. FSV Mainz 05,5,2,de.1,FALSE
2021-01-04,Southampton,Liverpool,1,0,en.1,FALSE
2021-01-04,Valencia CF,Cádiz CF,1,1,es.1,FALSE
2021-01-06,Athletic Club,FC Barcelona,2,3,es.1,FALSE
2021-01-06,Cagliari Calcio,Benevento Calcio,1,2,it.1,FALSE
2021-01-06,SS Lazio,ACF Fiorentina,2,1,it.1,FALSE
2021-01-06,Sampdoria,FC Internazionale Milano,2,1,it.1,FALSE
2021-01-06,Torino,Hellas Verona,1,1,it.1,FALSE
2021-01-06,Bologna FC 1909,Udinese Calcio,2,2,it.1,FALSE
2021-01-06,US Sassuolo Calcio,Genoa CFC,2,1,it.1,FALSE
2021-01-06,FC Crotone,AS Roma,1,3,it.1,FALSE
2021-01-06,Atalanta BC,Parma Calcio 1913,3,0,it.1,FALSE
2021-01-06,SSC Napoli,Spezia Calcio,1,2,it.1,FALSE
2021-01-06,AC Milan,Juventus,1,3,it.1,FALSE
2021-01-08,RC Celta de Vigo,Villarreal CF,0,4,es.1,FALSE
2021-01-08,Borussia Mönchengladbach,FC Bayern München,3,2,de.1,FALSE
2021-01-09,Sevilla,Real Sociedad de Fútbol,3,2,es.1,FALSE
2021-01-09,Granada CF,FC Barcelona,0,4,es.1,FALSE
2021-01-09,CA Osasuna,Real Madrid CF,0,0,es.1,FALSE
2021-01-09,Benevento Calcio,Atalanta BC,1,4,it.1,FALSE
2021-01-09,Genoa CFC,Bologna FC 1909,2,0,it.1,FALSE
2021-01-09,AC Milan,Torino,2,0,it.1,FALSE
2021-01-09,FC Schalke 04,TSG 1899 Hoffenheim,4,0,de.1,FALSE
2021-01-09,Bayer 04 Leverkusen,SV Werder Bremen,1,1,de.1,FALSE
2021-01-09,SC Freiburg,1. FC Köln,5,0,de.1,FALSE
2021-01-09,1. FSV Mainz 05,Eintracht Frankfurt,0,2,de.1,FALSE
2021-01-09,1. FC Union Berlin,VfL Wolfsburg,2,2,de.1,FALSE
2021-01-09,RB Leipzig,Borussia Dortmund,1,3,de.1,FALSE
2021-01-10,Levante UD,SD Eibar,2,1,es.1,FALSE
2021-01-10,Cádiz CF,Deportivo Alavés,3,1,es.1,FALSE
2021-01-10,Real Valladolid CF,Valencia CF,0,1,es.1,FALSE
2021-01-10,AS Roma,FC Internazionale Milano,2,2,it.1,FALSE
2021-01-10,Parma Calcio 1913,SS Lazio,0,2,it.1,FALSE
2021-01-10,Udinese Calcio,SSC Napoli,1,2,it.1,FALSE
2021-01-10,Hellas Verona,FC Crotone,2,1,it.1,FALSE
2021-01-10,ACF Fiorentina,Cagliari Calcio,1,0,it.1,FALSE
2021-01-10,Juventus,US Sassuolo Calcio,3,1,it.1,FALSE
2021-01-10,FC Augsburg,VfB Stuttgart,1,4,de.1,FALSE
2021-01-10,Arminia Bielefeld,Hertha BSC,1,0,de.1,FALSE
2021-01-11,Elche CF,Getafe CF,1,3,es.1,FALSE
2021-01-11,SD Huesca,Real Betis Balompié,0,2,es.1,FALSE
2021-01-11,Spezia Calcio,Sampdoria,2,1,it.1,FALSE
2021-01-12,Sheffield United,Newcastle United,1,0,en.1,FALSE
2021-01-12,Wolverhampton Wanderers,Everton,1,2,en.1,FALSE
2021-01-12,Burnley,Manchester United,0,1,en.1,FALSE
2021-01-12,Granada CF,CA Osasuna,2,0,es.1,FALSE
2021-01-12,Club Atlético de Madrid,Sevilla,2,0,es.1,FALSE
2021-01-13,Manchester City,Brighton & Hove Albion,1,0,en.1,FALSE
2021-01-13,Tottenham Hotspur,Fulham,1,1,en.1,FALSE
2021-01-14,Arsenal,Crystal Palace,0,0,en.1,FALSE
2021-01-15,SS Lazio,AS Roma,3,0,it.1,FALSE
2021-01-15,1. FC Union Berlin,Bayer 04 Leverkusen,1,0,de.1,FALSE
2021-01-16,Wolverhampton Wanderers,West Bromwich Albion,2,3,en.1,FALSE
2021-01-16,West Ham United,Burnley,1,0,en.1,FALSE
2021-01-16,Leeds United,Brighton & Hove Albion,0,1,en.1,FALSE
2021-01-16,Fulham,Chelsea,0,1,en.1,FALSE
2021-01-16,Leicester City,Southampton,2,0,en.1,FALSE
2021-01-16,Bologna FC 1909,Hellas Verona,1,0,it.1,FALSE
2021-01-16,Torino,Spezia Calcio,0,0,it.1,FALSE
2021-01-16,Sampdoria,Udinese Calcio,2,1,it.1,FALSE
2021-01-16,1. FC Köln,Hertha BSC,0,0,de.1,FALSE
2021-01-16,Borussia Dortmund,1. FSV Mainz 05,1,1,de.1,FALSE
2021-01-16,SV Werder Bremen,FC Augsburg,2,0,de.1,FALSE
2021-01-16,VfL Wolfsburg,RB Leipzig,2,2,de.1,FALSE
2021-01-16,TSG 1899 Hoffenheim,Arminia Bielefeld,0,0,de.1,FALSE
2021-01-16,VfB Stuttgart,Borussia Mönchengladbach,2,2,de.1,FALSE
2021-01-17,Sheffield United,Tottenham Hotspur,1,3,en.1,FALSE
2021-01-17,Liverpool,Manchester United,0,0,en.1,FALSE
2021-01-17,Manchester City,Crystal Palace,4,0,en.1,FALSE
2021-01-17,SSC Napoli,ACF Fiorentina,6,0,it.1,FALSE
2021-01-17,US Sassuolo Calcio,Parma Calcio 1913,1,1,it.1,FALSE
2021-01-17,FC Crotone,Benevento Calcio,4,1,it.1,FALSE
2021-01-17,Atalanta BC,Genoa CFC,0,0,it.1,FALSE
2021-01-17,FC Internazionale Milano,Juventus,2,0,it.1,FALSE
2021-01-17,FC Bayern München,SC Freiburg,2,1,de.1,FALSE
2021-01-17,Eintracht Frankfurt,FC Schalke 04,3,1,de.1,FALSE
2021-01-18,Arsenal,Newcastle United,3,0,en.1,FALSE
2021-01-18,Cagliari Calcio,AC Milan,0,2,it.1,FALSE
2021-01-19,West Ham United,West Bromwich Albion,2,1,en.1,FALSE
2021-01-19,Leicester City,Chelsea,2,0,en.1,FALSE
2021-01-19,Real Valladolid CF,Elche CF,2,2,es.1,FALSE
2021-01-19,Cádiz CF,Levante UD,2,2,es.1,FALSE
2021-01-19,Deportivo Alavés,Sevilla,1,2,es.1,FALSE
2021-01-19,Borussia Mönchengladbach,SV Werder Bremen,1,0,de.1,FALSE
2021-01-19,Hertha BSC,TSG 1899 Hoffenheim,0,3,de.1,FALSE
2021-01-19,Bayer 04 Leverkusen,Borussia Dortmund,2,1,de.1,FALSE
2021-01-19,1. FSV Mainz 05,VfL Wolfsburg,0,2,de.1,FALSE
2021-01-20,Manchester City,Aston Villa,2,0,en.1,FALSE
2021-01-20,Fulham,Manchester United,1,2,en.1,FALSE
2021-01-20,Getafe CF,SD Huesca,1,0,es.1,FALSE
2021-01-20,Real Betis Balompié,RC Celta de Vigo,2,1,es.1,FALSE
2021-01-20,Villarreal CF,Granada CF,2,2,es.1,FALSE
2021-01-20,Udinese Calcio,Atalanta BC,1,1,it.1,FALSE
2021-01-20,FC Schalke 04,1. FC Köln,1,2,de.1,FALSE
2021-01-20,Arminia Bielefeld,VfB Stuttgart,3,0,de.1,FALSE
2021-01-20,SC Freiburg,Eintracht Frankfurt,2,2,de.1,FALSE
2021-01-20,FC Augsburg,FC Bayern München,0,1,de.1,FALSE
2021-01-20,RB Leipzig,1. FC Union Berlin,1,0,de.1,FALSE
2021-01-21,Liverpool,Burnley,0,1,en.1,FALSE
2021-01-21,Valencia CF,CA Osasuna,1,1,es.1,FALSE
2021-01-21,SD Eibar,Club Atlético de Madrid,1,2,es.1,FALSE
2021-01-22,Levante UD,Real Valladolid CF,2,2,es.1,FALSE
2021-01-22,Benevento Calcio,Torino,2,2,it.1,FALSE
2021-01-22,Borussia Mönchengladbach,Borussia Dortmund,4,2,de.1,FALSE
2021-01-23,Aston Villa,Newcastle United,2,0,en.1,FALSE
2021-01-23,SD Huesca,Villarreal CF,0,0,es.1,FALSE
2021-01-23,Sevilla,Cádiz CF,3,0,es.1,FALSE
2021-01-23,Real Sociedad de Fútbol,Real Betis Balompié,2,2,es.1,FALSE
2021-01-23,Deportivo Alavés,Real Madrid CF,1,4,es.1,FALSE
2021-01-23,AS Roma,Spezia Calcio,4,3,it.1,FALSE
2021-01-23,AC Milan,Atalanta BC,0,3,it.1,FALSE
2021-01-23,Udinese Calcio,FC Internazionale Milano,0,0,it.1,FALSE
2021-01-23,ACF Fiorentina,FC Crotone,2,1,it.1,FALSE
2021-01-23,Arminia Bielefeld,Eintracht Frankfurt,1,5,de.1,FALSE
2021-01-23,Bayer 04 Leverkusen,VfL Wolfsburg,0,1,de.1,FALSE
2021-01-23,SC Freiburg,VfB Stuttgart,2,1,de.1,FALSE
2021-01-23,1. FSV Mainz 05,RB Leipzig,3,2,de.1,FALSE
2021-01-23,FC Augsburg,1. FC Union Berlin,2,1,de.1,FALSE
2021-01-23,Hertha BSC,SV Werder Bremen,1,4,de.1,FALSE
2021-01-24,CA Osasuna,Granada CF,3,1,es.1,FALSE
2021-01-24,Elche CF,FC Barcelona,0,2,es.1,FALSE
2021-01-24,RC Celta de Vigo,SD Eibar,1,1,es.1,FALSE
2021-01-24,Club Atlético de Madrid,Valencia CF,3,1,es.1,FALSE
2021-01-24,Juventus,Bologna FC 1909,2,0,it.1,FALSE
2021-01-24,Genoa CFC,Cagliari Calcio,1,0,it.1,FALSE
2021-01-24,Hellas Verona,SSC Napoli,3,1,it.1,FALSE
2021-01-24,SS Lazio,US Sassuolo Calcio,2,1,it.1,FALSE
2021-01-24,Parma Calcio 1913,Sampdoria,0,2,it.1,FALSE
2021-01-24,FC Schalke 04,FC Bayern München,0,4,de.1,FALSE
2021-01-24,TSG 1899 Hoffenheim,1. FC Köln,3,0,de.1,FALSE
2021-01-25,Athletic Club,Getafe CF,5,1,es.1,FALSE
2021-01-26,Newcastle United,Leeds United,1,2,en.1,FALSE
2021-01-26,Crystal Palace,West Ham United,2,3,en.1,FALSE
2021-01-26,West Bromwich Albion,Manchester City,0,5,en.1,FALSE
2021-01-26,Southampton,Arsenal,1,3,en.1,FALSE
2021-01-27,Burnley,Aston Villa,3,2,en.1,FALSE
2021-01-27,Chelsea,Wolverhampton Wanderers,0,0,en.1,FALSE
2021-01-27,Brighton & Hove Albion,Fulham,0,0,en.1,FALSE
2021-01-27,Everton,Leicester City,1,1,en.1,FALSE
2021-01-27,Manchester United,Sheffield United,1,2,en.1,FALSE
2021-01-28,Tottenham Hotspur,Liverpool,1,3,en.1,FALSE
2021-01-29,Real Valladolid CF,SD Huesca,1,3,es.1,FALSE
2021-01-29,Torino,ACF Fiorentina,1,1,it.1,FALSE
2021-01-29,VfB Stuttgart,1. FSV Mainz 05,2,0,de.1,FALSE
2021-01-30,Everton,Newcastle United,0,2,en.1,FALSE
2021-01-30,Manchester City,Sheffield United,1,0,en.1,FALSE
2021-01-30,West Bromwich Albion,Fulham,2,2,en.1,FALSE
2021-01-30,Crystal Palace,Wolverhampton Wanderers,1,0,en.1,FALSE
2021-01-30,Arsenal,Manchester United,0,0,en.1,FALSE
2021-01-30,Southampton,Aston Villa,0,1,en.1,FALSE
2021-01-30,SD Eibar,Sevilla,0,2,es.1,FALSE
2021-01-30,Real Madrid CF,Levante UD,1,2,es.1,FALSE
2021-01-30,Valencia CF,Elche CF,1,0,es.1,FALSE
2021-01-30,Villarreal CF,Real Sociedad de Fútbol,1,1,es.1,FALSE
2021-01-30,Bologna FC 1909,AC Milan,1,2,it.1,FALSE
2021-01-30,Sampdoria,Juventus,0,2,it.1,FALSE
2021-01-30,FC Internazionale Milano,Benevento Calcio,4,0,it.1,FALSE
2021-01-30,Eintracht Frankfurt,Hertha BSC,3,1,de.1,FALSE
2021-01-30,Borussia Dortmund,FC Augsburg,3,1,de.1,FALSE
2021-01-30,SV Werder Bremen,FC Schalke 04,1,1,de.1,FALSE
2021-01-30,FC Bayern München,TSG 1899 Hoffenheim,4,1,de.1,FALSE
2021-01-30,1. FC Union Berlin,Borussia Mönchengladbach,1,1,de.1,FALSE
2021-01-30,RB Leipzig,Bayer 04 Leverkusen,1,0,de.1,FALSE
2021-01-31,Chelsea,Burnley,2,0,en.1,FALSE
2021-01-31,Leicester City,Leeds United,1,3,en.1,FALSE
2021-01-31,West Ham United,Liverpool,1,3,en.1,FALSE
2021-01-31,Brighton & Hove Albion,Tottenham Hotspur,1,0,en.1,FALSE
2021-01-31,Getafe CF,Deportivo Alavés,0,0,es.1,FALSE
2021-01-31,Cádiz CF,Club Atlético de Madrid,2,4,es.1,FALSE
2021-01-31,Granada CF,RC Celta de Vigo,0,0,es.1,FALSE
2021-01-31,FC Barcelona,Athletic Club,2,1,es.1,FALSE
2021-01-31,Spezia Calcio,Udinese Calcio,0,1,it.1,FALSE
2021-01-31,Atalanta BC,SS Lazio,1,3,it.1,FALSE
2021-01-31,Cagliari Calcio,US Sassuolo Calcio,1,1,it.1,FALSE
2021-01-31,FC Crotone,Genoa CFC,0,3,it.1,FALSE
2021-01-31,SSC Napoli,Parma Calcio 1913,2,0,it.1,FALSE
2021-01-31,AS Roma,Hellas Verona,3,1,it.1,FALSE
2021-01-31,1. FC Köln,Arminia Bielefeld,3,1,de.1,FALSE
2021-01-31,VfL Wolfsburg,SC Freiburg,3,0,de.1,FALSE
2021-02-01,Real Betis Balompié,CA Osasuna,1,0,es.1,FALSE
2021-02-02,Wolverhampton Wanderers,Arsenal,2,1,en.1,FALSE
2021-02-02,Sheffield United,West Bromwich Albion,2,1,en.1,FALSE
2021-02-02,Manchester United,Southampton,9,0,en.1,FALSE
2021-02-02,Newcastle United,Crystal Palace,1,2,en.1,FALSE
2021-02-03,Fulham,Leicester City,0,2,en.1,FALSE
2021-02-03,Burnley,Manchester City,0,2,en.1,FALSE
2021-02-03,Leeds United,Everton,1,2,en.1,FALSE
2021-02-03,Aston Villa,West Ham United,1,3,en.1,FALSE
2021-02-03,Liverpool,Brighton & Hove Albion,0,1,en.1,FALSE
2021-02-04,Tottenham Hotspur,Chelsea,0,1,en.1,FALSE
2021-02-05,Deportivo Alavés,Real Valladolid CF,1,0,es.1,FALSE
2021-02-05,ACF Fiorentina,FC Internazionale Milano,0,2,it.1,FALSE
2021-02-05,Hertha BSC,FC Bayern München,0,1,de.1,FALSE
2021-02-06,Aston Villa,Arsenal,1,0,en.1,FALSE
2021-02-06,Newcastle United,Southampton,3,2,en.1,FALSE
2021-02-06,Burnley,Brighton & Hove Albion,1,1,en.1,FALSE
2021-02-06,Fulham,West Ham United,0,0,en.1,FALSE
2021-02-06,Manchester United,Everton,3,3,en.1,FALSE
2021-02-06,Levante UD,Granada CF,2,2,es.1,FALSE
2021-02-06,SD Huesca,Real Madrid CF,1,2,es.1,FALSE
2021-02-06,Elche CF,Villarreal CF,2,2,es.1,FALSE
2021-02-06,Sevilla,Getafe CF,3,0,es.1,FALSE
2021-02-06,Atalanta BC,Torino,3,3,it.1,FALSE
2021-02-06,US Sassuolo Calcio,Spezia Calcio,1,2,it.1,FALSE
2021-02-06,Juventus,AS Roma,2,0,it.1,FALSE
2021-02-06,Genoa CFC,SSC Napoli,2,1,it.1,FALSE
2021-02-06,FC Schalke 04,RB Leipzig,0,3,de.1,FALSE
2021-02-06,Bayer 04 Leverkusen,VfB Stuttgart,5,2,de.1,FALSE
2021-02-06,SC Freiburg,Borussia Dortmund,2,1,de.1,FALSE
2021-02-06,1. FSV Mainz 05,1. FC Union Berlin,1,0,de.1,FALSE
2021-02-06,FC Augsburg,VfL Wolfsburg,0,2,de.1,FALSE
2021-02-06,Borussia Mönchengladbach,1. FC Köln,1,2,de.1,FALSE
2021-02-07,Tottenham Hotspur,West Bromwich Albion,2,0,en.1,FALSE
2021-02-07,Wolverhampton Wanderers,Leicester City,0,0,en.1,FALSE
2021-02-07,Liverpool,Manchester City,1,4,en.1,FALSE
2021-02-07,Sheffield United,Chelsea,1,2,en.1,FALSE
2021-02-07,Real Sociedad de Fútbol,Cádiz CF,4,1,es.1,FALSE
2021-02-07,Athletic Club,Valencia CF,1,1,es.1,FALSE
2021-02-07,CA Osasuna,SD Eibar,2,1,es.1,FALSE
2021-02-07,Real Betis Balompié,FC Barcelona,2,3,es.1,FALSE
2021-02-07,Benevento Calcio,Sampdoria,1,1,it.1,FALSE
2021-02-07,AC Milan,FC Crotone,4,0,it.1,FALSE
2021-02-07,Udinese Calcio,Hellas Verona,2,0,it.1,FALSE
2021-02-07,Parma Calcio 1913,Bologna FC 1909,0,3,it.1,FALSE
2021-02-07,SS Lazio,Cagliari Calcio,1,0,it.1,FALSE
2021-02-07,TSG 1899 Hoffenheim,Eintracht Frankfurt,1,3,de.1,FALSE
2021-02-08,Leeds United,Crystal Palace,2,0,en.1,FALSE
2021-02-08,Club Atlético de Madrid,RC Celta de Vigo,2,2,es.1,FALSE
2021-02-09,Real Madrid CF,Getafe CF,2,0,es.1,FALSE
2021-02-12,RC Celta de Vigo,Elche CF,3,1,es.1,FALSE
2021-02-12,Bologna FC 1909,Benevento Calcio,1,1,it.1,FALSE
2021-02-12,RB Leipzig,FC Augsburg,2,1,de.1,FALSE
2021-02-13,Leicester City,Liverpool,3,1,en.1,FALSE
2021-02-13,Crystal Palace,Burnley,0,3,en.1,FALSE
2021-02-13,Manchester City,Tottenham Hotspur,3,0,en.1,FALSE
2021-02-13,Brighton & Hove Albion,Aston Villa,0,0,en.1,FALSE
2021-02-13,Granada CF,Club Atlético de Madrid,1,2,es.1,FALSE
2021-02-13,Sevilla,SD Huesca,1,0,es.1,FALSE
2021-02-13,SD Eibar,Real Valladolid CF,1,1,es.1,FALSE
2021-02-13,FC Barcelona,Deportivo Alavés,5,1,es.1,FALSE
2021-02-13,Torino,Genoa CFC,0,0,it.1,FALSE
2021-02-13,SSC Napoli,Juventus,1,0,it.1,FALSE
2021-02-13,Spezia Calcio,AC Milan,2,0,it.1,FALSE
2021-02-13,Borussia Dortmund,TSG 1899 Hoffenheim,2,2,de.1,FALSE
2021-02-13,VfB Stuttgart,Hertha BSC,1,1,de.1,FALSE
2021-02-13,SV Werder Bremen,SC Freiburg,0,0,de.1,FALSE
2021-02-13,Bayer 04 Leverkusen,1. FSV Mainz 05,2,2,de.1,FALSE
2021-02-13,1. FC Union Berlin,FC Schalke 04,0,0,de.1,FALSE
2021-02-14,Southampton,Wolverhampton Wanderers,1,2,en.1,FALSE
2021-02-14,West Bromwich Albion,Manchester United,1,1,en.1,FALSE
2021-02-14,Arsenal,Leeds United,4,2,en.1,FALSE
2021-02-14,Everton,Fulham,0,2,en.1,FALSE
2021-02-14,Getafe CF,Real Sociedad de Fútbol,0,1,es.1,FALSE
2021-02-14,Real Madrid CF,Valencia CF,2,0,es.1,FALSE
2021-02-14,Levante UD,CA Osasuna,0,1,es.1,FALSE
2021-02-14,Villarreal CF,Real Betis Balompié,1,2,es.1,FALSE
2021-02-14,AS Roma,Udinese Calcio,3,0,it.1,FALSE
2021-02-14,Sampdoria,ACF Fiorentina,2,1,it.1,FALSE
2021-02-14,Cagliari Calcio,Atalanta BC,0,1,it.1,FALSE
2021-02-14,FC Crotone,US Sassuolo Calcio,1,2,it.1,FALSE
2021-02-14,FC Internazionale Milano,SS Lazio,3,1,it.1,FALSE
2021-02-14,Eintracht Frankfurt,1. FC Köln,2,0,de.1,FALSE
2021-02-14,VfL Wolfsburg,Borussia Mönchengladbach,0,0,de.1,FALSE
2021-02-15,West Ham United,Sheffield United,3,0,en.1,FALSE
2021-02-15,Chelsea,Newcastle United,2,0,en.1,FALSE
2021-02-15,Cádiz CF,Athletic Club,0,4,es.1,FALSE
2021-02-15,Hellas Verona,Parma Calcio 1913,2,1,it.1,FALSE
2021-02-15,FC Bayern München,Arminia Bielefeld,3,3,de.1,FALSE
2021-02-17,Burnley,Fulham,1,1,en.1,FALSE
2021-02-17,Everton,Manchester City,1,3,en.1,FALSE
2021-02-17,Levante UD,Club Atlético de Madrid,1,1,es.1,FALSE
2021-02-19,Wolverhampton Wanderers,Leeds United,1,0,en.1,FALSE
2021-02-19,Real Betis Balompié,Getafe CF,1,0,es.1,FALSE
2021-02-19,ACF Fiorentina,Spezia Calcio,3,0,it.1,FALSE
2021-02-19,Cagliari Calcio,Torino,0,1,it.1,FALSE
2021-02-19,Arminia Bielefeld,VfL Wolfsburg,0,3,de.1,FALSE
2021-02-20,Southampton,Chelsea,1,1,en.1,FALSE
2021-02-20,Burnley,West Bromwich Albion,0,0,en.1,FALSE
2021-02-20,Liverpool,Everton,0,2,en.1,FALSE
2021-02-20,Fulham,Sheffield United,1,0,en.1,FALSE
2021-02-20,Elche CF,SD Eibar,1,0,es.1,FALSE
2021-02-20,Club Atlético de Madrid,Levante UD,0,2,es.1,FALSE
2021-02-20,Valencia CF,RC Celta de Vigo,2,0,es.1,FALSE
2021-02-20,Real Valladolid CF,Real Madrid CF,0,1,es.1,FALSE
2021-02-20,SS Lazio,Sampdoria,1,0,it.1,FALSE
2021-02-20,Genoa CFC,Hellas Verona,2,2,it.1,FALSE
2021-02-20,US Sassuolo Calcio,Bologna FC 1909,1,1,it.1,FALSE
2021-02-20,1. FC Köln,VfB Stuttgart,0,1,de.1,FALSE
2021-02-20,Eintracht Frankfurt,FC Bayern München,2,1,de.1,FALSE
2021-02-20,Borussia Mönchengladbach,1. FSV Mainz 05,1,2,de.1,FALSE
2021-02-20,SC Freiburg,1. FC Union Berlin,0,1,de.1,FALSE
2021-02-20,FC Schalke 04,Borussia Dortmund,0,4,de.1,FALSE
2021-02-21,West Ham United,Tottenham Hotspur,2,1,en.1,FALSE
2021-02-21,Aston Villa,Leicester City,1,2,en.1,FALSE
2021-02-21,Arsenal,Manchester City,0,1,en.1,FALSE
2021-02-21,Manchester United,Newcastle United,3,1,en.1,FALSE
2021-02-21,FC Barcelona,Cádiz CF,1,1,es.1,FALSE
2021-02-21,Real Sociedad de Fútbol,Deportivo Alavés,4,0,es.1,FALSE
2021-02-21,SD Huesca,Granada CF,3,2,es.1,FALSE
2021-02-21,Athletic Club,Villarreal CF,1,1,es.1,FALSE
2021-02-21,Parma Calcio 1913,Udinese Calcio,2,2,it.1,FALSE
2021-02-21,AC Milan,FC Internazionale Milano,0,3,it.1,FALSE
2021-02-21,Atalanta BC,SSC Napoli,4,2,it.1,FALSE
2021-02-21,Benevento Calcio,AS Roma,0,0,it.1,FALSE
2021-02-21,FC Augsburg,Bayer 04 Leverkusen,1,1,de.1,FALSE
2021-02-21,Hertha BSC,RB Leipzig,0,3,de.1,FALSE
2021-02-21,TSG 1899 Hoffenheim,SV Werder Bremen,4,0,de.1,FALSE
2021-02-22,Brighton & Hove Albion,Crystal Palace,1,2,en.1,FALSE
2021-02-22,CA Osasuna,Sevilla,0,2,es.1,FALSE
2021-02-22,Juventus,FC Crotone,3,0,it.1,FALSE
2021-02-23,Leeds United,Southampton,3,0,en.1,FALSE
2021-02-24,FC Barcelona,Elche CF,3,0,es.1,FALSE
2021-02-26,Levante UD,Athletic Club,1,1,es.1,FALSE
2021-02-26,SV Werder Bremen,Eintracht Frankfurt,2,1,de.1,FALSE
2021-02-27,Manchester City,West Ham United,2,1,en.1,FALSE
2021-02-27,West Bromwich Albion,Brighton & Hove Albion,1,0,en.1,FALSE
2021-02-27,Leeds United,Aston Villa,0,1,en.1,FALSE
2021-02-27,Newcastle United,Wolverhampton Wanderers,1,1,en.1,FALSE
2021-02-27,SD Eibar,SD Huesca,1,1,es.1,FALSE
2021-02-27,Sevilla,FC Barcelona,0,2,es.1,FALSE
2021-02-27,Deportivo Alavés,CA Osasuna,0,1,es.1,FALSE
2021-02-27,Getafe CF,Valencia CF,3,0,es.1,FALSE
2021-02-27,Spezia Calcio,Parma Calcio 1913,2,2,it.1,FALSE
2021-02-27,Bologna FC 1909,SS Lazio,2,0,it.1,FALSE
2021-02-27,Hellas Verona,Juventus,1,1,it.1,FALSE
2021-02-27,Borussia Dortmund,Arminia Bielefeld,3,0,de.1,FALSE
2021-02-27,VfB Stuttgart,FC Schalke 04,5,1,de.1,FALSE
2021-02-27,FC Bayern München,1. FC Köln,5,1,de.1,FALSE
2021-02-27,VfL Wolfsburg,Hertha BSC,2,0,de.1,FALSE
2021-02-27,RB Leipzig,Borussia Mönchengladbach,3,2,de.1,FALSE
2021-02-28,Leicester City,Arsenal,1,3,en.1,FALSE
2021-02-28,Crystal Palace,Fulham,0,0,en.1,FALSE
2021-02-28,Tottenham Hotspur,Burnley,4,0,en.1,FALSE
2021-02-28,Chelsea,Manchester United,0,0,en.1,FALSE
2021-02-28,Sheffield United,Liverpool,0,2,en.1,FALSE
2021-02-28,RC Celta de Vigo,Real Valladolid CF,1,1,es.1,FALSE
2021-02-28,Cádiz CF,Real Betis Balompié,0,1,es.1,FALSE
2021-02-28,Granada CF,Elche CF,2,1,es.1,FALSE
2021-02-28,Villarreal CF,Club Atlético de Madrid,0,2,es.1,FALSE
2021-02-28,Sampdoria,Atalanta BC,0,2,it.1,FALSE
2021-02-28,FC Internazionale Milano,Genoa CFC,3,0,it.1,FALSE
2021-02-28,Udinese Calcio,ACF Fiorentina,1,0,it.1,FALSE
2021-02-28,FC Crotone,Cagliari Calcio,0,2,it.1,FALSE
2021-02-28,SSC Napoli,Benevento Calcio,2,0,it.1,FALSE
2021-02-28,AS Roma,AC Milan,1,2,it.1,FALSE
2021-02-28,1. FC Union Berlin,TSG 1899 Hoffenheim,1,1,de.1,FALSE
2021-02-28,1. FSV Mainz 05,FC Augsburg,0,1,de.1,FALSE
2021-02-28,Bayer 04 Leverkusen,SC Freiburg,1,2,de.1,FALSE
2021-03-01,Everton,Southampton,1,0,en.1,FALSE
2021-03-01,Real Madrid CF,Real Sociedad de Fútbol,1,1,es.1,FALSE
2021-03-02,Manchester City,Wolverhampton Wanderers,4,1,en.1,FALSE
2021-03-02,Juventus,Spezia Calcio,3,0,it.1,FALSE
2021-03-03,Sheffield United,Aston Villa,1,0,en.1,FALSE
2021-03-03,Burnley,Leicester City,1,1,en.1,FALSE
2021-03-03,Crystal Palace,Manchester United,0,0,en.1,FALSE
2021-03-03,US Sassuolo Calcio,SSC Napoli,3,3,it.1,FALSE
2021-03-03,ACF Fiorentina,AS Roma,1,2,it.1,FALSE
2021-03-03,AC Milan,Udinese Calcio,1,1,it.1,FALSE
2021-03-03,Atalanta BC,FC Crotone,5,1,it.1,FALSE
2021-03-03,Cagliari Calcio,Bologna FC 1909,1,0,it.1,FALSE
2021-03-03,Genoa CFC,Sampdoria,1,1,it.1,FALSE
2021-03-03,Benevento Calcio,Hellas Verona,0,3,it.1,FALSE
2021-03-04,West Bromwich Albion,Everton,0,1,en.1,FALSE
2021-03-04,Fulham,Tottenham Hotspur,0,1,en.1,FALSE
2021-03-04,Liverpool,Chelsea,0,1,en.1,FALSE
2021-03-04,Parma Calcio 1913,FC Internazionale Milano,1,2,it.1,FALSE
2021-03-05,Valencia CF,Villarreal CF,2,1,es.1,FALSE
2021-03-05,FC Schalke 04,1. FSV Mainz 05,0,0,de.1,FALSE
2021-03-06,Burnley,Arsenal,1,1,en.1,FALSE
2021-03-06,Sheffield United,Southampton,0,2,en.1,FALSE
2021-03-06,Aston Villa,Wolverhampton Wanderers,0,0,en.1,FALSE
2021-03-06,Brighton & Hove Albion,Leicester City,1,2,en.1,FALSE
2021-03-06,Real Valladolid CF,Getafe CF,2,1,es.1,FALSE
2021-03-06,Elche CF,Sevilla,2,1,es.1,FALSE
2021-03-06,Cádiz CF,SD Eibar,1,0,es.1,FALSE
2021-03-06,CA Osasuna,FC Barcelona,0,2,es.1,FALSE
2021-03-06,Spezia Calcio,Benevento Calcio,1,1,it.1,FALSE
2021-03-06,Udinese Calcio,US Sassuolo Calcio,2,0,it.1,FALSE
2021-03-06,Juventus,SS Lazio,3,1,it.1,FALSE
2021-03-06,Eintracht Frankfurt,VfB Stuttgart,1,1,de.1,FALSE
2021-03-06,Hertha BSC,FC Augsburg,2,1,de.1,FALSE
2021-03-06,Borussia Mönchengladbach,Bayer 04 Leverkusen,0,1,de.1,FALSE
2021-03-06,SC Freiburg,RB Leipzig,0,3,de.1,FALSE
2021-03-06,TSG 1899 Hoffenheim,VfL Wolfsburg,2,1,de.1,FALSE
2021-03-06,FC Bayern München,Borussia Dortmund,4,2,de.1,FALSE
2021-03-07,West Bromwich Albion,Newcastle United,0,0,en.1,FALSE
2021-03-07,Liverpool,Fulham,0,1,en.1,FALSE
2021-03-07,Manchester City,Manchester United,0,2,en.1,FALSE
2021-03-07,Tottenham Hotspur,Crystal Palace,4,1,en.1,FALSE
2021-03-07,SD Huesca,RC Celta de Vigo,3,4,es.1,FALSE
2021-03-07,Club Atlético de Madrid,Real Madrid CF,1,1,es.1,FALSE
2021-03-07,Real Sociedad de Fútbol,Levante UD,1,0,es.1,FALSE
2021-03-07,Athletic Club,Granada CF,2,1,es.1,FALSE
2021-03-07,AS Roma,Genoa CFC,1,0,it.1,FALSE
2021-03-07,ACF Fiorentina,Parma Calcio 1913,3,3,it.1,FALSE
2021-03-07,Hellas Verona,AC Milan,0,2,it.1,FALSE
2021-03-07,FC Crotone,Torino,4,2,it.1,FALSE
2021-03-07,Sampdoria,Cagliari Calcio,2,2,it.1,FALSE
2021-03-07,SSC Napoli,Bologna FC 1909,3,1,it.1,FALSE
2021-03-07,1. FC Köln,SV Werder Bremen,1,1,de.1,FALSE
2021-03-07,Arminia Bielefeld,1. FC Union Berlin,0,0,de.1,FALSE
2021-03-08,Chelsea,Everton,2,0,en.1,FALSE
2021-03-08,West Ham United,Leeds United,2,0,en.1,FALSE
2021-03-08,Real Betis Balompié,Deportivo Alavés,3,2,es.1,FALSE
2021-03-08,FC Internazionale Milano,Atalanta BC,1,0,it.1,FALSE
2021-03-10,Manchester City,Southampton,5,2,en.1,FALSE
2021-03-10,Club Atlético de Madrid,Athletic Club,2,1,es.1,FALSE
2021-03-10,Arminia Bielefeld,SV Werder Bremen,0,2,de.1,FALSE
2021-03-12,Newcastle United,Aston Villa,1,1,en.1,FALSE
2021-03-12,Levante UD,Valencia CF,1,0,es.1,FALSE
2021-03-12,SS Lazio,FC Crotone,3,2,it.1,FALSE
2021-03-12,Atalanta BC,Spezia Calcio,3,1,it.1,FALSE
2021-03-12,FC Augsburg,Borussia Mönchengladbach,3,1,de.1,FALSE
2021-03-13,Leeds United,Chelsea,0,0,en.1,FALSE
2021-03-13,Crystal Palace,West Bromwich Albion,1,0,en.1,FALSE
2021-03-13,Everton,Burnley,1,2,en.1,FALSE
2021-03-13,Fulham,Manchester City,0,3,en.1,FALSE
2021-03-13,Deportivo Alavés,Cádiz CF,1,1,es.1,FALSE
2021-03-13,Real Madrid CF,Elche CF,2,1,es.1,FALSE
2021-03-13,CA Osasuna,Real Valladolid CF,0,0,es.1,FALSE
2021-03-13,Getafe CF,Club Atlético de Madrid,0,0,es.1,FALSE
2021-03-13,US Sassuolo Calcio,Hellas Verona,3,2,it.1,FALSE
2021-03-13,Benevento Calcio,ACF Fiorentina,1,4,it.1,FALSE
2021-03-13,Genoa CFC,Udinese Calcio,1,1,it.1,FALSE
2021-03-13,SV Werder Bremen,FC Bayern München,1,3,de.1,FALSE
2021-03-13,VfL Wolfsburg,FC Schalke 04,5,0,de.1,FALSE
2021-03-13,1. FSV Mainz 05,SC Freiburg,1,0,de.1,FALSE
2021-03-13,1. FC Union Berlin,1. FC Köln,2,1,de.1,FALSE
2021-03-13,Borussia Dortmund,Hertha BSC,2,0,de.1,FALSE
2021-03-14,Southampton,Brighton & Hove Albion,1,2,en.1,FALSE
2021-03-14,Leicester City,Sheffield United,5,0,en.1,FALSE
2021-03-14,Arsenal,Tottenham Hotspur,2,1,en.1,FALSE
2021-03-14,Manchester United,West Ham United,1,0,en.1,FALSE
2021-03-14,RC Celta de Vigo,Athletic Club,0,0,es.1,FALSE
2021-03-14,Granada CF,Real Sociedad de Fútbol,1,0,es.1,FALSE
2021-03-14,SD Eibar,Villarreal CF,1,3,es.1,FALSE
2021-03-14,Sevilla,Real Betis Balompié,1,0,es.1,FALSE
2021-03-14,Bologna FC 1909,Sampdoria,3,1,it.1,FALSE
2021-03-14,Parma Calcio 1913,AS Roma,2,0,it.1,FALSE
2021-03-14,Torino,FC Internazionale Milano,1,2,it.1,FALSE
2021-03-14,Cagliari Calcio,Juventus,1,3,it.1,FALSE
2021-03-14,AC Milan,SSC Napoli,0,1,it.1,FALSE
2021-03-14,Bayer 04 Leverkusen,Arminia Bielefeld,1,2,de.1,FALSE
2021-03-14,RB Leipzig,Eintracht Frankfurt,1,1,de.1,FALSE
2021-03-14,VfB Stuttgart,TSG 1899 Hoffenheim,2,0,de.1,FALSE
2021-03-15,Wolverhampton Wanderers,Liverpool,0,1,en.1,FALSE
2021-03-15,FC Barcelona,SD Huesca,4,1,es.1,FALSE
2021-03-17,Sevilla,Elche CF,2,0,es.1,FALSE
2021-03-17,Torino,US Sassuolo Calcio,3,2,it.1,FALSE
2021-03-19,Fulham,Leeds United,1,2,en.1,FALSE
2021-03-19,Real Betis Balompié,Levante UD,2,0,es.1,FALSE
2021-03-19,Parma Calcio 1913,Genoa CFC,1,2,it.1,FALSE
2021-03-19,Arminia Bielefeld,RB Leipzig,0,1,de.1,FALSE
2021-03-20,Brighton & Hove Albion,Newcastle United,3,0,en.1,FALSE
2021-03-20,Athletic Club,SD Eibar,1,1,es.1,FALSE
2021-03-20,RC Celta de Vigo,Real Madrid CF,1,3,es.1,FALSE
2021-03-20,SD Huesca,CA Osasuna,0,0,es.1,FALSE
2021-03-20,Real Valladolid CF,Sevilla,1,1,es.1,FALSE
2021-03-20,FC Crotone,Bologna FC 1909,2,3,it.1,FALSE
2021-03-20,Spezia Calcio,Cagliari Calcio,2,1,it.1,FALSE
2021-03-20,1. FC Köln,Borussia Dortmund,2,2,de.1,FALSE
2021-03-20,Eintracht Frankfurt,1. FC Union Berlin,5,2,de.1,FALSE
2021-03-20,SV Werder Bremen,VfL Wolfsburg,1,2,de.1,FALSE
2021-03-20,FC Bayern München,VfB Stuttgart,4,0,de.1,FALSE
2021-03-20,FC Schalke 04,Borussia Mönchengladbach,0,3,de.1,FALSE
2021-03-21,West Ham United,Arsenal,3,3,en.1,FALSE
2021-03-21,Aston Villa,Tottenham Hotspur,0,2,en.1,FALSE
2021-03-21,Getafe CF,Elche CF,1,1,es.1,FALSE
2021-03-21,Valencia CF,Granada CF,2,1,es.1,FALSE
2021-03-21,Villarreal CF,Cádiz CF,2,1,es.1,FALSE
2021-03-21,Club Atlético de Madrid,Deportivo Alavés,1,0,es.1,FALSE
2021-03-21,Real Sociedad de Fútbol,FC Barcelona,1,6,es.1,FALSE
2021-03-21,Hellas Verona,Atalanta BC,0,2,it.1,FALSE
2021-03-21,Juventus,Benevento Calcio,0,1,it.1,FALSE
2021-03-21,Udinese Calcio,SS Lazio,0,1,it.1,FALSE
2021-03-21,Sampdoria,Torino,1,0,it.1,FALSE
2021-03-21,ACF Fiorentina,AC Milan,2,3,it.1,FALSE
2021-03-21,AS Roma,SSC Napoli,0,2,it.1,FALSE
2021-03-21,TSG 1899 Hoffenheim,1. FSV Mainz 05,1,2,de.1,FALSE
2021-03-21,Hertha BSC,Bayer 04 Leverkusen,3,0,de.1,FALSE
2021-03-21,SC Freiburg,FC Augsburg,2,0,de.1,FALSE
2021-04-02,Levante UD,SD Huesca,0,2,es.1,FALSE
2021-04-03,Chelsea,West Bromwich Albion,2,5,en.1,FALSE
2021-04-03,Leeds United,Sheffield United,2,1,en.1,FALSE
2021-04-03,Leicester City,Manchester City,0,2,en.1,FALSE
2021-04-03,Arsenal,Liverpool,0,3,en.1,FALSE
2021-04-03,Granada CF,Villarreal CF,0,3,es.1,FALSE
2021-04-03,Real Madrid CF,SD Eibar,2,0,es.1,FALSE
2021-04-03,CA Osasuna,Getafe CF,0,0,es.1,FALSE
2021-04-03,AC Milan,Sampdoria,1,1,it.1,FALSE
2021-04-03,SSC Napoli,FC Crotone,4,3,it.1,FALSE
2021-04-03,SS Lazio,Spezia Calcio,2,1,it.1,FALSE
2021-04-03,Atalanta BC,Udinese Calcio,3,2,it.1,FALSE
2021-04-03,Cagliari Calcio,Hellas Verona,0,2,it.1,FALSE
2021-04-03,Genoa CFC,ACF Fiorentina,1,1,it.1,FALSE
2021-04-03,US Sassuolo Calcio,AS Roma,2,2,it.1,FALSE
2021-04-03,Benevento Calcio,Parma Calcio 1913,2,2,it.1,FALSE
2021-04-03,Torino,Juventus,2,2,it.1,FALSE
2021-04-03,Bologna FC 1909,FC Internazionale Milano,0,1,it.1,FALSE
2021-04-03,Borussia Dortmund,Eintracht Frankfurt,1,2,de.1,FALSE
2021-04-03,Bayer 04 Leverkusen,FC Schalke 04,2,1,de.1,FALSE
2021-04-03,VfL Wolfsburg,1. FC Köln,1,0,de.1,FALSE
2021-04-03,1. FSV Mainz 05,Arminia Bielefeld,1,1,de.1,FALSE
2021-04-03,FC Augsburg,TSG 1899 Hoffenheim,2,1,de.1,FALSE
2021-04-03,RB Leipzig,FC Bayern München,0,1,de.1,FALSE
2021-04-03,Borussia Mönchengladbach,SC Freiburg,2,1,de.1,FALSE
2021-04-04,Southampton,Burnley,3,2,en.1,FALSE
2021-04-04,Newcastle United,Tottenham Hotspur,2,2,en.1,FALSE
2021-04-04,Aston Villa,Fulham,3,1,en.1,FALSE
2021-04-04,Manchester United,Brighton & Hove Albion,2,1,en.1,FALSE
2021-04-04,Deportivo Alavés,RC Celta de Vigo,1,3,es.1,FALSE
2021-04-04,Elche CF,Real Betis Balompié,1,1,es.1,FALSE
2021-04-04,Cádiz CF,Valencia CF,2,1,es.1,FALSE
2021-04-04,Sevilla,Club Atlético de Madrid,1,0,es.1,FALSE
2021-04-04,VfB Stuttgart,SV Werder Bremen,1,0,de.1,FALSE
2021-04-04,1. FC Union Berlin,Hertha BSC,1,1,de.1,FALSE
2021-04-05,Everton,Crystal Palace,1,1,en.1,FALSE
2021-04-05,Wolverhampton Wanderers,West Ham United,2,3,en.1,FALSE
2021-04-05,FC Barcelona,Real Valladolid CF,1,0,es.1,FALSE
2021-04-07,Real Sociedad de Fútbol,Athletic Club,1,1,es.1,FALSE
2021-04-07,FC Internazionale Milano,US Sassuolo Calcio,2,1,it.1,FALSE
2021-04-07,Juventus,SSC Napoli,2,1,it.1,FALSE
2021-04-09,Fulham,Wolverhampton Wanderers,0,1,en.1,FALSE
2021-04-09,SD Huesca,Elche CF,3,1,es.1,FALSE
2021-04-09,Arminia Bielefeld,SC Freiburg,1,0,de.1,FALSE
2021-04-10,Manchester City,Leeds United,1,2,en.1,FALSE
2021-04-10,Liverpool,Aston Villa,2,1,en.1,FALSE
2021-04-10,Crystal Palace,Chelsea,1,4,en.1,FALSE
2021-04-10,Getafe CF,Cádiz CF,0,1,es.1,FALSE
2021-04-10,Athletic Club,Deportivo Alavés,0,0,es.1,FALSE
2021-04-10,SD Eibar,Levante UD,0,1,es.1,FALSE
2021-04-10,Real Madrid CF,FC Barcelona,2,1,es.1,FALSE
2021-04-10,Spezia Calcio,FC Crotone,3,2,it.1,FALSE
2021-04-10,Parma Calcio 1913,AC Milan,1,3,it.1,FALSE
2021-04-10,Udinese Calcio,Torino,0,1,it.1,FALSE
2021-04-10,Eintracht Frankfurt,VfL Wolfsburg,4,3,de.1,FALSE
2021-04-10,SV Werder Bremen,RB Leipzig,1,4,de.1,FALSE
2021-04-10,Hertha BSC,Borussia Mönchengladbach,2,2,de.1,FALSE
2021-04-10,FC Bayern München,1. FC Union Berlin,1,1,de.1,FALSE
2021-04-10,VfB Stuttgart,Borussia Dortmund,2,3,de.1,FALSE
2021-04-11,Burnley,Newcastle United,1,2,en.1,FALSE
2021-04-11,West Ham United,Leicester City,3,2,en.1,FALSE
2021-04-11,Tottenham Hotspur,Manchester United,1,3,en.1,FALSE
2021-04-11,Sheffield United,Arsenal,0,3,en.1,FALSE
2021-04-11,Villarreal CF,CA Osasuna,1,2,es.1,FALSE
2021-04-11,Valencia CF,Real Sociedad de Fútbol,2,2,es.1,FALSE
2021-04-11,Real Valladolid CF,Granada CF,1,2,es.1,FALSE
2021-04-11,Real Betis Balompié,Club Atlético de Madrid,1,1,es.1,FALSE
2021-04-11,FC Internazionale Milano,Cagliari Calcio,1,0,it.1,FALSE
2021-04-11,Juventus,Genoa CFC,3,1,it.1,FALSE
2021-04-11,Sampdoria,SSC Napoli,0,2,it.1,FALSE
2021-04-11,Hellas Verona,SS Lazio,0,1,it.1,FALSE
2021-04-11,AS Roma,Bologna FC 1909,1,0,it.1,FALSE
2021-04-11,ACF Fiorentina,Atalanta BC,2,3,it.1,FALSE
2021-04-11,FC Schalke 04,FC Augsburg,1,0,de.1,FALSE
2021-04-11,1. FC Köln,1. FSV Mainz 05,2,3,de.1,FALSE
2021-04-12,West Bromwich Albion,Southampton,3,0,en.1,FALSE
2021-04-12,Brighton & Hove Albion,Everton,0,0,en.1,FALSE
2021-04-12,RC Celta de Vigo,Sevilla,3,4,es.1,FALSE
2021-04-12,Benevento Calcio,US Sassuolo Calcio,0,1,it.1,FALSE
2021-04-12,TSG 1899 Hoffenheim,Bayer 04 Leverkusen,0,0,de.1,FALSE
2021-04-16,Everton,Tottenham Hotspur,2,2,en.1,FALSE
2021-04-16,RB Leipzig,TSG 1899 Hoffenheim,0,0,de.1,FALSE
2021-04-17,Newcastle United,West Ham United,3,2,en.1,FALSE
2021-04-17,Wolverhampton Wanderers,Sheffield United,1,0,en.1,FALSE
2021-04-17,Sampdoria,Hellas Verona,3,1,it.1,FALSE
2021-04-17,FC Crotone,Udinese Calcio,1,2,it.1,FALSE
2021-04-17,US Sassuolo Calcio,ACF Fiorentina,3,1,it.1,FALSE
2021-04-17,Cagliari Calcio,Parma Calcio 1913,4,3,it.1,FALSE
2021-04-17,Borussia Mönchengladbach,Eintracht Frankfurt,4,0,de.1,FALSE
2021-04-17,SC Freiburg,FC Schalke 04,4,0,de.1,FALSE
2021-04-17,VfL Wolfsburg,FC Bayern München,2,3,de.1,FALSE
2021-04-17,FC Augsburg,Arminia Bielefeld,0,0,de.1,FALSE
2021-04-17,1. FC Union Berlin,VfB Stuttgart,2,1,de.1,FALSE
2021-04-17,Bayer 04 Leverkusen,1. FC Köln,3,0,de.1,FALSE
2021-04-18,Arsenal,Fulham,1,1,en.1,FALSE
2021-04-18,Manchester United,Burnley,3,1,en.1,FALSE
2021-04-18,CA Osasuna,Elche CF,2,0,es.1,FALSE
2021-04-18,Real Sociedad de Fútbol,Sevilla,1,2,es.1,FALSE
2021-04-18,Club Atlético de Madrid,SD Eibar,5,0,es.1,FALSE
2021-04-18,Deportivo Alavés,SD Huesca,1,0,es.1,FALSE
2021-04-18,Real Betis Balompié,Valencia CF,2,2,es.1,FALSE
2021-04-18,Cádiz CF,RC Celta de Vigo,0,0,es.1,FALSE
2021-04-18,Levante UD,Villarreal CF,1,5,es.1,FALSE
2021-04-18,Getafe CF,Real Madrid CF,0,0,es.1,FALSE
2021-04-18,AC Milan,Genoa CFC,2,1,it.1,FALSE
2021-04-18,SS Lazio,Benevento Calcio,5,3,it.1,FALSE
2021-04-18,Atalanta BC,Juventus,1,0,it.1,FALSE
2021-04-18,Bologna FC 1909,Spezia Calcio,4,1,it.1,FALSE
2021-04-18,Torino,AS Roma,3,1,it.1,FALSE
2021-04-18,SSC Napoli,FC Internazionale Milano,1,1,it.1,FALSE
2021-04-18,Borussia Dortmund,SV Werder Bremen,4,1,de.1,FALSE
2021-04-19,Leeds United,Liverpool,1,1,en.1,FALSE
2021-04-20,Chelsea,Brighton & Hove Albion,0,0,en.1,FALSE
2021-04-20,Hellas Verona,ACF Fiorentina,1,2,it.1,FALSE
2021-04-20,1. FC Köln,RB Leipzig,2,1,de.1,FALSE
2021-04-20,Eintracht Frankfurt,FC Augsburg,2,0,de.1,FALSE
2021-04-20,FC Bayern München,Bayer 04 Leverkusen,2,0,de.1,FALSE
2021-04-20,Arminia Bielefeld,FC Schalke 04,1,0,de.1,FALSE
2021-04-21,Tottenham Hotspur,Southampton,2,1,en.1,FALSE
2021-04-21,Aston Villa,Manchester City,1,2,en.1,FALSE
2021-04-21,Levante UD,Sevilla,0,1,es.1,FALSE
2021-04-21,CA Osasuna,Valencia CF,3,1,es.1,FALSE
2021-04-21,Real Betis Balompié,Athletic Club,0,0,es.1,FALSE
2021-04-21,Elche CF,Real Valladolid CF,1,1,es.1,FALSE
2021-04-21,Deportivo Alavés,Villarreal CF,2,1,es.1,FALSE
2021-04-21,Cádiz CF,Real Madrid CF,0,3,es.1,FALSE
2021-04-21,AC Milan,US Sassuolo Calcio,1,2,it.1,FALSE
2021-04-21,Juventus,Parma Calcio 1913,3,1,it.1,FALSE
2021-04-21,Udinese Calcio,Cagliari Calcio,0,1,it.1,FALSE
2021-04-21,Bologna FC 1909,Torino,1,1,it.1,FALSE
2021-04-21,Genoa CFC,Benevento Calcio,2,2,it.1,FALSE
2021-04-21,Spezia Calcio,FC Internazionale Milano,1,1,it.1,FALSE
2021-04-21,FC Crotone,Sampdoria,0,1,it.1,FALSE
2021-04-21,Borussia Dortmund,1. FC Union Berlin,2,0,de.1,FALSE
2021-04-21,VfB Stuttgart,VfL Wolfsburg,1,3,de.1,FALSE
2021-04-21,SV Werder Bremen,1. FSV Mainz 05,0,1,de.1,FALSE
2021-04-21,TSG 1899 Hoffenheim,Borussia Mönchengladbach,3,2,de.1,FALSE
2021-04-22,Leicester City,West Bromwich Albion,3,0,en.1,FALSE
2021-04-22,Club Atlético de Madrid,SD Huesca,2,0,es.1,FALSE
2021-04-22,Real Sociedad de Fútbol,RC Celta de Vigo,2,1,es.1,FALSE
2021-04-22,Granada CF,SD Eibar,4,1,es.1,FALSE
2021-04-22,FC Barcelona,Getafe CF,5,2,es.1,FALSE
2021-04-22,AS Roma,Atalanta BC,1,1,it.1,FALSE
2021-04-22,SSC Napoli,SS Lazio,5,2,it.1,FALSE
2021-04-23,Arsenal,Everton,0,1,en.1,FALSE
2021-04-23,FC Augsburg,1. FC Köln,2,3,de.1,FALSE
2021-04-24,Liverpool,Newcastle United,1,1,en.1,FALSE
2021-04-24,West Ham United,Chelsea,0,1,en.1,FALSE
2021-04-24,Sheffield United,Brighton & Hove Albion,1,0,en.1,FALSE
2021-04-24,Elche CF,Levante UD,1,0,es.1,FALSE
2021-04-24,Real Valladolid CF,Cádiz CF,1,1,es.1,FALSE
2021-04-24,Valencia CF,Deportivo Alavés,1,1,es.1,FALSE
2021-04-24,Real Madrid CF,Real Betis Balompié,0,0,es.1,FALSE
2021-04-24,Genoa CFC,Spezia Calcio,2,0,it.1,FALSE
2021-04-24,Parma Calcio 1913,FC Crotone,3,4,it.1,FALSE
2021-04-24,US Sassuolo Calcio,Sampdoria,1,0,it.1,FALSE
2021-04-24,SC Freiburg,TSG 1899 Hoffenheim,1,1,de.1,FALSE
2021-04-24,VfL Wolfsburg,Borussia Dortmund,0,2,de.1,FALSE
2021-04-24,1. FSV Mainz 05,FC Bayern München,2,1,de.1,FALSE
2021-04-24,1. FC Union Berlin,SV Werder Bremen,3,1,de.1,FALSE
2021-04-24,Bayer 04 Leverkusen,Eintracht Frankfurt,3,1,de.1,FALSE
2021-04-25,Wolverhampton Wanderers,Burnley,0,4,en.1,FALSE
2021-04-25,Leeds United,Manchester United,0,0,en.1,FALSE
2021-04-25,Aston Villa,West Bromwich Albion,2,2,en.1,FALSE
2021-04-25,SD Huesca,Getafe CF,0,2,es.1,FALSE
2021-04-25,Villarreal CF,FC Barcelona,1,2,es.1,FALSE
2021-04-25,Sevilla,Granada CF,2,1,es.1,FALSE
2021-04-25,RC Celta de Vigo,CA Osasuna,2,1,es.1,FALSE
2021-04-25,Athletic Club,Club Atlético de Madrid,2,1,es.1,FALSE
2021-04-25,Benevento Calcio,Udinese Calcio,2,4,it.1,FALSE
2021-04-25,FC Internazionale Milano,Hellas Verona,1,0,it.1,FALSE
2021-04-25,ACF Fiorentina,Juventus,1,1,it.1,FALSE
2021-04-25,Cagliari Calcio,AS Roma,3,2,it.1,FALSE
2021-04-25,Atalanta BC,Bologna FC 1909,5,0,it.1,FALSE
2021-04-25,RB Leipzig,VfB Stuttgart,2,0,de.1,FALSE
2021-04-25,Borussia Mönchengladbach,Arminia Bielefeld,5,0,de.1,FALSE
2021-04-26,Leicester City,Crystal Palace,2,1,en.1,FALSE
2021-04-26,SD Eibar,Real Sociedad de Fútbol,0,1,es.1,FALSE
2021-04-26,Torino,SSC Napoli,0,2,it.1,FALSE
2021-04-26,SS Lazio,AC Milan,3,0,it.1,FALSE
2021-04-28,Athletic Club,Real Valladolid CF,2,2,es.1,FALSE
2021-04-29,FC Barcelona,Granada CF,1,2,es.1,FALSE
2021-04-30,Southampton,Leicester City,1,1,en.1,FALSE
2021-04-30,RC Celta de Vigo,Levante UD,2,0,es.1,FALSE
2021-05-01,Crystal Palace,Manchester City,0,2,en.1,FALSE
2021-05-01,Brighton & Hove Albion,Leeds United,2,0,en.1,FALSE
2021-05-01,Chelsea,Fulham,2,0,en.1,FALSE
2021-05-01,Everton,Aston Villa,1,2,en.1,FALSE
2021-05-01,SD Eibar,Deportivo Alavés,3,0,es.1,FALSE
2021-05-01,Elche CF,Club Atlético de Madrid,0,1,es.1,FALSE
2021-05-01,SD Huesca,Real Sociedad de Fútbol,1,0,es.1,FALSE
2021-05-01,Real Madrid CF,CA Osasuna,2,0,es.1,FALSE
2021-05-01,Hellas Verona,Spezia Calcio,1,1,it.1,FALSE
2021-05-01,FC Crotone,FC Internazionale Milano,0,2,it.1,FALSE
2021-05-01,AC Milan,Benevento Calcio,2,0,it.1,FALSE
2021-05-02,Newcastle United,Arsenal,0,2,en.1,FALSE
2021-05-02,Tottenham Hotspur,Sheffield United,4,0,en.1,FALSE
2021-05-02,Real Valladolid CF,Real Betis Balompié,1,1,es.1,FALSE
2021-05-02,Villarreal CF,Getafe CF,1,0,es.1,FALSE
2021-05-02,Granada CF,Cádiz CF,0,1,es.1,FALSE
2021-05-02,Valencia CF,FC Barcelona,2,3,es.1,FALSE
2021-05-02,SS Lazio,Genoa CFC,4,3,it.1,FALSE
2021-05-02,SSC Napoli,Cagliari Calcio,1,1,it.1,FALSE
2021-05-02,Bologna FC 1909,ACF Fiorentina,3,3,it.1,FALSE
2021-05-02,US Sassuolo Calcio,Atalanta BC,1,1,it.1,FALSE
2021-05-02,Udinese Calcio,Juventus,1,2,it.1,FALSE
2021-05-02,Sampdoria,AS Roma,2,0,it.1,FALSE
2021-05-03,West Bromwich Albion,Wolverhampton Wanderers,1,1,en.1,FALSE
2021-05-03,Burnley,West Ham United,1,2,en.1,FALSE
2021-05-03,Sevilla,Athletic Club,0,1,es.1,FALSE
2021-05-03,Torino,Parma Calcio 1913,1,0,it.1,FALSE
2021-05-03,1. FSV Mainz 05,Hertha BSC,1,1,de.1,FALSE
2021-05-06,Hertha BSC,SC Freiburg,3,0,de.1,FALSE
2021-05-07,Leicester City,Newcastle United,2,4,en.1,FALSE
2021-05-07,Real Sociedad de Fútbol,Elche CF,2,0,es.1,FALSE
2021-05-07,VfB Stuttgart,FC Augsburg,2,1,de.1,FALSE
2021-05-08,Leeds United,Tottenham Hotspur,3,1,en.1,FALSE
2021-05-08,Sheffield United,Crystal Palace,0,2,en.1,FALSE
2021-05-08,Manchester City,Chelsea,1,2,en.1,FALSE
2021-05-08,Liverpool,Southampton,2,0,en.1,FALSE
2021-05-08,Deportivo Alavés,Levante UD,2,2,es.1,FALSE
2021-05-08,FC Barcelona,Club Atlético de Madrid,0,0,es.1,FALSE
2021-05-08,Cádiz CF,SD Huesca,2,1,es.1,FALSE
2021-05-08,Athletic Club,CA Osasuna,2,2,es.1,FALSE
2021-05-08,Udinese Calcio,Bologna FC 1909,1,1,it.1,FALSE
2021-05-08,Spezia Calcio,SSC Napoli,1,4,it.1,FALSE
2021-05-08,FC Internazionale Milano,Sampdoria,5,1,it.1,FALSE
2021-05-08,ACF Fiorentina,SS Lazio,2,0,it.1,FALSE
2021-05-08,Borussia Dortmund,RB Leipzig,3,2,de.1,FALSE
2021-05-08,SV Werder Bremen,Bayer 04 Leverkusen,0,0,de.1,FALSE
2021-05-08,VfL Wolfsburg,1. FC Union Berlin,3,0,de.1,FALSE
2021-05-08,TSG 1899 Hoffenheim,FC Schalke 04,4,2,de.1,FALSE
2021-05-08,FC Bayern München,Borussia Mönchengladbach,6,0,de.1,FALSE
2021-05-09,Wolverhampton Wanderers,Brighton & Hove Albion,2,1,en.1,FALSE
2021-05-09,Aston Villa,Manchester United,1,3,en.1,FALSE
2021-05-09,West Ham United,Everton,0,1,en.1,FALSE
2021-05-09,Arsenal,West Bromwich Albion,3,1,en.1,FALSE
2021-05-09,Getafe CF,SD Eibar,0,1,es.1,FALSE
2021-05-09,Valencia CF,Real Valladolid CF,3,0,es.1,FALSE
2021-05-09,Villarreal CF,RC Celta de Vigo,2,4,es.1,FALSE
2021-05-09,Real Madrid CF,Sevilla,2,2,es.1,FALSE
2021-05-09,Genoa CFC,US Sassuolo Calcio,1,2,it.1,FALSE
2021-05-09,Parma Calcio 1913,Atalanta BC,2,5,it.1,FALSE
2021-05-09,Hellas Verona,Torino,1,1,it.1,FALSE
2021-05-09,Benevento Calcio,Cagliari Calcio,1,3,it.1,FALSE
2021-05-09,AS Roma,FC Crotone,5,0,it.1,FALSE
2021-05-09,Juventus,AC Milan,0,3,it.1,FALSE
2021-05-09,1. FC Köln,SC Freiburg,1,4,de.1,FALSE
2021-05-09,Eintracht Frankfurt,1. FSV Mainz 05,1,1,de.1,FALSE
2021-05-09,Hertha BSC,Arminia Bielefeld,0,0,de.1,FALSE
2021-05-10,Fulham,Burnley,0,2,en.1,FALSE
2021-05-10,Real Betis Balompié,Granada CF,2,1,es.1,FALSE
2021-05-11,Manchester United,Leicester City,1,2,en.1,FALSE
2021-05-11,Southampton,Crystal Palace,3,1,en.1,FALSE
2021-05-11,CA Osasuna,Cádiz CF,3,2,es.1,FALSE
2021-05-11,Elche CF,Deportivo Alavés,0,2,es.1,FALSE
2021-05-11,Levante UD,FC Barcelona,3,3,es.1,FALSE
2021-05-11,SSC Napoli,Udinese Calcio,5,1,it.1,FALSE
2021-05-12,Chelsea,Arsenal,0,1,en.1,FALSE
2021-05-12,Sevilla,Valencia CF,1,0,es.1,FALSE
2021-05-12,RC Celta de Vigo,Getafe CF,1,0,es.1,FALSE
2021-05-12,SD Huesca,Athletic Club,1,0,es.1,FALSE
2021-05-12,Club Atlético de Madrid,Real Sociedad de Fútbol,2,1,es.1,FALSE
2021-05-12,Cagliari Calcio,ACF Fiorentina,0,0,it.1,FALSE
2021-05-12,SS Lazio,Parma Calcio 1913,1,0,it.1,FALSE
2021-05-12,Atalanta BC,Benevento Calcio,2,0,it.1,FALSE
2021-05-12,Sampdoria,Spezia Calcio,2,2,it.1,FALSE
2021-05-12,Torino,AC Milan,0,7,it.1,FALSE
2021-05-12,Bologna FC 1909,Genoa CFC,0,2,it.1,FALSE
2021-05-12,US Sassuolo Calcio,Juventus,1,3,it.1,FALSE
2021-05-12,FC Internazionale Milano,AS Roma,3,1,it.1,FALSE
2021-05-12,FC Schalke 04,Hertha BSC,1,2,de.1,FALSE
2021-05-13,Aston Villa,Everton,0,0,en.1,FALSE
2021-05-13,Manchester United,Liverpool,2,4,en.1,FALSE
2021-05-13,Real Valladolid CF,Villarreal CF,0,2,es.1,FALSE
2021-05-13,SD Eibar,Real Betis Balompié,1,1,es.1,FALSE
2021-05-13,Granada CF,Real Madrid CF,1,4,es.1,FALSE
2021-05-13,FC Crotone,Hellas Verona,2,1,it.1,FALSE
2021-05-14,Newcastle United,Manchester City,3,4,en.1,FALSE
2021-05-15,Burnley,Leeds United,0,4,en.1,FALSE
2021-05-15,Southampton,Fulham,3,1,en.1,FALSE
2021-05-15,Brighton & Hove Albion,West Ham United,1,1,en.1,FALSE
2021-05-15,Genoa CFC,Atalanta BC,3,4,it.1,FALSE
2021-05-15,Spezia Calcio,Torino,4,1,it.1,FALSE
2021-05-15,Juventus,FC Internazionale Milano,3,2,it.1,FALSE
2021-05-15,AS Roma,SS Lazio,2,0,it.1,FALSE
2021-05-15,FC Schalke 04,Eintracht Frankfurt,4,3,de.1,FALSE
2021-05-15,Hertha BSC,1. FC Köln,0,0,de.1,FALSE
2021-05-15,Borussia Mönchengladbach,VfB Stuttgart,1,2,de.1,FALSE
2021-05-15,Arminia Bielefeld,TSG 1899 Hoffenheim,1,1,de.1,FALSE
2021-05-15,Bayer 04 Leverkusen,1. FC Union Berlin,1,1,de.1,FALSE
2021-05-15,SC Freiburg,FC Bayern München,2,2,de.1,FALSE
2021-05-15,FC Augsburg,SV Werder Bremen,2,0,de.1,FALSE
2021-05-16,Crystal Palace,Aston Villa,3,2,en.1,FALSE
2021-05-16,Tottenham Hotspur,Wolverhampton Wanderers,2,0,en.1,FALSE
2021-05-16,West Bromwich Albion,Liverpool,1,2,en.1,FALSE
2021-05-16,Everton,Sheffield United,0,1,en.1,FALSE
2021-05-16,FC Barcelona,RC Celta de Vigo,1,2,es.1,FALSE
2021-05-16,Valencia CF,SD Eibar,4,1,es.1,FALSE
2021-05-16,Club Atlético de Madrid,CA Osasuna,2,1,es.1,FALSE
2021-05-16,Athletic Club,Real Madrid CF,0,1,es.1,FALSE
2021-05-16,Getafe CF,Levante UD,2,1,es.1,FALSE
2021-05-16,Real Sociedad de Fútbol,Real Valladolid CF,4,1,es.1,FALSE
2021-05-16,Real Betis Balompié,SD Huesca,1,0,es.1,FALSE
2021-05-16,Villarreal CF,Sevilla,4,0,es.1,FALSE
2021-05-16,Deportivo Alavés,Granada CF,4,2,es.1,FALSE
2021-05-16,Cádiz CF,Elche CF,1,3,es.1,FALSE
2021-05-16,ACF Fiorentina,SSC Napoli,0,2,it.1,FALSE
2021-05-16,Udinese Calcio,Sampdoria,0,1,it.1,FALSE
2021-05-16,Benevento Calcio,FC Crotone,1,1,it.1,FALSE
2021-05-16,Parma Calcio 1913,US Sassuolo Calcio,1,3,it.1,FALSE
2021-05-16,AC Milan,Cagliari Calcio,0,0,it.1,FALSE
2021-05-16,1. FSV Mainz 05,Borussia Dortmund,1,3,de.1,FALSE
2021-05-16,RB Leipzig,VfL Wolfsburg,2,2,de.1,FALSE
2021-05-17,Hellas Verona,Bologna FC 1909,2,2,it.1,FALSE
2021-05-18,Manchester United,Fulham,1,1,en.1,FALSE
2021-05-18,Southampton,Leeds United,0,2,en.1,FALSE
2021-05-18,Brighton & Hove Albion,Manchester City,3,2,en.1,FALSE
2021-05-18,Chelsea,Leicester City,2,1,en.1,FALSE
2021-05-18,SS Lazio,Torino,0,0,it.1,FALSE
2021-05-19,Newcastle United,Sheffield United,1,0,en.1,FALSE
2021-05-19,Tottenham Hotspur,Aston Villa,1,2,en.1,FALSE
2021-05-19,Everton,Wolverhampton Wanderers,1,0,en.1,FALSE
2021-05-19,Crystal Palace,Arsenal,1,3,en.1,FALSE
2021-05-19,West Bromwich Albion,West Ham United,1,3,en.1,FALSE
2021-05-19,Burnley,Liverpool,0,3,en.1,FALSE
2021-05-21,Levante UD,Cádiz CF,2,2,es.1,FALSE
2021-05-22,Real Madrid CF,Villarreal CF,2,1,es.1,FALSE
2021-05-22,CA Osasuna,Real Sociedad de Fútbol,0,1,es.1,FALSE
2021-05-22,RC Celta de Vigo,Real Betis Balompié,2,3,es.1,FALSE
2021-05-22,Real Valladolid CF,Club Atlético de Madrid,1,2,es.1,FALSE
2021-05-22,Elche CF,Athletic Club,2,0,es.1,FALSE
2021-05-22,SD Huesca,Valencia CF,0,0,es.1,FALSE
2021-05-22,SD Eibar,FC Barcelona,0,1,es.1,FALSE
2021-05-22,Sampdoria,Parma Calcio 1913,3,0,it.1,FALSE
2021-05-22,Cagliari Calcio,Genoa CFC,0,1,it.1,FALSE
2021-05-22,FC Crotone,ACF Fiorentina,0,0,it.1,FALSE
2021-05-22,1. FC Köln,FC Schalke 04,1,0,de.1,FALSE
2021-05-22,Eintracht Frankfurt,SC Freiburg,3,1,de.1,FALSE
2021-05-22,Borussia Dortmund,Bayer 04 Leverkusen,3,1,de.1,FALSE
2021-05-22,VfB Stuttgart,Arminia Bielefeld,0,2,de.1,FALSE
2021-05-22,SV Werder Bremen,Borussia Mönchengladbach,2,4,de.1,FALSE
2021-05-22,VfL Wolfsburg,1. FSV Mainz 05,2,3,de.1,FALSE
2021-05-22,TSG 1899 Hoffenheim,Hertha BSC,2,1,de.1,FALSE
2021-05-22,1. FC Union Berlin,RB Leipzig,2,1,de.1,FALSE
2021-05-22,FC Bayern München,FC Augsburg,5,2,de.1,FALSE
2021-05-23,Fulham,Newcastle United,0,2,en.1,FALSE
2021-05-23,Aston Villa,Chelsea,2,1,en.1,FALSE
2021-05-23,Liverpool,Crystal Palace,2,0,en.1,FALSE
2021-05-23,Manchester City,Everton,5,0,en.1,FALSE
2021-05-23,Arsenal,Brighton & Hove Albion,2,0,en.1,FALSE
2021-05-23,Sheffield United,Burnley,1,0,en.1,FALSE
2021-05-23,Leicester City,Tottenham Hotspur,2,4,en.1,FALSE
2021-05-23,West Ham United,Southampton,3,0,en.1,FALSE
2021-05-23,Leeds United,West Bromwich Albion,3,1,en.1,FALSE
2021-05-23,Wolverhampton Wanderers,Manchester United,1,2,en.1,FALSE
2021-05-23,Granada CF,Getafe CF,0,0,es.1,FALSE
2021-05-23,Sevilla,Deportivo Alavés,1,0,es.1,FALSE
2021-05-23,FC Internazionale Milano,Udinese Calcio,5,1,it.1,FALSE
2021-05-23,SSC Napoli,Hellas Verona,1,1,it.1,FALSE
2021-05-23,Atalanta BC,AC Milan,0,2,it.1,FALSE
2021-05-23,Torino,Benevento Calcio,1,1,it.1,FALSE
2021-05-23,Bologna FC 1909,Juventus,1,4,it.1,FALSE
2021-05-23,Spezia Calcio,AS Roma,2,2,it.1,FALSE
2021-05-23,US Sassuolo Calcio,SS Lazio,2,0,it.1,FALSE
2021-08-13,Brentford,Arsenal,2,0,en.1,FALSE
2021-08-13,Valencia CF,Getafe CF,1,0,es.1,FALSE
2021-08-13,Borussia Mönchengladbach,FC Bayern München,1,1,de.1,FALSE
2021-08-14,Manchester United,Leeds United,5,1,en.1,FALSE
2021-08-14,Watford,Aston Villa,3,2,en.1,FALSE
2021-08-14,Leicester City,Wolverhampton Wanderers,1,0,en.1,FALSE
2021-08-14,Everton,Southampton,3,1,en.1,FALSE
2021-08-14,Chelsea,Crystal Palace,3,0,en.1,FALSE
2021-08-14,Burnley,Brighton & Hove Albion,1,2,en.1,FALSE
2021-08-14,Norwich City,Liverpool,0,3,en.1,FALSE
2021-08-14,Cádiz CF,Levante UD,1,1,es.1,FALSE
2021-08-14,RCD Mallorca,Real Betis Balompié,1,1,es.1,FALSE
2021-08-14,CA Osasuna,RCD Espanyol de Barcelona,0,0,es.1,FALSE
2021-08-14,Deportivo Alavés,Real Madrid CF,1,4,es.1,FALSE
2021-08-14,VfL Wolfsburg,VfL Bochum 1848,1,0,de.1,FALSE
2021-08-14,1. FC Union Berlin,Bayer 04 Leverkusen,1,1,de.1,FALSE
2021-08-14,VfB Stuttgart,SpVgg Greuther Fürth 1903,5,1,de.1,FALSE
2021-08-14,FC Augsburg,TSG 1899 Hoffenheim,0,4,de.1,FALSE
2021-08-14,Arminia Bielefeld,SC Freiburg,0,0,de.1,FALSE
2021-08-14,Borussia Dortmund,Eintracht Frankfurt,5,2,de.1,FALSE
2021-08-15,Newcastle United,West Ham United,2,4,en.1,FALSE
2021-08-15,Tottenham Hotspur,Manchester City,1,0,en.1,FALSE
2021-08-15,RC Celta de Vigo,Club Atlético de Madrid,1,2,es.1,FALSE
2021-08-15,FC Barcelona,Real Sociedad de Fútbol,4,2,es.1,FALSE
2021-08-15,Sevilla,Rayo Vallecano de Madrid,3,0,es.1,FALSE
2021-08-15,1. FSV Mainz 05,RB Leipzig,1,0,de.1,FALSE
2021-08-15,1. FC Köln,Hertha BSC,3,1,de.1,FALSE
2021-08-16,Villarreal CF,Granada CF,0,0,es.1,FALSE
2021-08-16,Elche CF,Athletic Club,0,0,es.1,FALSE
2021-08-20,Real Betis Balompié,Cádiz CF,1,1,es.1,FALSE
2021-08-20,RB Leipzig,VfB Stuttgart,4,0,de.1,FALSE
2021-08-21,Liverpool,Burnley,2,0,en.1,FALSE
2021-08-21,Manchester City,Norwich City,5,0,en.1,FALSE
2021-08-21,Leeds United,Everton,2,2,en.1,FALSE
2021-08-21,Crystal Palace,Brentford,0,0,en.1,FALSE
2021-08-21,Aston Villa,Newcastle United,2,0,en.1,FALSE
2021-08-21,Brighton & Hove Albion,Watford,2,0,en.1,FALSE
2021-08-21,Deportivo Alavés,RCD Mallorca,0,1,es.1,FALSE
2021-08-21,RCD Espanyol de Barcelona,Villarreal CF,0,0,es.1,FALSE
2021-08-21,Granada CF,Valencia CF,1,1,es.1,FALSE
2021-08-21,Athletic Club,FC Barcelona,1,1,es.1,FALSE
2021-08-21,FC Internazionale Milano,Genoa CFC,4,0,it.1,FALSE
2021-08-21,Hellas Verona,US Sassuolo Calcio,2,3,it.1,FALSE
2021-08-21,Torino,Atalanta BC,1,2,it.1,FALSE
2021-08-21,Empoli,SS Lazio,1,3,it.1,FALSE
2021-08-21,Eintracht Frankfurt,FC Augsburg,0,0,de.1,FALSE
2021-08-21,SC Freiburg,Borussia Dortmund,2,1,de.1,FALSE
2021-08-21,VfL Bochum 1848,1. FSV Mainz 05,2,0,de.1,FALSE
2021-08-21,SpVgg Greuther Fürth 1903,Arminia Bielefeld,1,1,de.1,FALSE
2021-08-21,Hertha BSC,VfL Wolfsburg,1,2,de.1,FALSE
2021-08-21,Bayer 04 Leverkusen,Borussia Mönchengladbach,4,0,de.1,FALSE
2021-08-22,Wolverhampton Wanderers,Tottenham Hotspur,0,1,en.1,FALSE
2021-08-22,Southampton,Manchester United,1,1,en.1,FALSE
2021-08-22,Arsenal,Chelsea,0,2,en.1,FALSE
2021-08-22,Real Sociedad de Fútbol,Rayo Vallecano de Madrid,1,0,es.1,FALSE
2021-08-22,Club Atlético de Madrid,Elche CF,1,0,es.1,FALSE
2021-08-22,Levante UD,Real Madrid CF,3,3,es.1,FALSE
2021-08-22,Udinese Calcio,Juventus,2,2,it.1,FALSE
2021-08-22,Bologna FC 1909,US Salernitana 1919,3,2,it.1,FALSE
2021-08-22,AS Roma,ACF Fiorentina,3,1,it.1,FALSE
2021-08-22,SSC Napoli,Venezia,2,0,it.1,FALSE
2021-08-22,TSG 1899 Hoffenheim,1. FC Union Berlin,2,2,de.1,FALSE
2021-08-22,FC Bayern München,1. FC Köln,3,2,de.1,FALSE
2021-08-23,West Ham United,Leicester City,4,1,en.1,FALSE
2021-08-23,Getafe CF,Sevilla,0,1,es.1,FALSE
2021-08-23,CA Osasuna,RC Celta de Vigo,0,0,es.1,FALSE
2021-08-23,Cagliari Calcio,Spezia Calcio,2,2,it.1,FALSE
2021-08-23,Sampdoria,AC Milan,0,1,it.1,FALSE
2021-08-27,RCD Mallorca,RCD Espanyol de Barcelona,1,0,es.1,FALSE
2021-08-27,Valencia CF,Deportivo Alavés,3,0,es.1,FALSE
2021-08-27,Udinese Calcio,Venezia,3,0,it.1,FALSE
2021-08-27,Hellas Verona,FC Internazionale Milano,1,3,it.1,FALSE
2021-08-27,Borussia Dortmund,TSG 1899 Hoffenheim,3,2,de.1,FALSE
2021-08-28,Manchester City,Arsenal,5,0,en.1,FALSE
2021-08-28,West Ham United,Crystal Palace,2,2,en.1,FALSE
2021-08-28,Norwich City,Leicester City,1,2,en.1,FALSE
2021-08-28,Newcastle United,Southampton,2,2,en.1,FALSE
2021-08-28,Brighton & Hove Albion,Everton,0,2,en.1,FALSE
2021-08-28,Aston Villa,Brentford,1,1,en.1,FALSE
2021-08-28,Liverpool,Chelsea,1,1,en.1,FALSE
2021-08-28,RC Celta de Vigo,Athletic Club,0,1,es.1,FALSE
2021-08-28,Elche CF,Sevilla,1,1,es.1,FALSE
2021-08-28,Real Sociedad de Fútbol,Levante UD,1,0,es.1,FALSE
2021-08-28,Real Betis Balompié,Real Madrid CF,0,1,es.1,FALSE
2021-08-28,SS Lazio,Spezia Calcio,6,1,it.1,FALSE
2021-08-28,Atalanta BC,Bologna FC 1909,0,0,it.1,FALSE
2021-08-28,Juventus,Empoli,0,1,it.1,FALSE
2021-08-28,ACF Fiorentina,Torino,2,1,it.1,FALSE
2021-08-28,VfB Stuttgart,SC Freiburg,2,3,de.1,FALSE
2021-08-28,1. FSV Mainz 05,SpVgg Greuther Fürth 1903,3,0,de.1,FALSE
2021-08-28,FC Augsburg,Bayer 04 Leverkusen,1,4,de.1,FALSE
2021-08-28,Arminia Bielefeld,Eintracht Frankfurt,1,1,de.1,FALSE
2021-08-28,1. FC Köln,VfL Bochum 1848,2,1,de.1,FALSE
2021-08-28,FC Bayern München,Hertha BSC,5,0,de.1,FALSE
2021-08-29,Tottenham Hotspur,Watford,1,0,en.1,FALSE
2021-08-29,Burnley,Leeds United,1,1,en.1,FALSE
2021-08-29,Wolverhampton Wanderers,Manchester United,0,1,en.1,FALSE
2021-08-29,FC Barcelona,Getafe CF,2,1,es.1,FALSE
2021-08-29,Rayo Vallecano de Madrid,Granada CF,4,0,es.1,FALSE
2021-08-29,Cádiz CF,CA Osasuna,2,3,es.1,FALSE
2021-08-29,Club Atlético de Madrid,Villarreal CF,2,2,es.1,FALSE
2021-08-29,US Sassuolo Calcio,Sampdoria,0,0,it.1,FALSE
2021-08-29,Genoa CFC,SSC Napoli,1,2,it.1,FALSE
2021-08-29,US Salernitana 1919,AS Roma,0,4,it.1,FALSE
2021-08-29,AC Milan,Cagliari Calcio,4,1,it.1,FALSE
2021-08-29,1. FC Union Berlin,Borussia Mönchengladbach,2,1,de.1,FALSE
2021-08-29,VfL Wolfsburg,RB Leipzig,1,0,de.1,FALSE
2021-09-11,Crystal Palace,Tottenham Hotspur,3,0,en.1,FALSE
2021-09-11,Watford,Wolverhampton Wanderers,0,2,en.1,FALSE
2021-09-11,Southampton,West Ham United,0,0,en.1,FALSE
2021-09-11,Manchester United,Newcastle United,4,1,en.1,FALSE
2021-09-11,Leicester City,Manchester City,0,1,en.1,FALSE
2021-09-11,Brentford,Brighton & Hove Albion,0,1,en.1,FALSE
2021-09-11,Arsenal,Norwich City,1,0,en.1,FALSE
2021-09-11,Chelsea,Aston Villa,3,0,en.1,FALSE
2021-09-11,Levante UD,Rayo Vallecano de Madrid,1,1,es.1,FALSE
2021-09-11,Athletic Club,RCD Mallorca,2,0,es.1,FALSE
2021-09-11,Empoli,Venezia,1,2,it.1,FALSE
2021-09-11,SSC Napoli,Juventus,2,1,it.1,FALSE
2021-09-11,Atalanta BC,ACF Fiorentina,1,2,it.1,FALSE
2021-09-11,Bayer 04 Leverkusen,Borussia Dortmund,3,4,de.1,FALSE
2021-09-11,1. FC Union Berlin,FC Augsburg,0,0,de.1,FALSE
2021-09-11,SC Freiburg,1. FC Köln,1,1,de.1,FALSE
2021-09-11,TSG 1899 Hoffenheim,1. FSV Mainz 05,0,2,de.1,FALSE
2021-09-11,SpVgg Greuther Fürth 1903,VfL Wolfsburg,0,2,de.1,FALSE
2021-09-11,RB Leipzig,FC Bayern München,1,4,de.1,FALSE
2021-09-12,Leeds United,Liverpool,0,3,en.1,FALSE
2021-09-12,RCD Espanyol de Barcelona,Club Atlético de Madrid,1,2,es.1,FALSE
2021-09-12,CA Osasuna,Valencia CF,1,4,es.1,FALSE
2021-09-12,Cádiz CF,Real Sociedad de Fútbol,0,2,es.1,FALSE
2021-09-12,Real Madrid CF,RC Celta de Vigo,5,2,es.1,FALSE
2021-09-12,Sampdoria,FC Internazionale Milano,2,2,it.1,FALSE
2021-09-12,Torino,US Salernitana 1919,4,0,it.1,FALSE
2021-09-12,Spezia Calcio,Udinese Calcio,0,1,it.1,FALSE
2021-09-12,Cagliari Calcio,Genoa CFC,2,3,it.1,FALSE
2021-09-12,AC Milan,SS Lazio,2,0,it.1,FALSE
2021-09-12,AS Roma,US Sassuolo Calcio,2,1,it.1,FALSE
2021-09-12,Eintracht Frankfurt,VfB Stuttgart,1,1,de.1,FALSE
2021-09-12,VfL Bochum 1848,Hertha BSC,1,3,de.1,FALSE
2021-09-12,Borussia Mönchengladbach,Arminia Bielefeld,3,1,de.1,FALSE
2021-09-13,Everton,Burnley,3,1,en.1,FALSE
2021-09-13,Getafe CF,Elche CF,0,1,es.1,FALSE
2021-09-13,Granada CF,Real Betis Balompié,1,2,es.1,FALSE
2021-09-13,Bologna FC 1909,Hellas Verona,1,0,it.1,FALSE
2021-09-17,Newcastle United,Leeds United,1,1,en.1,FALSE
2021-09-17,RC Celta de Vigo,Cádiz CF,1,2,es.1,FALSE
2021-09-17,US Sassuolo Calcio,Torino,0,1,it.1,FALSE
2021-09-17,Hertha BSC,SpVgg Greuther Fürth 1903,2,1,de.1,FALSE
2021-09-18,Wolverhampton Wanderers,Brentford,0,2,en.1,FALSE
2021-09-18,Norwich City,Watford,1,3,en.1,FALSE
2021-09-18,Manchester City,Southampton,0,0,en.1,FALSE
2021-09-18,Liverpool,Crystal Palace,3,0,en.1,FALSE
2021-09-18,Burnley,Arsenal,0,1,en.1,FALSE
2021-09-18,Aston Villa,Everton,3,0,en.1,FALSE
2021-09-18,Rayo Vallecano de Madrid,Getafe CF,3,0,es.1,FALSE
2021-09-18,Club Atlético de Madrid,Athletic Club,0,0,es.1,FALSE
2021-09-18,Elche CF,Levante UD,1,1,es.1,FALSE
2021-09-18,Deportivo Alavés,CA Osasuna,0,2,es.1,FALSE
2021-09-18,Genoa CFC,ACF Fiorentina,1,2,it.1,FALSE
2021-09-18,FC Internazionale Milano,Bologna FC 1909,6,1,it.1,FALSE
2021-09-18,US Salernitana 1919,Atalanta BC,0,1,it.1,FALSE
2021-09-18,FC Bayern München,VfL Bochum 1848,7,0,de.1,FALSE
2021-09-18,1. FSV Mainz 05,SC Freiburg,0,0,de.1,FALSE
2021-09-18,FC Augsburg,Borussia Mönchengladbach,1,0,de.1,FALSE
2021-09-18,Arminia Bielefeld,TSG 1899 Hoffenheim,0,0,de.1,FALSE
2021-09-18,1. FC Köln,RB Leipzig,1,1,de.1,FALSE
2021-09-19,West Ham United,Manchester United,1,2,en.1,FALSE
2021-09-19,Brighton & Hove Albion,Leicester City,2,1,en.1,FALSE
2021-09-19,Tottenham Hotspur,Chelsea,0,3,en.1,FALSE
2021-09-19,RCD Mallorca,Villarreal CF,0,0,es.1,FALSE
2021-09-19,Real Sociedad de Fútbol,Sevilla,0,0,es.1,FALSE
2021-09-19,Real Betis Balompié,RCD Espanyol de Barcelona,2,2,es.1,FALSE
2021-09-19,Valencia CF,Real Madrid CF,1,2,es.1,FALSE
2021-09-19,Empoli,Sampdoria,0,3,it.1,FALSE
2021-09-19,Venezia,Spezia Calcio,1,2,it.1,FALSE
2021-09-19,SS Lazio,Cagliari Calcio,2,2,it.1,FALSE
2021-09-19,Hellas Verona,AS Roma,3,2,it.1,FALSE
2021-09-19,Juventus,AC Milan,1,1,it.1,FALSE
2021-09-19,VfB Stuttgart,Bayer 04 Leverkusen,1,3,de.1,FALSE
2021-09-19,Borussia Dortmund,1. FC Union Berlin,4,2,de.1,FALSE
2021-09-19,VfL Wolfsburg,Eintracht Frankfurt,1,1,de.1,FALSE
2021-09-20,FC Barcelona,Granada CF,1,1,es.1,FALSE
2021-09-20,Udinese Calcio,SSC Napoli,0,4,it.1,FALSE
2021-09-21,Getafe CF,Club Atlético de Madrid,1,2,es.1,FALSE
2021-09-21,Levante UD,RC Celta de Vigo,0,2,es.1,FALSE
2021-09-21,Athletic Club,Rayo Vallecano de Madrid,1,2,es.1,FALSE
2021-09-21,Bologna FC 1909,Genoa CFC,2,2,it.1,FALSE
2021-09-21,ACF Fiorentina,FC Internazionale Milano,1,3,it.1,FALSE
2021-09-21,Atalanta BC,US Sassuolo Calcio,2,1,it.1,FALSE
2021-09-22,Sevilla,Valencia CF,3,1,es.1,FALSE
2021-09-22,RCD Espanyol de Barcelona,Deportivo Alavés,1,0,es.1,FALSE
2021-09-22,Villarreal CF,Elche CF,4,1,es.1,FALSE
2021-09-22,Real Madrid CF,RCD Mallorca,6,1,es.1,FALSE
2021-09-22,Spezia Calcio,Juventus,2,3,it.1,FALSE
2021-09-22,US Salernitana 1919,Hellas Verona,2,2,it.1,FALSE
2021-09-22,AC Milan,Venezia,2,0,it.1,FALSE
2021-09-22,Cagliari Calcio,Empoli,0,2,it.1,FALSE
2021-09-23,CA Osasuna,Real Betis Balompié,1,3,es.1,FALSE
2021-09-23,Granada CF,Real Sociedad de Fútbol,2,3,es.1,FALSE
2021-09-23,Cádiz CF,FC Barcelona,0,0,es.1,FALSE
2021-09-23,Torino,SS Lazio,1,1,it.1,FALSE
2021-09-23,Sampdoria,SSC Napoli,0,4,it.1,FALSE
2021-09-23,AS Roma,Udinese Calcio,1,0,it.1,FALSE
2021-09-24,SpVgg Greuther Fürth 1903,FC Bayern München,1,3,de.1,FALSE
2021-09-25,Manchester United,Aston Villa,0,1,en.1,FALSE
2021-09-25,Chelsea,Manchester City,0,1,en.1,FALSE
2021-09-25,Watford,Newcastle United,1,1,en.1,FALSE
2021-09-25,Leicester City,Burnley,2,2,en.1,FALSE
2021-09-25,Leeds United,West Ham United,1,2,en.1,FALSE
2021-09-25,Everton,Norwich City,2,0,en.1,FALSE
2021-09-25,Brentford,Liverpool,3,3,en.1,FALSE
2021-09-25,Deportivo Alavés,Club Atlético de Madrid,1,0,es.1,FALSE
2021-09-25,Valencia CF,Athletic Club,1,1,es.1,FALSE
2021-09-25,Sevilla,RCD Espanyol de Barcelona,2,0,es.1,FALSE
2021-09-25,Real Madrid CF,Villarreal CF,0,0,es.1,FALSE
2021-09-25,Spezia Calcio,AC Milan,1,2,it.1,FALSE
2021-09-25,FC Internazionale Milano,Atalanta BC,2,2,it.1,FALSE
2021-09-25,Genoa CFC,Hellas Verona,3,3,it.1,FALSE
2021-09-25,RB Leipzig,Hertha BSC,6,0,de.1,FALSE
2021-09-25,Eintracht Frankfurt,1. FC Köln,1,1,de.1,FALSE
2021-09-25,Bayer 04 Leverkusen,1. FSV Mainz 05,1,0,de.1,FALSE
2021-09-25,1. FC Union Berlin,Arminia Bielefeld,1,0,de.1,FALSE
2021-09-25,TSG 1899 Hoffenheim,VfL Wolfsburg,3,1,de.1,FALSE
2021-09-25,Borussia Mönchengladbach,Borussia Dortmund,1,0,de.1,FALSE
2021-09-26,Southampton,Wolverhampton Wanderers,0,1,en.1,FALSE
2021-09-26,Arsenal,Tottenham Hotspur,3,1,en.1,FALSE
2021-09-26,RCD Mallorca,CA Osasuna,2,3,es.1,FALSE
2021-09-26,FC Barcelona,Levante UD,3,0,es.1,FALSE
2021-09-26,Rayo Vallecano de Madrid,Cádiz CF,3,1,es.1,FALSE
2021-09-26,Real Sociedad de Fútbol,Elche CF,1,0,es.1,FALSE
2021-09-26,Real Betis Balompié,Getafe CF,2,0,es.1,FALSE
2021-09-26,Juventus,Sampdoria,3,2,it.1,FALSE
2021-09-26,Empoli,Bologna FC 1909,4,2,it.1,FALSE
2021-09-26,Udinese Calcio,ACF Fiorentina,0,1,it.1,FALSE
2021-09-26,US Sassuolo Calcio,US Salernitana 1919,1,0,it.1,FALSE
2021-09-26,SS Lazio,AS Roma,3,2,it.1,FALSE
2021-09-26,SSC Napoli,Cagliari Calcio,2,0,it.1,FALSE
2021-09-26,VfL Bochum 1848,VfB Stuttgart,0,0,de.1,FALSE
2021-09-26,SC Freiburg,FC Augsburg,3,0,de.1,FALSE
2021-09-27,Crystal Palace,Brighton & Hove Albion,1,1,en.1,FALSE
2021-09-27,RC Celta de Vigo,Granada CF,1,0,es.1,FALSE
2021-09-27,Venezia,Torino,1,1,it.1,FALSE
2021-10-01,Athletic Club,Deportivo Alavés,1,0,es.1,FALSE
2021-10-01,Cagliari Calcio,Venezia,1,1,it.1,FALSE
2021-10-01,1. FC Köln,SpVgg Greuther Fürth 1903,3,1,de.1,FALSE
2021-10-02,Manchester United,Everton,1,1,en.1,FALSE
2021-10-02,Wolverhampton Wanderers,Newcastle United,2,1,en.1,FALSE
2021-10-02,Leeds United,Watford,1,0,en.1,FALSE
2021-10-02,Chelsea,Southampton,3,1,en.1,FALSE
2021-10-02,Burnley,Norwich City,0,0,en.1,FALSE
2021-10-02,Brighton & Hove Albion,Arsenal,0,0,en.1,FALSE
2021-10-02,CA Osasuna,Rayo Vallecano de Madrid,1,0,es.1,FALSE
2021-10-02,RCD Mallorca,Levante UD,1,0,es.1,FALSE
2021-10-02,Cádiz CF,Valencia CF,0,0,es.1,FALSE
2021-10-02,Club Atlético de Madrid,FC Barcelona,2,0,es.1,FALSE
2021-10-02,US Salernitana 1919,Genoa CFC,1,0,it.1,FALSE
2021-10-02,Torino,Juventus,0,1,it.1,FALSE
2021-10-02,US Sassuolo Calcio,FC Internazionale Milano,1,2,it.1,FALSE
2021-10-02,Borussia Dortmund,FC Augsburg,2,1,de.1,FALSE
2021-10-02,VfL Wolfsburg,Borussia Mönchengladbach,1,3,de.1,FALSE
2021-10-02,VfB Stuttgart,TSG 1899 Hoffenheim,3,1,de.1,FALSE
2021-10-02,Hertha BSC,SC Freiburg,1,2,de.1,FALSE
2021-10-02,RB Leipzig,VfL Bochum 1848,3,0,de.1,FALSE
2021-10-03,West Ham United,Brentford,1,2,en.1,FALSE
2021-10-03,Tottenham Hotspur,Aston Villa,2,1,en.1,FALSE
2021-10-03,Crystal Palace,Leicester City,2,2,en.1,FALSE
2021-10-03,Liverpool,Manchester City,2,2,en.1,FALSE
2021-10-03,Elche CF,RC Celta de Vigo,1,0,es.1,FALSE
2021-10-03,RCD Espanyol de Barcelona,Real Madrid CF,2,1,es.1,FALSE
2021-10-03,Villarreal CF,Real Betis Balompié,2,0,es.1,FALSE
2021-10-03,Getafe CF,Real Sociedad de Fútbol,1,1,es.1,FALSE
2021-10-03,Granada CF,Sevilla,1,0,es.1,FALSE
2021-10-03,Bologna FC 1909,SS Lazio,3,0,it.1,FALSE
2021-10-03,Sampdoria,Udinese Calcio,3,3,it.1,FALSE
2021-10-03,Hellas Verona,Spezia Calcio,4,0,it.1,FALSE
2021-10-03,AS Roma,Empoli,2,0,it.1,FALSE
2021-10-03,ACF Fiorentina,SSC Napoli,1,2,it.1,FALSE
2021-10-03,Atalanta BC,AC Milan,2,3,it.1,FALSE
2021-10-03,1. FSV Mainz 05,1. FC Union Berlin,1,2,de.1,FALSE
2021-10-03,FC Bayern München,Eintracht Frankfurt,1,2,de.1,FALSE
2021-10-03,Arminia Bielefeld,Bayer 04 Leverkusen,0,4,de.1,FALSE
2021-10-15,TSG 1899 Hoffenheim,1. FC Köln,5,0,de.1,FALSE
2021-10-16,Watford,Liverpool,0,5,en.1,FALSE
2021-10-16,Southampton,Leeds United,1,0,en.1,FALSE
2021-10-16,Norwich City,Brighton & Hove Albion,0,0,en.1,FALSE
2021-10-16,Manchester City,Burnley,2,0,en.1,FALSE
2021-10-16,Leicester City,Manchester United,4,2,en.1,FALSE
2021-10-16,Aston Villa,Wolverhampton Wanderers,2,3,en.1,FALSE
2021-10-16,Brentford,Chelsea,0,1,en.1,FALSE
2021-10-16,Levante UD,Getafe CF,0,0,es.1,FALSE
2021-10-16,Real Sociedad de Fútbol,RCD Mallorca,1,0,es.1,FALSE
2021-10-16,Spezia Calcio,US Salernitana 1919,2,1,it.1,FALSE
2021-10-16,SS Lazio,FC Internazionale Milano,3,1,it.1,FALSE
2021-10-16,AC Milan,Hellas Verona,3,2,it.1,FALSE
2021-10-16,Borussia Dortmund,1. FSV Mainz 05,3,1,de.1,FALSE
2021-10-16,Eintracht Frankfurt,Hertha BSC,1,2,de.1,FALSE
2021-10-16,1. FC Union Berlin,VfL Wolfsburg,2,0,de.1,FALSE
2021-10-16,SC Freiburg,RB Leipzig,1,1,de.1,FALSE
2021-10-16,SpVgg Greuther Fürth 1903,VfL Bochum 1848,0,1,de.1,FALSE
2021-10-16,Borussia Mönchengladbach,VfB Stuttgart,1,1,de.1,FALSE
2021-10-17,Everton,West Ham United,0,1,en.1,FALSE
2021-10-17,Newcastle United,Tottenham Hotspur,2,3,en.1,FALSE
2021-10-17,Rayo Vallecano de Madrid,Elche CF,2,1,es.1,FALSE
2021-10-17,RC Celta de Vigo,Sevilla,0,1,es.1,FALSE
2021-10-17,Villarreal CF,CA Osasuna,1,2,es.1,FALSE
2021-10-17,FC Barcelona,Valencia CF,3,1,es.1,FALSE
2021-10-17,Cagliari Calcio,Sampdoria,3,1,it.1,FALSE
2021-10-17,Udinese Calcio,Bologna FC 1909,1,1,it.1,FALSE
2021-10-17,Genoa CFC,US Sassuolo Calcio,2,2,it.1,FALSE
2021-10-17,Empoli,Atalanta BC,1,4,it.1,FALSE
2021-10-17,SSC Napoli,Torino,1,0,it.1,FALSE
2021-10-17,Juventus,AS Roma,1,0,it.1,FALSE
2021-10-17,Bayer 04 Leverkusen,FC Bayern München,1,5,de.1,FALSE
2021-10-17,FC Augsburg,Arminia Bielefeld,1,1,de.1,FALSE
2021-10-18,Arsenal,Crystal Palace,2,2,en.1,FALSE
2021-10-18,Deportivo Alavés,Real Betis Balompié,0,1,es.1,FALSE
2021-10-18,RCD Espanyol de Barcelona,Cádiz CF,2,0,es.1,FALSE
2021-10-18,Venezia,ACF Fiorentina,1,0,it.1,FALSE
2021-10-22,Arsenal,Aston Villa,3,1,en.1,FALSE
2021-10-22,CA Osasuna,Granada CF,1,1,es.1,FALSE
2021-10-22,Torino,Genoa CFC,3,2,it.1,FALSE
2021-10-22,Sampdoria,Spezia Calcio,2,1,it.1,FALSE
2021-10-22,1. FSV Mainz 05,FC Augsburg,4,1,de.1,FALSE
2021-10-23,Chelsea,Norwich City,7,0,en.1,FALSE
2021-10-23,Southampton,Burnley,2,2,en.1,FALSE
2021-10-23,Leeds United,Wolverhampton Wanderers,1,1,en.1,FALSE
2021-10-23,Everton,Watford,2,5,en.1,FALSE
2021-10-23,Crystal Palace,Newcastle United,1,1,en.1,FALSE
2021-10-23,Brighton & Hove Albion,Manchester City,1,4,en.1,FALSE
2021-10-23,Valencia CF,RCD Mallorca,2,2,es.1,FALSE
2021-10-23,Cádiz CF,Deportivo Alavés,0,2,es.1,FALSE
2021-10-23,Elche CF,RCD Espanyol de Barcelona,2,2,es.1,FALSE
2021-10-23,Athletic Club,Villarreal CF,2,1,es.1,FALSE
2021-10-23,US Salernitana 1919,Empoli,2,4,it.1,FALSE
2021-10-23,US Sassuolo Calcio,Venezia,3,1,it.1,FALSE
2021-10-23,Bologna FC 1909,AC Milan,2,4,it.1,FALSE
2021-10-23,FC Bayern München,TSG 1899 Hoffenheim,4,0,de.1,FALSE
2021-10-23,RB Leipzig,SpVgg Greuther Fürth 1903,4,1,de.1,FALSE
2021-10-23,VfL Wolfsburg,SC Freiburg,0,2,de.1,FALSE
2021-10-23,Arminia Bielefeld,Borussia Dortmund,1,3,de.1,FALSE
2021-10-23,Hertha BSC,Borussia Mönchengladbach,1,0,de.1,FALSE
2021-10-24,West Ham United,Tottenham Hotspur,1,0,en.1,FALSE
2021-10-24,Brentford,Leicester City,1,2,en.1,FALSE
2021-10-24,Manchester United,Liverpool,0,5,en.1,FALSE
2021-10-24,Sevilla,Levante UD,5,3,es.1,FALSE
2021-10-24,FC Barcelona,Real Madrid CF,1,2,es.1,FALSE
2021-10-24,Real Betis Balompié,Rayo Vallecano de Madrid,3,2,es.1,FALSE
2021-10-24,Club Atlético de Madrid,Real Sociedad de Fútbol,2,2,es.1,FALSE
2021-10-24,Atalanta BC,Udinese Calcio,1,1,it.1,FALSE
2021-10-24,Hellas Verona,SS Lazio,4,1,it.1,FALSE
2021-10-24,ACF Fiorentina,Cagliari Calcio,3,0,it.1,FALSE
2021-10-24,AS Roma,SSC Napoli,0,0,it.1,FALSE
2021-10-24,FC Internazionale Milano,Juventus,1,1,it.1,FALSE
2021-10-24,1. FC Köln,Bayer 04 Leverkusen,2,2,de.1,FALSE
2021-10-24,VfB Stuttgart,1. FC Union Berlin,1,1,de.1,FALSE
2021-10-24,VfL Bochum 1848,Eintracht Frankfurt,2,0,de.1,FALSE
2021-10-25,Getafe CF,RC Celta de Vigo,0,3,es.1,FALSE
2021-10-26,Deportivo Alavés,Elche CF,1,0,es.1,FALSE
2021-10-26,RCD Espanyol de Barcelona,Athletic Club,1,1,es.1,FALSE
2021-10-26,Villarreal CF,Cádiz CF,3,3,es.1,FALSE
2021-10-26,Venezia,US Salernitana 1919,1,2,it.1,FALSE
2021-10-26,Spezia Calcio,Genoa CFC,1,1,it.1,FALSE
2021-10-26,AC Milan,Torino,1,0,it.1,FALSE
2021-10-27,Rayo Vallecano de Madrid,FC Barcelona,1,0,es.1,FALSE
2021-10-27,RCD Mallorca,Sevilla,1,1,es.1,FALSE
2021-10-27,Real Betis Balompié,Valencia CF,4,1,es.1,FALSE
2021-10-27,Real Madrid CF,CA Osasuna,0,0,es.1,FALSE
2021-10-27,Udinese Calcio,Hellas Verona,1,1,it.1,FALSE
2021-10-27,Juventus,US Sassuolo Calcio,1,2,it.1,FALSE
2021-10-27,Sampdoria,Atalanta BC,1,3,it.1,FALSE
2021-10-27,SS Lazio,ACF Fiorentina,1,0,it.1,FALSE
2021-10-27,Empoli,FC Internazionale Milano,0,2,it.1,FALSE
2021-10-27,Cagliari Calcio,AS Roma,1,2,it.1,FALSE
2021-10-28,RC Celta de Vigo,Real Sociedad de Fútbol,0,2,es.1,FALSE
2021-10-28,Granada CF,Getafe CF,1,1,es.1,FALSE
2021-10-28,Levante UD,Club Atlético de Madrid,2,2,es.1,FALSE
2021-10-28,SSC Napoli,Bologna FC 1909,3,0,it.1,FALSE
2021-10-29,TSG 1899 Hoffenheim,Hertha BSC,2,0,de.1,FALSE
2021-10-30,Leicester City,Arsenal,0,2,en.1,FALSE
2021-10-30,Watford,Southampton,0,1,en.1,FALSE
2021-10-30,Newcastle United,Chelsea,0,3,en.1,FALSE
2021-10-30,Manchester City,Crystal Palace,0,2,en.1,FALSE
2021-10-30,Liverpool,Brighton & Hove Albion,2,2,en.1,FALSE
2021-10-30,Burnley,Brentford,3,1,en.1,FALSE
2021-10-30,Tottenham Hotspur,Manchester United,0,3,en.1,FALSE
2021-10-30,Elche CF,Real Madrid CF,1,2,es.1,FALSE
2021-10-30,Sevilla,CA Osasuna,2,0,es.1,FALSE
2021-10-30,Valencia CF,Villarreal CF,2,0,es.1,FALSE
2021-10-30,FC Barcelona,Deportivo Alavés,1,1,es.1,FALSE
2021-10-30,Atalanta BC,SS Lazio,2,2,it.1,FALSE
2021-10-30,Hellas Verona,Juventus,2,1,it.1,FALSE
2021-10-30,Torino,Sampdoria,3,0,it.1,FALSE
2021-10-30,Borussia Dortmund,1. FC Köln,2,0,de.1,FALSE
2021-10-30,Bayer 04 Leverkusen,VfL Wolfsburg,0,2,de.1,FALSE
2021-10-30,1. FC Union Berlin,FC Bayern München,2,5,de.1,FALSE
2021-10-30,SC Freiburg,SpVgg Greuther Fürth 1903,3,1,de.1,FALSE
2021-10-30,Arminia Bielefeld,1. FSV Mainz 05,1,2,de.1,FALSE
2021-10-30,Eintracht Frankfurt,RB Leipzig,1,1,de.1,FALSE
2021-10-31,Norwich City,Leeds United,1,2,en.1,FALSE
2021-10-31,Aston Villa,West Ham United,1,4,en.1,FALSE
2021-10-31,Cádiz CF,RCD Mallorca,1,1,es.1,FALSE
2021-10-31,Club Atlético de Madrid,Real Betis Balompié,3,0,es.1,FALSE
2021-10-31,Getafe CF,RCD Espanyol de Barcelona,2,1,es.1,FALSE
2021-10-31,Real Sociedad de Fútbol,Athletic Club,1,1,es.1,FALSE
2021-10-31,FC Internazionale Milano,Udinese Calcio,2,0,it.1,FALSE
2021-10-31,US Sassuolo Calcio,Empoli,1,2,it.1,FALSE
2021-10-31,Genoa CFC,Venezia,0,0,it.1,FALSE
2021-10-31,ACF Fiorentina,Spezia Calcio,3,0,it.1,FALSE
2021-10-31,US Salernitana 1919,SSC Napoli,0,1,it.1,FALSE
2021-10-31,AS Roma,AC Milan,1,2,it.1,FALSE
2021-10-31,FC Augsburg,VfB Stuttgart,4,1,de.1,FALSE
2021-10-31,Borussia Mönchengladbach,VfL Bochum 1848,2,1,de.1,FALSE
2021-11-01,Wolverhampton Wanderers,Everton,2,1,en.1,FALSE
2021-11-01,Rayo Vallecano de Madrid,RC Celta de Vigo,0,0,es.1,FALSE
2021-11-01,Levante UD,Granada CF,0,3,es.1,FALSE
2021-11-01,Bologna FC 1909,Cagliari Calcio,2,0,it.1,FALSE
2021-11-05,Southampton,Aston Villa,1,0,en.1,FALSE
2021-11-05,Athletic Club,Cádiz CF,0,1,es.1,FALSE
2021-11-05,Empoli,Genoa CFC,2,2,it.1,FALSE
2021-11-05,1. FSV Mainz 05,Borussia Mönchengladbach,1,1,de.1,FALSE
2021-11-06,Manchester United,Manchester City,0,2,en.1,FALSE
2021-11-06,Crystal Palace,Wolverhampton Wanderers,2,0,en.1,FALSE
2021-11-06,Chelsea,Burnley,1,1,en.1,FALSE
2021-11-06,Brentford,Norwich City,1,2,en.1,FALSE
2021-11-06,Brighton & Hove Albion,Newcastle United,1,1,en.1,FALSE
2021-11-06,RCD Espanyol de Barcelona,Granada CF,2,0,es.1,FALSE
2021-11-06,RC Celta de Vigo,FC Barcelona,3,3,es.1,FALSE
2021-11-06,Deportivo Alavés,Levante UD,2,1,es.1,FALSE
2021-11-06,Real Madrid CF,Rayo Vallecano de Madrid,2,1,es.1,FALSE
2021-11-06,Spezia Calcio,Torino,1,0,it.1,FALSE
2021-11-06,Juventus,ACF Fiorentina,1,0,it.1,FALSE
2021-11-06,Cagliari Calcio,Atalanta BC,1,2,it.1,FALSE
2021-11-06,FC Bayern München,SC Freiburg,2,1,de.1,FALSE
2021-11-06,VfL Wolfsburg,FC Augsburg,1,0,de.1,FALSE
2021-11-06,VfB Stuttgart,Arminia Bielefeld,0,1,de.1,FALSE
2021-11-06,VfL Bochum 1848,TSG 1899 Hoffenheim,2,0,de.1,FALSE
2021-11-06,RB Leipzig,Borussia Dortmund,2,1,de.1,FALSE
2021-11-07,Leeds United,Leicester City,1,1,en.1,FALSE
2021-11-07,Everton,Tottenham Hotspur,0,0,en.1,FALSE
2021-11-07,Arsenal,Watford,1,0,en.1,FALSE
2021-11-07,West Ham United,Liverpool,3,2,en.1,FALSE
2021-11-07,Villarreal CF,Getafe CF,1,0,es.1,FALSE
2021-11-07,Valencia CF,Club Atlético de Madrid,3,3,es.1,FALSE
2021-11-07,CA Osasuna,Real Sociedad de Fútbol,0,2,es.1,FALSE
2021-11-07,RCD Mallorca,Elche CF,2,2,es.1,FALSE
2021-11-07,Real Betis Balompié,Sevilla,0,2,es.1,FALSE
2021-11-07,Venezia,AS Roma,3,2,it.1,FALSE
2021-11-07,Udinese Calcio,US Sassuolo Calcio,3,2,it.1,FALSE
2021-11-07,Sampdoria,Bologna FC 1909,1,2,it.1,FALSE
2021-11-07,SSC Napoli,Hellas Verona,1,1,it.1,FALSE
2021-11-07,SS Lazio,US Salernitana 1919,3,0,it.1,FALSE
2021-11-07,AC Milan,FC Internazionale Milano,1,1,it.1,FALSE
2021-11-07,Hertha BSC,Bayer 04 Leverkusen,1,1,de.1,FALSE
2021-11-07,1. FC Köln,1. FC Union Berlin,2,2,de.1,FALSE
2021-11-07,SpVgg Greuther Fürth 1903,Eintracht Frankfurt,1,2,de.1,FALSE
2021-11-19,Levante UD,Athletic Club,0,0,es.1,FALSE
2021-11-19,FC Augsburg,FC Bayern München,2,1,de.1,FALSE
2021-11-20,Leicester City,Chelsea,0,3,en.1,FALSE
2021-11-20,Wolverhampton Wanderers,West Ham United,1,0,en.1,FALSE
2021-11-20,Watford,Manchester United,4,1,en.1,FALSE
2021-11-20,Norwich City,Southampton,2,1,en.1,FALSE
2021-11-20,Newcastle United,Brentford,3,3,en.1,FALSE
2021-11-20,Burnley,Crystal Palace,3,3,en.1,FALSE
2021-11-20,Aston Villa,Brighton & Hove Albion,2,0,en.1,FALSE
2021-11-20,Liverpool,Arsenal,4,0,en.1,FALSE
2021-11-20,RC Celta de Vigo,Villarreal CF,1,1,es.1,FALSE
2021-11-20,Sevilla,Deportivo Alavés,2,2,es.1,FALSE
2021-11-20,Club Atlético de Madrid,CA Osasuna,1,0,es.1,FALSE
2021-11-20,FC Barcelona,RCD Espanyol de Barcelona,1,0,es.1,FALSE
2021-11-20,Atalanta BC,Spezia Calcio,5,2,it.1,FALSE
2021-11-20,SS Lazio,Juventus,0,2,it.1,FALSE
2021-11-20,ACF Fiorentina,AC Milan,4,3,it.1,FALSE
2021-11-20,Borussia Dortmund,VfB Stuttgart,2,1,de.1,FALSE
2021-11-20,Bayer 04 Leverkusen,VfL Bochum 1848,1,0,de.1,FALSE
2021-11-20,Borussia Mönchengladbach,SpVgg Greuther Fürth 1903,4,0,de.1,FALSE
2021-11-20,TSG 1899 Hoffenheim,RB Leipzig,2,0,de.1,FALSE
2021-11-20,Arminia Bielefeld,VfL Wolfsburg,2,2,de.1,FALSE
2021-11-20,1. FC Union Berlin,Hertha BSC,2,0,de.1,FALSE
2021-11-21,Manchester City,Everton,3,0,en.1,FALSE
2021-11-21,Tottenham Hotspur,Leeds United,2,1,en.1,FALSE
2021-11-21,Getafe CF,Cádiz CF,4,0,es.1,FALSE
2021-11-21,Granada CF,Real Madrid CF,1,4,es.1,FALSE
2021-11-21,Elche CF,Real Betis Balompié,0,3,es.1,FALSE
2021-11-21,Real Sociedad de Fútbol,Valencia CF,0,0,es.1,FALSE
2021-11-21,US Sassuolo Calcio,Cagliari Calcio,2,2,it.1,FALSE
2021-11-21,US Salernitana 1919,Sampdoria,0,2,it.1,FALSE
2021-11-21,Bologna FC 1909,Venezia,0,1,it.1,FALSE
2021-11-21,FC Internazionale Milano,SSC Napoli,3,2,it.1,FALSE
2021-11-21,Genoa CFC,AS Roma,0,2,it.1,FALSE
2021-11-21,SC Freiburg,Eintracht Frankfurt,0,2,de.1,FALSE
2021-11-21,1. FSV Mainz 05,1. FC Köln,1,1,de.1,FALSE
2021-11-22,Rayo Vallecano de Madrid,RCD Mallorca,3,1,es.1,FALSE
2021-11-22,Hellas Verona,Empoli,2,1,it.1,FALSE
2021-11-22,Torino,Udinese Calcio,2,1,it.1,FALSE
2021-11-26,Athletic Club,Granada CF,2,2,es.1,FALSE
2021-11-26,Cagliari Calcio,US Salernitana 1919,1,1,it.1,FALSE
2021-11-26,VfB Stuttgart,1. FSV Mainz 05,2,1,de.1,FALSE
2021-11-27,Arsenal,Newcastle United,2,0,en.1,FALSE
2021-11-27,Norwich City,Wolverhampton Wanderers,0,0,en.1,FALSE
2021-11-27,Liverpool,Southampton,4,0,en.1,FALSE
2021-11-27,Crystal Palace,Aston Villa,1,2,en.1,FALSE
2021-11-27,Brighton & Hove Albion,Leeds United,0,0,en.1,FALSE
2021-11-27,Deportivo Alavés,RC Celta de Vigo,1,2,es.1,FALSE
2021-11-27,Valencia CF,Rayo Vallecano de Madrid,1,1,es.1,FALSE
2021-11-27,RCD Mallorca,Getafe CF,0,0,es.1,FALSE
2021-11-27,Villarreal CF,FC Barcelona,1,3,es.1,FALSE
2021-11-27,Sampdoria,Hellas Verona,3,1,it.1,FALSE
2021-11-27,Empoli,ACF Fiorentina,2,1,it.1,FALSE
2021-11-27,Juventus,Atalanta BC,0,1,it.1,FALSE
2021-11-27,Venezia,FC Internazionale Milano,0,2,it.1,FALSE
2021-11-27,VfL Wolfsburg,Borussia Dortmund,1,3,de.1,FALSE
2021-11-27,Hertha BSC,FC Augsburg,1,1,de.1,FALSE
2021-11-27,1. FC Köln,Borussia Mönchengladbach,4,1,de.1,FALSE
2021-11-27,VfL Bochum 1848,SC Freiburg,2,1,de.1,FALSE
2021-11-27,SpVgg Greuther Fürth 1903,TSG 1899 Hoffenheim,3,6,de.1,FALSE
2021-11-27,FC Bayern München,Arminia Bielefeld,1,0,de.1,FALSE
2021-11-28,Manchester City,West Ham United,2,1,en.1,FALSE
2021-11-28,Leicester City,Watford,4,2,en.1,FALSE
2021-11-28,Brentford,Everton,1,0,en.1,FALSE
2021-11-28,Chelsea,Manchester United,1,1,en.1,FALSE
2021-11-28,Real Betis Balompié,Levante UD,3,1,es.1,FALSE
2021-11-28,RCD Espanyol de Barcelona,Real Sociedad de Fútbol,1,0,es.1,FALSE
2021-11-28,Cádiz CF,Club Atlético de Madrid,1,4,es.1,FALSE
2021-11-28,Real Madrid CF,Sevilla,2,1,es.1,FALSE
2021-11-28,Udinese Calcio,Genoa CFC,0,0,it.1,FALSE
2021-11-28,AC Milan,US Sassuolo Calcio,1,3,it.1,FALSE
2021-11-28,Spezia Calcio,Bologna FC 1909,0,1,it.1,FALSE
2021-11-28,AS Roma,Torino,1,0,it.1,FALSE
2021-11-28,SSC Napoli,SS Lazio,4,0,it.1,FALSE
2021-11-28,Eintracht Frankfurt,1. FC Union Berlin,2,1,de.1,FALSE
2021-11-28,RB Leipzig,Bayer 04 Leverkusen,1,3,de.1,FALSE
2021-11-29,CA Osasuna,Elche CF,1,1,es.1,FALSE
2021-11-30,Newcastle United,Norwich City,1,1,en.1,FALSE
2021-11-30,Leeds United,Crystal Palace,1,0,en.1,FALSE
2021-11-30,Atalanta BC,Venezia,4,0,it.1,FALSE
2021-11-30,ACF Fiorentina,Sampdoria,3,1,it.1,FALSE
2021-11-30,US Salernitana 1919,Juventus,0,2,it.1,FALSE
2021-11-30,Hellas Verona,Cagliari Calcio,0,0,it.1,FALSE
2021-12-01,Southampton,Leicester City,2,2,en.1,FALSE
2021-12-01,Wolverhampton Wanderers,Burnley,0,0,en.1,FALSE
2021-12-01,West Ham United,Brighton & Hove Albion,1,1,en.1,FALSE
2021-12-01,Watford,Chelsea,1,2,en.1,FALSE
2021-12-01,Everton,Liverpool,1,4,en.1,FALSE
2021-12-01,Aston Villa,Manchester City,1,2,en.1,FALSE
2021-12-01,Real Madrid CF,Athletic Club,1,0,es.1,FALSE
2021-12-01,FC Internazionale Milano,Spezia Calcio,2,0,it.1,FALSE
2021-12-01,Bologna FC 1909,AS Roma,1,0,it.1,FALSE
2021-12-01,US Sassuolo Calcio,SSC Napoli,2,2,it.1,FALSE
2021-12-01,Genoa CFC,AC Milan,0,3,it.1,FALSE
2021-12-02,Tottenham Hotspur,Brentford,2,0,en.1,FALSE
2021-12-02,Manchester United,Arsenal,3,2,en.1,FALSE
2021-12-02,Torino,Empoli,2,2,it.1,FALSE
2021-12-02,SS Lazio,Udinese Calcio,4,4,it.1,FALSE
2021-12-03,Granada CF,Deportivo Alavés,2,1,es.1,FALSE
2021-12-03,1. FC Union Berlin,RB Leipzig,2,1,de.1,FALSE
2021-12-04,West Ham United,Chelsea,3,2,en.1,FALSE
2021-12-04,Wolverhampton Wanderers,Liverpool,0,1,en.1,FALSE
2021-12-04,Southampton,Brighton & Hove Albion,1,1,en.1,FALSE
2021-12-04,Newcastle United,Burnley,1,0,en.1,FALSE
2021-12-04,Watford,Manchester City,1,3,en.1,FALSE
2021-12-04,Sevilla,Villarreal CF,1,0,es.1,FALSE
2021-12-04,FC Barcelona,Real Betis Balompié,0,1,es.1,FALSE
2021-12-04,Club Atlético de Madrid,RCD Mallorca,1,2,es.1,FALSE
2021-12-04,Real Sociedad de Fútbol,Real Madrid CF,0,2,es.1,FALSE
2021-12-04,AC Milan,US Salernitana 1919,2,0,it.1,FALSE
2021-12-04,AS Roma,FC Internazionale Milano,0,3,it.1,FALSE
2021-12-04,SSC Napoli,Atalanta BC,2,3,it.1,FALSE
2021-12-04,Bayer 04 Leverkusen,SpVgg Greuther Fürth 1903,7,1,de.1,FALSE
2021-12-04,TSG 1899 Hoffenheim,Eintracht Frankfurt,3,2,de.1,FALSE
2021-12-04,1. FSV Mainz 05,VfL Wolfsburg,3,0,de.1,FALSE
2021-12-04,FC Augsburg,VfL Bochum 1848,2,3,de.1,FALSE
2021-12-04,Arminia Bielefeld,1. FC Köln,1,1,de.1,FALSE
2021-12-04,Borussia Dortmund,FC Bayern München,2,3,de.1,FALSE
2021-12-05,Tottenham Hotspur,Norwich City,3,0,en.1,FALSE
2021-12-05,Manchester United,Crystal Palace,1,0,en.1,FALSE
2021-12-05,Leeds United,Brentford,2,2,en.1,FALSE
2021-12-05,Aston Villa,Leicester City,2,1,en.1,FALSE
2021-12-05,Rayo Vallecano de Madrid,RCD Espanyol de Barcelona,1,0,es.1,FALSE
2021-12-05,Elche CF,Cádiz CF,3,1,es.1,FALSE
2021-12-05,Levante UD,CA Osasuna,0,0,es.1,FALSE
2021-12-05,RC Celta de Vigo,Valencia CF,1,2,es.1,FALSE
2021-12-05,Bologna FC 1909,ACF Fiorentina,2,3,it.1,FALSE
2021-12-05,Venezia,Hellas Verona,3,4,it.1,FALSE
2021-12-05,Spezia Calcio,US Sassuolo Calcio,2,2,it.1,FALSE
2021-12-05,Sampdoria,SS Lazio,1,3,it.1,FALSE
2021-12-05,Juventus,Genoa CFC,2,0,it.1,FALSE
2021-12-05,VfB Stuttgart,Hertha BSC,2,2,de.1,FALSE
2021-12-05,Borussia Mönchengladbach,SC Freiburg,0,6,de.1,FALSE
2021-12-06,Everton,Arsenal,2,1,en.1,FALSE
2021-12-06,Getafe CF,Athletic Club,0,0,es.1,FALSE
2021-12-06,Empoli,Udinese Calcio,3,1,it.1,FALSE
2021-12-06,Cagliari Calcio,Torino,1,1,it.1,FALSE
2021-12-10,Brentford,Watford,2,1,en.1,FALSE
2021-12-10,RCD Mallorca,RC Celta de Vigo,0,0,es.1,FALSE
2021-12-10,Genoa CFC,Sampdoria,1,3,it.1,FALSE
2021-12-10,1. FC Köln,FC Augsburg,0,2,de.1,FALSE
2021-12-11,Manchester City,Wolverhampton Wanderers,1,0,en.1,FALSE
2021-12-11,Liverpool,Aston Villa,1,0,en.1,FALSE
2021-12-11,Chelsea,Leeds United,3,2,en.1,FALSE
2021-12-11,Arsenal,Southampton,3,0,en.1,FALSE
2021-12-11,Norwich City,Manchester United,0,1,en.1,FALSE
2021-12-11,RCD Espanyol de Barcelona,Levante UD,4,3,es.1,FALSE
2021-12-11,Deportivo Alavés,Getafe CF,1,1,es.1,FALSE
2021-12-11,Valencia CF,Elche CF,2,1,es.1,FALSE
2021-12-11,Athletic Club,Sevilla,0,1,es.1,FALSE
2021-12-11,ACF Fiorentina,US Salernitana 1919,4,0,it.1,FALSE
2021-12-11,Venezia,Juventus,1,1,it.1,FALSE
2021-12-11,Udinese Calcio,AC Milan,1,1,it.1,FALSE
2021-12-11,FC Bayern München,1. FSV Mainz 05,2,1,de.1,FALSE
2021-12-11,RB Leipzig,Borussia Mönchengladbach,4,1,de.1,FALSE
2021-12-11,SC Freiburg,TSG 1899 Hoffenheim,1,2,de.1,FALSE
2021-12-11,Hertha BSC,Arminia Bielefeld,2,0,de.1,FALSE
2021-12-11,VfL Bochum 1848,Borussia Dortmund,1,1,de.1,FALSE
2021-12-11,VfL Wolfsburg,VfB Stuttgart,0,2,de.1,FALSE
2021-12-12,Leicester City,Newcastle United,4,0,en.1,FALSE
2021-12-12,Burnley,West Ham United,0,0,en.1,FALSE
2021-12-12,Crystal Palace,Everton,3,1,en.1,FALSE
2021-12-12,Villarreal CF,Rayo Vallecano de Madrid,2,0,es.1,FALSE
2021-12-12,CA Osasuna,FC Barcelona,2,2,es.1,FALSE
2021-12-12,Real Betis Balompié,Real Sociedad de Fútbol,4,0,es.1,FALSE
2021-12-12,Real Madrid CF,Club Atlético de Madrid,2,0,es.1,FALSE
2021-12-12,Torino,Bologna FC 1909,2,1,it.1,FALSE
2021-12-12,Hellas Verona,Atalanta BC,1,2,it.1,FALSE
2021-12-12,US Sassuolo Calcio,SS Lazio,2,1,it.1,FALSE
2021-12-12,SSC Napoli,Empoli,0,1,it.1,FALSE
2021-12-12,FC Internazionale Milano,Cagliari Calcio,4,0,it.1,FALSE
2021-12-12,SpVgg Greuther Fürth 1903,1. FC Union Berlin,1,0,de.1,FALSE
2021-12-12,Eintracht Frankfurt,Bayer 04 Leverkusen,5,2,de.1,FALSE
2021-12-13,Cádiz CF,Granada CF,1,1,es.1,FALSE
2021-12-13,AS Roma,Spezia Calcio,2,0,it.1,FALSE
2021-12-14,Norwich City,Aston Villa,0,2,en.1,FALSE
2021-12-14,Manchester City,Leeds United,7,0,en.1,FALSE
2021-12-14,VfB Stuttgart,FC Bayern München,0,5,de.1,FALSE
2021-12-14,VfL Wolfsburg,1. FC Köln,2,3,de.1,FALSE
2021-12-14,1. FSV Mainz 05,Hertha BSC,4,0,de.1,FALSE
2021-12-14,Arminia Bielefeld,VfL Bochum 1848,2,0,de.1,FALSE
2021-12-15,Crystal Palace,Southampton,2,2,en.1,FALSE
2021-12-15,Brighton & Hove Albion,Wolverhampton Wanderers,0,1,en.1,FALSE
2021-12-15,Arsenal,West Ham United,2,0,en.1,FALSE
2021-12-15,Borussia Mönchengladbach,Eintracht Frankfurt,2,3,de.1,FALSE
2021-12-15,Borussia Dortmund,SpVgg Greuther Fürth 1903,3,0,de.1,FALSE
2021-12-15,Bayer 04 Leverkusen,TSG 1899 Hoffenheim,2,2,de.1,FALSE
2021-12-15,1. FC Union Berlin,SC Freiburg,0,0,de.1,FALSE
2021-12-15,FC Augsburg,RB Leipzig,1,1,de.1,FALSE
2021-12-16,Chelsea,Everton,1,1,en.1,FALSE
2021-12-16,Liverpool,Newcastle United,3,1,en.1,FALSE
2021-12-17,RC Celta de Vigo,RCD Espanyol de Barcelona,3,1,es.1,FALSE
2021-12-17,SS Lazio,Genoa CFC,3,1,it.1,FALSE
2021-12-17,US Salernitana 1919,FC Internazionale Milano,0,5,it.1,FALSE
2021-12-17,FC Bayern München,VfL Wolfsburg,4,0,de.1,FALSE
2021-12-18,Leeds United,Arsenal,1,4,en.1,FALSE
2021-12-18,Rayo Vallecano de Madrid,Deportivo Alavés,2,0,es.1,FALSE
2021-12-18,Real Sociedad de Fútbol,Villarreal CF,1,3,es.1,FALSE
2021-12-18,FC Barcelona,Elche CF,3,2,es.1,FALSE
2021-12-18,Sevilla,Club Atlético de Madrid,2,1,es.1,FALSE
2021-12-18,Atalanta BC,AS Roma,1,4,it.1,FALSE
2021-12-18,Bologna FC 1909,Juventus,0,2,it.1,FALSE
2021-12-18,Cagliari Calcio,Udinese Calcio,0,4,it.1,FALSE
2021-12-18,RB Leipzig,Arminia Bielefeld,0,2,de.1,FALSE
2021-12-18,Eintracht Frankfurt,1. FSV Mainz 05,1,0,de.1,FALSE
2021-12-18,TSG 1899 Hoffenheim,Borussia Mönchengladbach,1,1,de.1,FALSE
2021-12-18,VfL Bochum 1848,1. FC Union Berlin,0,1,de.1,FALSE
2021-12-18,SpVgg Greuther Fürth 1903,FC Augsburg,0,0,de.1,FALSE
2021-12-18,Hertha BSC,Borussia Dortmund,3,2,de.1,FALSE
2021-12-19,Wolverhampton Wanderers,Chelsea,0,0,en.1,FALSE
2021-12-19,Newcastle United,Manchester City,0,4,en.1,FALSE
2021-12-19,Tottenham Hotspur,Liverpool,2,2,en.1,FALSE
2021-12-19,Granada CF,RCD Mallorca,4,1,es.1,FALSE
2021-12-19,Athletic Club,Real Betis Balompié,3,2,es.1,FALSE
2021-12-19,Getafe CF,CA Osasuna,1,0,es.1,FALSE
2021-12-19,Real Madrid CF,Cádiz CF,0,0,es.1,FALSE
2021-12-19,ACF Fiorentina,US Sassuolo Calcio,2,2,it.1,FALSE
2021-12-19,Spezia Calcio,Empoli,1,1,it.1,FALSE
2021-12-19,Torino,Hellas Verona,1,0,it.1,FALSE
2021-12-19,Sampdoria,Venezia,1,1,it.1,FALSE
2021-12-19,AC Milan,SSC Napoli,0,1,it.1,FALSE
2021-12-19,SC Freiburg,Bayer 04 Leverkusen,2,1,de.1,FALSE
2021-12-19,1. FC Köln,VfB Stuttgart,1,0,de.1,FALSE
2021-12-20,Levante UD,Valencia CF,3,4,es.1,FALSE
2021-12-21,Villarreal CF,Deportivo Alavés,5,2,es.1,FALSE
2021-12-21,Sevilla,FC Barcelona,1,1,es.1,FALSE
2021-12-21,Juventus,Cagliari Calcio,2,0,it.1,FALSE
2021-12-21,Genoa CFC,Atalanta BC,0,0,it.1,FALSE
2021-12-22,Granada CF,Club Atlético de Madrid,2,1,es.1,FALSE
2021-12-22,Athletic Club,Real Madrid CF,1,2,es.1,FALSE
2021-12-22,Venezia,SS Lazio,1,3,it.1,FALSE
2021-12-22,US Sassuolo Calcio,Bologna FC 1909,0,3,it.1,FALSE
2021-12-22,AS Roma,Sampdoria,1,1,it.1,FALSE
2021-12-22,FC Internazionale Milano,Torino,1,0,it.1,FALSE
2021-12-22,Hellas Verona,ACF Fiorentina,1,1,it.1,FALSE
2021-12-22,SSC Napoli,Spezia Calcio,0,1,it.1,FALSE
2021-12-22,Empoli,AC Milan,2,4,it.1,FALSE
2021-12-26,West Ham United,Southampton,2,3,en.1,FALSE
2021-12-26,Tottenham Hotspur,Crystal Palace,3,0,en.1,FALSE
2021-12-26,Norwich City,Arsenal,0,5,en.1,FALSE
2021-12-26,Manchester City,Leicester City,6,3,en.1,FALSE
2021-12-26,Aston Villa,Chelsea,1,3,en.1,FALSE
2021-12-26,Brighton & Hove Albion,Brentford,2,0,en.1,FALSE
2021-12-27,Newcastle United,Manchester United,1,1,en.1,FALSE
2021-12-28,Crystal Palace,Norwich City,3,0,en.1,FALSE
2021-12-28,Watford,West Ham United,1,4,en.1,FALSE
2021-12-28,Southampton,Tottenham Hotspur,1,1,en.1,FALSE
2021-12-28,Leicester City,Liverpool,1,0,en.1,FALSE
2021-12-29,Chelsea,Brighton & Hove Albion,1,1,en.1,FALSE
2021-12-29,Brentford,Manchester City,0,1,en.1,FALSE
2021-12-30,Manchester United,Burnley,3,1,en.1,FALSE
2021-12-31,Valencia CF,RCD Espanyol de Barcelona,1,2,es.1,FALSE
2022-01-01,Arsenal,Manchester City,1,2,en.1,FALSE
2022-01-01,Watford,Tottenham Hotspur,0,1,en.1,FALSE
2022-01-01,Crystal Palace,West Ham United,2,3,en.1,FALSE
2022-01-02,Leeds United,Burnley,3,1,en.1,FALSE
2022-01-02,Everton,Brighton & Hove Albion,2,3,en.1,FALSE
2022-01-02,Brentford,Aston Villa,2,1,en.1,FALSE
2022-01-02,Chelsea,Liverpool,2,2,en.1,FALSE
2022-01-02,Getafe CF,Real Madrid CF,1,0,es.1,FALSE
2022-01-02,Elche CF,Granada CF,0,0,es.1,FALSE
2022-01-02,Club Atlético de Madrid,Rayo Vallecano de Madrid,2,0,es.1,FALSE
2022-01-02,Real Betis Balompié,RC Celta de Vigo,0,2,es.1,FALSE
2022-01-02,Deportivo Alavés,Real Sociedad de Fútbol,1,1,es.1,FALSE
2022-01-02,RCD Mallorca,FC Barcelona,0,1,es.1,FALSE
2022-01-03,Manchester United,Wolverhampton Wanderers,0,1,en.1,FALSE
2022-01-03,Villarreal CF,Levante UD,5,0,es.1,FALSE
2022-01-03,CA Osasuna,Athletic Club,1,3,es.1,FALSE
2022-01-03,Cádiz CF,Sevilla,0,1,es.1,FALSE
2022-01-06,Sampdoria,Cagliari Calcio,1,2,it.1,FALSE
2022-01-06,Spezia Calcio,Hellas Verona,1,2,it.1,FALSE
2022-01-06,SS Lazio,Empoli,3,3,it.1,FALSE
2022-01-06,US Sassuolo Calcio,Genoa CFC,1,1,it.1,FALSE
2022-01-06,AC Milan,AS Roma,3,1,it.1,FALSE
2022-01-06,Juventus,SSC Napoli,1,1,it.1,FALSE
2022-01-07,FC Bayern München,Borussia Mönchengladbach,1,2,de.1,FALSE
2022-01-08,Levante UD,RCD Mallorca,2,0,es.1,FALSE
2022-01-08,Real Sociedad de Fútbol,RC Celta de Vigo,1,0,es.1,FALSE
2022-01-08,Granada CF,FC Barcelona,1,1,es.1,FALSE
2022-01-08,Real Madrid CF,Valencia CF,4,1,es.1,FALSE
2022-01-08,RB Leipzig,1. FSV Mainz 05,4,1,de.1,FALSE
2022-01-08,Bayer 04 Leverkusen,1. FC Union Berlin,2,2,de.1,FALSE
2022-01-08,SC Freiburg,Arminia Bielefeld,2,2,de.1,FALSE
2022-01-08,TSG 1899 Hoffenheim,FC Augsburg,3,1,de.1,FALSE
2022-01-08,SpVgg Greuther Fürth 1903,VfB Stuttgart,0,0,de.1,FALSE
2022-01-08,Eintracht Frankfurt,Borussia Dortmund,2,3,de.1,FALSE
2022-01-09,Rayo Vallecano de Madrid,Real Betis Balompié,1,1,es.1,FALSE
2022-01-09,Sevilla,Getafe CF,1,0,es.1,FALSE
2022-01-09,CA Osasuna,Cádiz CF,2,0,es.1,FALSE
2022-01-09,Deportivo Alavés,Athletic Club,0,0,es.1,FALSE
2022-01-09,Villarreal CF,Club Atlético de Madrid,2,2,es.1,FALSE
2022-01-09,Venezia,AC Milan,0,3,it.1,FALSE
2022-01-09,Empoli,US Sassuolo Calcio,1,5,it.1,FALSE
2022-01-09,Udinese Calcio,Atalanta BC,2,6,it.1,FALSE
2022-01-09,SSC Napoli,Sampdoria,1,0,it.1,FALSE
2022-01-09,AS Roma,Juventus,3,4,it.1,FALSE
2022-01-09,Genoa CFC,Spezia Calcio,0,1,it.1,FALSE
2022-01-09,FC Internazionale Milano,SS Lazio,2,1,it.1,FALSE
2022-01-09,Hellas Verona,US Salernitana 1919,1,2,it.1,FALSE
2022-01-09,Hertha BSC,1. FC Köln,1,3,de.1,FALSE
2022-01-09,VfL Bochum 1848,VfL Wolfsburg,1,0,de.1,FALSE
2022-01-10,RCD Espanyol de Barcelona,Elche CF,1,2,es.1,FALSE
2022-01-10,Torino,ACF Fiorentina,4,0,it.1,FALSE
2022-01-11,Southampton,Brentford,4,1,en.1,FALSE
2022-01-11,Cagliari Calcio,Bologna FC 1909,2,1,it.1,FALSE
2022-01-12,West Ham United,Norwich City,2,0,en.1,FALSE
2022-01-14,Brighton & Hove Albion,Crystal Palace,1,1,en.1,FALSE
2022-01-14,Borussia Dortmund,SC Freiburg,5,1,de.1,FALSE
2022-01-15,Manchester City,Chelsea,1,0,en.1,FALSE
2022-01-15,Wolverhampton Wanderers,Southampton,3,1,en.1,FALSE
2022-01-15,Norwich City,Everton,2,1,en.1,FALSE
2022-01-15,Newcastle United,Watford,1,1,en.1,FALSE
2022-01-15,Aston Villa,Manchester United,2,2,en.1,FALSE
2022-01-15,Sampdoria,Torino,1,2,it.1,FALSE
2022-01-15,US Salernitana 1919,SS Lazio,0,3,it.1,FALSE
2022-01-15,Juventus,Udinese Calcio,2,0,it.1,FALSE
2022-01-15,VfL Wolfsburg,Hertha BSC,0,0,de.1,FALSE
2022-01-15,1. FC Union Berlin,TSG 1899 Hoffenheim,2,1,de.1,FALSE
2022-01-15,VfB Stuttgart,RB Leipzig,0,2,de.1,FALSE
2022-01-15,1. FSV Mainz 05,VfL Bochum 1848,1,0,de.1,FALSE
2022-01-15,1. FC Köln,FC Bayern München,0,4,de.1,FALSE
2022-01-15,Borussia Mönchengladbach,Bayer 04 Leverkusen,1,2,de.1,FALSE
2022-01-16,West Ham United,Leeds United,2,3,en.1,FALSE
2022-01-16,Liverpool,Brentford,3,0,en.1,FALSE
2022-01-16,Elche CF,Villarreal CF,1,0,es.1,FALSE
2022-01-16,US Sassuolo Calcio,Hellas Verona,2,4,it.1,FALSE
2022-01-16,Venezia,Empoli,1,1,it.1,FALSE
2022-01-16,AS Roma,Cagliari Calcio,1,0,it.1,FALSE
2022-01-16,Atalanta BC,FC Internazionale Milano,0,0,it.1,FALSE
2022-01-16,FC Augsburg,Eintracht Frankfurt,1,1,de.1,FALSE
2022-01-16,Arminia Bielefeld,SpVgg Greuther Fürth 1903,2,2,de.1,FALSE
2022-01-17,AC Milan,Spezia Calcio,1,2,it.1,FALSE
2022-01-17,Bologna FC 1909,SSC Napoli,0,2,it.1,FALSE
2022-01-17,ACF Fiorentina,Genoa CFC,6,0,it.1,FALSE
2022-01-18,Brighton & Hove Albion,Chelsea,1,1,en.1,FALSE
2022-01-18,Real Betis Balompié,Deportivo Alavés,4,0,es.1,FALSE
2022-01-18,Cádiz CF,RCD Espanyol de Barcelona,2,2,es.1,FALSE
2022-01-19,Leicester City,Tottenham Hotspur,2,3,en.1,FALSE
2022-01-19,Brentford,Manchester United,1,3,en.1,FALSE
2022-01-19,RC Celta de Vigo,CA Osasuna,2,0,es.1,FALSE
2022-01-19,Valencia CF,Sevilla,1,1,es.1,FALSE
2022-01-20,Getafe CF,Granada CF,4,2,es.1,FALSE
2022-01-21,Watford,Norwich City,0,3,en.1,FALSE
2022-01-21,RCD Espanyol de Barcelona,Real Betis Balompié,1,4,es.1,FALSE
2022-01-21,Hellas Verona,Bologna FC 1909,2,1,it.1,FALSE
2022-01-21,Eintracht Frankfurt,Arminia Bielefeld,0,2,de.1,FALSE
2022-01-22,Everton,Aston Villa,0,1,en.1,FALSE
2022-01-22,Manchester United,West Ham United,1,0,en.1,FALSE
2022-01-22,Leeds United,Newcastle United,0,1,en.1,FALSE
2022-01-22,Brentford,Wolverhampton Wanderers,1,2,en.1,FALSE
2022-01-22,Southampton,Manchester City,1,1,en.1,FALSE
2022-01-22,Levante UD,Cádiz CF,0,2,es.1,FALSE
2022-01-22,Villarreal CF,RCD Mallorca,3,0,es.1,FALSE
2022-01-22,Sevilla,RC Celta de Vigo,2,2,es.1,FALSE
2022-01-22,Club Atlético de Madrid,Valencia CF,3,2,es.1,FALSE
2022-01-22,Genoa CFC,Udinese Calcio,0,0,it.1,FALSE
2022-01-22,FC Internazionale Milano,Venezia,2,1,it.1,FALSE
2022-01-22,SS Lazio,Atalanta BC,0,0,it.1,FALSE
2022-01-22,Bayer 04 Leverkusen,FC Augsburg,5,1,de.1,FALSE
2022-01-22,Borussia Mönchengladbach,1. FC Union Berlin,1,2,de.1,FALSE
2022-01-22,SC Freiburg,VfB Stuttgart,2,0,de.1,FALSE
2022-01-22,TSG 1899 Hoffenheim,Borussia Dortmund,2,3,de.1,FALSE
2022-01-22,SpVgg Greuther Fürth 1903,1. FSV Mainz 05,2,1,de.1,FALSE
2022-01-22,VfL Bochum 1848,1. FC Köln,2,2,de.1,FALSE
2022-01-23,Leicester City,Brighton & Hove Albion,1,1,en.1,FALSE
2022-01-23,Crystal Palace,Liverpool,1,3,en.1,FALSE
2022-01-23,Arsenal,Burnley,0,0,en.1,FALSE
2022-01-23,Chelsea,Tottenham Hotspur,2,0,en.1,FALSE
2022-01-23,Granada CF,CA Osasuna,0,2,es.1,FALSE
2022-01-23,Real Madrid CF,Elche CF,2,2,es.1,FALSE
2022-01-23,Rayo Vallecano de Madrid,Athletic Club,0,1,es.1,FALSE
2022-01-23,Real Sociedad de Fútbol,Getafe CF,0,0,es.1,FALSE
2022-01-23,Deportivo Alavés,FC Barcelona,0,1,es.1,FALSE
2022-01-23,Cagliari Calcio,ACF Fiorentina,1,1,it.1,FALSE
2022-01-23,Torino,US Sassuolo Calcio,1,1,it.1,FALSE
2022-01-23,Spezia Calcio,Sampdoria,1,0,it.1,FALSE
2022-01-23,SSC Napoli,US Salernitana 1919,4,1,it.1,FALSE
2022-01-23,Empoli,AS Roma,2,4,it.1,FALSE
2022-01-23,AC Milan,Juventus,0,0,it.1,FALSE
2022-01-23,RB Leipzig,VfL Wolfsburg,2,0,de.1,FALSE
2022-01-23,Hertha BSC,FC Bayern München,1,4,de.1,FALSE
2022-02-04,Getafe CF,Levante UD,3,0,es.1,FALSE
2022-02-04,Hertha BSC,VfL Bochum 1848,1,1,de.1,FALSE
2022-02-05,Burnley,Watford,0,0,en.1,FALSE
2022-02-05,Elche CF,Deportivo Alavés,3,1,es.1,FALSE
2022-02-05,RCD Mallorca,Cádiz CF,2,1,es.1,FALSE
2022-02-05,RC Celta de Vigo,Rayo Vallecano de Madrid,2,0,es.1,FALSE
2022-02-05,CA Osasuna,Sevilla,0,0,es.1,FALSE
2022-02-05,AS Roma,Genoa CFC,0,0,it.1,FALSE
2022-02-05,FC Internazionale Milano,AC Milan,1,2,it.1,FALSE
2022-02-05,ACF Fiorentina,SS Lazio,0,3,it.1,FALSE
2022-02-05,VfB Stuttgart,Eintracht Frankfurt,2,3,de.1,FALSE
2022-02-05,1. FSV Mainz 05,TSG 1899 Hoffenheim,2,0,de.1,FALSE
2022-02-05,FC Augsburg,1. FC Union Berlin,2,0,de.1,FALSE
2022-02-05,Arminia Bielefeld,Borussia Mönchengladbach,1,1,de.1,FALSE
2022-02-05,1. FC Köln,SC Freiburg,1,0,de.1,FALSE
2022-02-05,FC Bayern München,RB Leipzig,3,2,de.1,FALSE
2022-02-06,Valencia CF,Real Sociedad de Fútbol,0,0,es.1,FALSE
2022-02-06,FC Barcelona,Club Atlético de Madrid,4,2,es.1,FALSE
2022-02-06,Real Betis Balompié,Villarreal CF,0,2,es.1,FALSE
2022-02-06,Real Madrid CF,Granada CF,1,0,es.1,FALSE
2022-02-06,Atalanta BC,Cagliari Calcio,1,2,it.1,FALSE
2022-02-06,Venezia,SSC Napoli,0,2,it.1,FALSE
2022-02-06,Sampdoria,US Sassuolo Calcio,4,0,it.1,FALSE
2022-02-06,Bologna FC 1909,Empoli,0,0,it.1,FALSE
2022-02-06,Udinese Calcio,Torino,2,0,it.1,FALSE
2022-02-06,Juventus,Hellas Verona,2,0,it.1,FALSE
2022-02-06,Borussia Dortmund,Bayer 04 Leverkusen,2,5,de.1,FALSE
2022-02-06,VfL Wolfsburg,SpVgg Greuther Fürth 1903,4,1,de.1,FALSE
2022-02-07,Athletic Club,RCD Espanyol de Barcelona,2,1,es.1,FALSE
2022-02-07,US Salernitana 1919,Spezia Calcio,2,2,it.1,FALSE
2022-02-08,Newcastle United,Everton,3,1,en.1,FALSE
2022-02-08,West Ham United,Watford,1,0,en.1,FALSE
2022-02-08,Burnley,Manchester United,1,1,en.1,FALSE
2022-02-09,Manchester City,Brentford,2,0,en.1,FALSE
2022-02-09,Tottenham Hotspur,Southampton,2,3,en.1,FALSE
2022-02-09,Norwich City,Crystal Palace,1,1,en.1,FALSE
2022-02-09,Aston Villa,Leeds United,3,3,en.1,FALSE
2022-02-10,Liverpool,Leicester City,2,0,en.1,FALSE
2022-02-10,Wolverhampton Wanderers,Arsenal,0,1,en.1,FALSE
2022-02-11,Sevilla,Elche CF,2,0,es.1,FALSE
2022-02-11,RB Leipzig,1. FC Köln,3,1,de.1,FALSE
2022-02-12,Manchester United,Southampton,1,1,en.1,FALSE
2022-02-12,Watford,Brighton & Hove Albion,0,2,en.1,FALSE
2022-02-12,Everton,Leeds United,3,0,en.1,FALSE
2022-02-12,Brentford,Crystal Palace,0,0,en.1,FALSE
2022-02-12,Norwich City,Manchester City,0,4,en.1,FALSE
2022-02-12,Cádiz CF,RC Celta de Vigo,0,0,es.1,FALSE
2022-02-12,Villarreal CF,Real Madrid CF,0,0,es.1,FALSE
2022-02-12,Rayo Vallecano de Madrid,CA Osasuna,0,3,es.1,FALSE
2022-02-12,Club Atlético de Madrid,Getafe CF,4,3,es.1,FALSE
2022-02-12,SS Lazio,Bologna FC 1909,3,0,it.1,FALSE
2022-02-12,SSC Napoli,FC Internazionale Milano,1,1,it.1,FALSE
2022-02-12,Torino,Venezia,1,2,it.1,FALSE
2022-02-12,Eintracht Frankfurt,VfL Wolfsburg,0,2,de.1,FALSE
2022-02-12,Borussia Mönchengladbach,FC Augsburg,3,2,de.1,FALSE
2022-02-12,SC Freiburg,1. FSV Mainz 05,1,1,de.1,FALSE
2022-02-12,VfL Bochum 1848,FC Bayern München,4,2,de.1,FALSE
2022-02-12,SpVgg Greuther Fürth 1903,Hertha BSC,2,1,de.1,FALSE
2022-02-12,Bayer 04 Leverkusen,VfB Stuttgart,4,2,de.1,FALSE
2022-02-13,Tottenham Hotspur,Wolverhampton Wanderers,0,2,en.1,FALSE
2022-02-13,Newcastle United,Aston Villa,1,0,en.1,FALSE
2022-02-13,Burnley,Liverpool,0,1,en.1,FALSE
2022-02-13,Leicester City,West Ham United,2,2,en.1,FALSE
2022-02-13,Deportivo Alavés,Valencia CF,2,1,es.1,FALSE
2022-02-13,Levante UD,Real Betis Balompié,2,4,es.1,FALSE
2022-02-13,Real Sociedad de Fútbol,Granada CF,2,0,es.1,FALSE
2022-02-13,RCD Espanyol de Barcelona,FC Barcelona,2,2,es.1,FALSE
2022-02-13,AC Milan,Sampdoria,1,0,it.1,FALSE
2022-02-13,Hellas Verona,Udinese Calcio,4,0,it.1,FALSE
2022-02-13,Genoa CFC,US Salernitana 1919,1,1,it.1,FALSE
2022-02-13,Empoli,Cagliari Calcio,1,1,it.1,FALSE
2022-02-13,US Sassuolo Calcio,AS Roma,2,2,it.1,FALSE
2022-02-13,Atalanta BC,Juventus,1,1,it.1,FALSE
2022-02-13,1. FC Union Berlin,Borussia Dortmund,0,3,de.1,FALSE
2022-02-13,TSG 1899 Hoffenheim,Arminia Bielefeld,2,0,de.1,FALSE
2022-02-14,RCD Mallorca,Athletic Club,3,2,es.1,FALSE
2022-02-14,Spezia Calcio,ACF Fiorentina,1,2,it.1,FALSE
2022-02-15,Manchester United,Brighton & Hove Albion,2,0,en.1,FALSE
2022-02-16,Club Atlético de Madrid,Levante UD,0,1,es.1,FALSE
2022-02-18,Elche CF,Rayo Vallecano de Madrid,2,1,es.1,FALSE
2022-02-18,Juventus,Torino,1,1,it.1,FALSE
2022-02-18,1. FSV Mainz 05,Bayer 04 Leverkusen,3,2,de.1,FALSE
2022-02-19,West Ham United,Newcastle United,1,1,en.1,FALSE
2022-02-19,Southampton,Everton,2,0,en.1,FALSE
2022-02-19,Liverpool,Norwich City,3,1,en.1,FALSE
2022-02-19,Crystal Palace,Chelsea,0,1,en.1,FALSE
2022-02-19,Brighton & Hove Albion,Burnley,0,3,en.1,FALSE
2022-02-19,Aston Villa,Watford,0,1,en.1,FALSE
2022-02-19,Arsenal,Brentford,2,1,en.1,FALSE
2022-02-19,Manchester City,Tottenham Hotspur,2,3,en.1,FALSE
2022-02-19,Granada CF,Villarreal CF,1,4,es.1,FALSE
2022-02-19,CA Osasuna,Club Atlético de Madrid,0,3,es.1,FALSE
2022-02-19,Cádiz CF,Getafe CF,1,1,es.1,FALSE
2022-02-19,Real Madrid CF,Deportivo Alavés,3,0,es.1,FALSE
2022-02-19,Sampdoria,Empoli,2,0,it.1,FALSE
2022-02-19,AS Roma,Hellas Verona,2,2,it.1,FALSE
2022-02-19,US Salernitana 1919,AC Milan,2,2,it.1,FALSE
2022-02-19,VfL Wolfsburg,TSG 1899 Hoffenheim,1,2,de.1,FALSE
2022-02-19,VfB Stuttgart,VfL Bochum 1848,1,1,de.1,FALSE
2022-02-19,FC Augsburg,SC Freiburg,1,2,de.1,FALSE
2022-02-19,Arminia Bielefeld,1. FC Union Berlin,1,0,de.1,FALSE
2022-02-19,1. FC Köln,Eintracht Frankfurt,1,0,de.1,FALSE
2022-02-20,Leeds United,Manchester United,2,4,en.1,FALSE
2022-02-20,Wolverhampton Wanderers,Leicester City,2,1,en.1,FALSE
2022-02-20,RCD Espanyol de Barcelona,Sevilla,1,1,es.1,FALSE
2022-02-20,Valencia CF,FC Barcelona,1,4,es.1,FALSE
2022-02-20,Real Betis Balompié,RCD Mallorca,2,1,es.1,FALSE
2022-02-20,Athletic Club,Real Sociedad de Fútbol,4,0,es.1,FALSE
2022-02-20,ACF Fiorentina,Atalanta BC,1,0,it.1,FALSE
2022-02-20,Venezia,Genoa CFC,1,1,it.1,FALSE
2022-02-20,FC Internazionale Milano,US Sassuolo Calcio,0,2,it.1,FALSE
2022-02-20,Udinese Calcio,SS Lazio,1,1,it.1,FALSE
2022-02-20,FC Bayern München,SpVgg Greuther Fürth 1903,4,1,de.1,FALSE
2022-02-20,Borussia Dortmund,Borussia Mönchengladbach,6,0,de.1,FALSE
2022-02-20,Hertha BSC,RB Leipzig,1,6,de.1,FALSE
2022-02-21,RC Celta de Vigo,Levante UD,1,1,es.1,FALSE
2022-02-21,Cagliari Calcio,SSC Napoli,1,1,it.1,FALSE
2022-02-21,Bologna FC 1909,Spezia Calcio,2,1,it.1,FALSE
2022-02-23,Watford,Crystal Palace,1,4,en.1,FALSE
2022-02-23,Burnley,Tottenham Hotspur,1,0,en.1,FALSE
2022-02-23,Liverpool,Leeds United,6,0,en.1,FALSE
2022-02-24,Arsenal,Wolverhampton Wanderers,2,1,en.1,FALSE
2022-02-25,Southampton,Norwich City,2,0,en.1,FALSE
2022-02-25,Levante UD,Elche CF,3,0,es.1,FALSE
2022-02-25,AC Milan,Udinese Calcio,1,1,it.1,FALSE
2022-02-25,Genoa CFC,FC Internazionale Milano,0,0,it.1,FALSE
2022-02-25,TSG 1899 Hoffenheim,VfB Stuttgart,2,1,de.1,FALSE
2022-02-26,Leeds United,Tottenham Hotspur,0,4,en.1,FALSE
2022-02-26,Manchester United,Watford,0,0,en.1,FALSE
2022-02-26,Crystal Palace,Burnley,1,1,en.1,FALSE
2022-02-26,Brentford,Newcastle United,0,2,en.1,FALSE
2022-02-26,Brighton & Hove Albion,Aston Villa,0,2,en.1,FALSE
2022-02-26,Everton,Manchester City,0,1,en.1,FALSE
2022-02-26,RCD Mallorca,Valencia CF,0,1,es.1,FALSE
2022-02-26,Getafe CF,Deportivo Alavés,2,2,es.1,FALSE
2022-02-26,Rayo Vallecano de Madrid,Real Madrid CF,0,1,es.1,FALSE
2022-02-26,Club Atlético de Madrid,RC Celta de Vigo,2,0,es.1,FALSE
2022-02-26,US Salernitana 1919,Bologna FC 1909,1,1,it.1,FALSE
2022-02-26,Empoli,Juventus,2,3,it.1,FALSE
2022-02-26,US Sassuolo Calcio,ACF Fiorentina,2,1,it.1,FALSE
2022-02-26,Bayer 04 Leverkusen,Arminia Bielefeld,3,0,de.1,FALSE
2022-02-26,1. FC Union Berlin,1. FSV Mainz 05,3,1,de.1,FALSE
2022-02-26,Borussia Mönchengladbach,VfL Wolfsburg,2,2,de.1,FALSE
2022-02-26,SC Freiburg,Hertha BSC,3,0,de.1,FALSE
2022-02-26,SpVgg Greuther Fürth 1903,1. FC Köln,1,1,de.1,FALSE
2022-02-26,Eintracht Frankfurt,FC Bayern München,0,1,de.1,FALSE
2022-02-27,West Ham United,Wolverhampton Wanderers,1,0,en.1,FALSE
2022-02-27,Villarreal CF,RCD Espanyol de Barcelona,5,1,es.1,FALSE
2022-02-27,Sevilla,Real Betis Balompié,2,1,es.1,FALSE
2022-02-27,Real Sociedad de Fútbol,CA Osasuna,1,0,es.1,FALSE
2022-02-27,FC Barcelona,Athletic Club,4,0,es.1,FALSE
2022-02-27,Torino,Cagliari Calcio,1,2,it.1,FALSE
2022-02-27,Hellas Verona,Venezia,3,1,it.1,FALSE
2022-02-27,Spezia Calcio,AS Roma,0,1,it.1,FALSE
2022-02-27,SS Lazio,SSC Napoli,1,2,it.1,FALSE
2022-02-27,VfL Bochum 1848,RB Leipzig,0,1,de.1,FALSE
2022-02-27,FC Augsburg,Borussia Dortmund,1,1,de.1,FALSE
2022-02-28,Granada CF,Cádiz CF,0,0,es.1,FALSE
2022-02-28,Atalanta BC,Sampdoria,4,0,it.1,FALSE
2022-03-01,Burnley,Leicester City,0,2,en.1,FALSE
2022-03-02,RCD Mallorca,Real Sociedad de Fútbol,0,2,es.1,FALSE
2022-03-04,Deportivo Alavés,Sevilla,0,0,es.1,FALSE
2022-03-04,FC Internazionale Milano,US Salernitana 1919,5,0,it.1,FALSE
2022-03-04,Arminia Bielefeld,FC Augsburg,0,1,de.1,FALSE
2022-03-05,Leicester City,Leeds United,1,0,en.1,FALSE
2022-03-05,Wolverhampton Wanderers,Crystal Palace,0,2,en.1,FALSE
2022-03-05,Norwich City,Brentford,1,3,en.1,FALSE
2022-03-05,Newcastle United,Brighton & Hove Albion,2,1,en.1,FALSE
2022-03-05,Burnley,Chelsea,0,4,en.1,FALSE
2022-03-05,Aston Villa,Southampton,4,0,en.1,FALSE
2022-03-05,Liverpool,West Ham United,1,0,en.1,FALSE
2022-03-05,CA Osasuna,Villarreal CF,1,0,es.1,FALSE
2022-03-05,RCD Espanyol de Barcelona,Getafe CF,2,0,es.1,FALSE
2022-03-05,Valencia CF,Granada CF,3,1,es.1,FALSE
2022-03-05,Real Madrid CF,Real Sociedad de Fútbol,4,1,es.1,FALSE
2022-03-05,Udinese Calcio,Sampdoria,2,1,it.1,FALSE
2022-03-05,AS Roma,Atalanta BC,1,0,it.1,FALSE
2022-03-05,Cagliari Calcio,SS Lazio,0,3,it.1,FALSE
2022-03-05,FC Bayern München,Bayer 04 Leverkusen,1,1,de.1,FALSE
2022-03-05,RB Leipzig,SC Freiburg,1,1,de.1,FALSE
2022-03-05,VfL Wolfsburg,1. FC Union Berlin,1,0,de.1,FALSE
2022-03-05,Hertha BSC,Eintracht Frankfurt,1,4,de.1,FALSE
2022-03-05,VfL Bochum 1848,SpVgg Greuther Fürth 1903,2,1,de.1,FALSE
2022-03-05,VfB Stuttgart,Borussia Mönchengladbach,3,2,de.1,FALSE
2022-03-06,Watford,Arsenal,2,3,en.1,FALSE
2022-03-06,Manchester City,Manchester United,4,1,en.1,FALSE
2022-03-06,Cádiz CF,Rayo Vallecano de Madrid,2,0,es.1,FALSE
2022-03-06,Elche CF,FC Barcelona,1,2,es.1,FALSE
2022-03-06,RC Celta de Vigo,RCD Mallorca,4,3,es.1,FALSE
2022-03-06,Real Betis Balompié,Club Atlético de Madrid,1,3,es.1,FALSE
2022-03-06,Genoa CFC,Empoli,0,0,it.1,FALSE
2022-03-06,Venezia,US Sassuolo Calcio,1,4,it.1,FALSE
2022-03-06,ACF Fiorentina,Hellas Verona,1,1,it.1,FALSE
2022-03-06,Bologna FC 1909,Torino,0,0,it.1,FALSE
2022-03-06,Juventus,Spezia Calcio,1,0,it.1,FALSE
2022-03-06,SSC Napoli,AC Milan,0,1,it.1,FALSE
2022-03-06,1. FC Köln,TSG 1899 Hoffenheim,0,1,de.1,FALSE
2022-03-07,Tottenham Hotspur,Everton,5,0,en.1,FALSE
2022-03-07,Athletic Club,Levante UD,3,1,es.1,FALSE
2022-03-10,Wolverhampton Wanderers,Watford,4,0,en.1,FALSE
2022-03-10,Norwich City,Chelsea,1,3,en.1,FALSE
2022-03-10,Southampton,Newcastle United,1,2,en.1,FALSE
2022-03-10,Leeds United,Aston Villa,0,3,en.1,FALSE
2022-03-11,Club Atlético de Madrid,Cádiz CF,2,1,es.1,FALSE
2022-03-12,Brighton & Hove Albion,Liverpool,0,2,en.1,FALSE
2022-03-12,Brentford,Burnley,2,0,en.1,FALSE
2022-03-12,Manchester United,Tottenham Hotspur,3,2,en.1,FALSE
2022-03-12,Levante UD,RCD Espanyol de Barcelona,1,1,es.1,FALSE
2022-03-12,Granada CF,Elche CF,0,1,es.1,FALSE
2022-03-12,Villarreal CF,RC Celta de Vigo,1,0,es.1,FALSE
2022-03-12,Getafe CF,Valencia CF,0,0,es.1,FALSE
2022-03-12,Spezia Calcio,Cagliari Calcio,2,0,it.1,FALSE
2022-03-12,US Salernitana 1919,US Sassuolo Calcio,2,2,it.1,FALSE
2022-03-12,Sampdoria,Juventus,1,3,it.1,FALSE
2022-03-12,AC Milan,Empoli,1,0,it.1,FALSE
2022-03-12,1. FC Union Berlin,VfB Stuttgart,1,1,de.1,FALSE
2022-03-12,SC Freiburg,VfL Wolfsburg,3,2,de.1,FALSE
2022-03-12,TSG 1899 Hoffenheim,FC Bayern München,1,1,de.1,FALSE
2022-03-12,Borussia Mönchengladbach,Hertha BSC,2,0,de.1,FALSE
2022-03-13,West Ham United,Aston Villa,2,1,en.1,FALSE
2022-03-13,Southampton,Watford,1,2,en.1,FALSE
2022-03-13,Leeds United,Norwich City,2,1,en.1,FALSE
2022-03-13,Everton,Wolverhampton Wanderers,0,1,en.1,FALSE
2022-03-13,Chelsea,Newcastle United,1,0,en.1,FALSE
2022-03-13,Arsenal,Leicester City,2,0,en.1,FALSE
2022-03-13,Rayo Vallecano de Madrid,Sevilla,1,1,es.1,FALSE
2022-03-13,Real Betis Balompié,Athletic Club,1,0,es.1,FALSE
2022-03-13,Real Sociedad de Fútbol,Deportivo Alavés,1,0,es.1,FALSE
2022-03-13,FC Barcelona,CA Osasuna,4,0,es.1,FALSE
2022-03-13,ACF Fiorentina,Bologna FC 1909,1,0,it.1,FALSE
2022-03-13,Hellas Verona,SSC Napoli,1,2,it.1,FALSE
2022-03-13,Udinese Calcio,AS Roma,1,1,it.1,FALSE
2022-03-13,Atalanta BC,Genoa CFC,0,0,it.1,FALSE
2022-03-13,Torino,FC Internazionale Milano,1,1,it.1,FALSE
2022-03-13,Bayer 04 Leverkusen,1. FC Köln,0,1,de.1,FALSE
2022-03-13,Borussia Dortmund,Arminia Bielefeld,1,0,de.1,FALSE
2022-03-13,Eintracht Frankfurt,VfL Bochum 1848,2,1,de.1,FALSE
2022-03-13,SpVgg Greuther Fürth 1903,RB Leipzig,1,6,de.1,FALSE
2022-03-14,Crystal Palace,Manchester City,0,0,en.1,FALSE
2022-03-14,RCD Mallorca,Real Madrid CF,0,3,es.1,FALSE
2022-03-14,SS Lazio,Venezia,1,0,it.1,FALSE
2022-03-16,Brighton & Hove Albion,Tottenham Hotspur,0,2,en.1,FALSE
2022-03-16,Arsenal,Liverpool,0,2,en.1,FALSE
2022-03-16,1. FSV Mainz 05,Borussia Dortmund,0,1,de.1,FALSE
2022-03-17,Everton,Newcastle United,1,0,en.1,FALSE
2022-03-18,Wolverhampton Wanderers,Leeds United,2,3,en.1,FALSE
2022-03-18,Athletic Club,Getafe CF,1,1,es.1,FALSE
2022-03-18,US Sassuolo Calcio,Spezia Calcio,4,1,it.1,FALSE
2022-03-18,Genoa CFC,Torino,1,0,it.1,FALSE
2022-03-18,VfL Bochum 1848,Borussia Mönchengladbach,0,2,de.1,FALSE
2022-03-19,Aston Villa,Arsenal,0,1,en.1,FALSE
2022-03-19,Deportivo Alavés,Granada CF,2,3,es.1,FALSE
2022-03-19,Elche CF,Valencia CF,0,1,es.1,FALSE
2022-03-19,CA Osasuna,Levante UD,3,1,es.1,FALSE
2022-03-19,Rayo Vallecano de Madrid,Club Atlético de Madrid,0,1,es.1,FALSE
2022-03-19,SSC Napoli,Udinese Calcio,2,1,it.1,FALSE
2022-03-19,FC Internazionale Milano,ACF Fiorentina,1,1,it.1,FALSE
2022-03-19,Cagliari Calcio,AC Milan,0,1,it.1,FALSE
2022-03-19,VfB Stuttgart,FC Augsburg,3,2,de.1,FALSE
2022-03-19,1. FSV Mainz 05,Arminia Bielefeld,4,0,de.1,FALSE
2022-03-19,Hertha BSC,TSG 1899 Hoffenheim,3,0,de.1,FALSE
2022-03-19,SpVgg Greuther Fürth 1903,SC Freiburg,0,0,de.1,FALSE
2022-03-19,FC Bayern München,1. FC Union Berlin,4,0,de.1,FALSE
2022-03-20,Leicester City,Brentford,2,1,en.1,FALSE
2022-03-20,Tottenham Hotspur,West Ham United,3,1,en.1,FALSE
2022-03-20,RCD Espanyol de Barcelona,RCD Mallorca,1,0,es.1,FALSE
2022-03-20,Cádiz CF,Villarreal CF,1,0,es.1,FALSE
2022-03-20,RC Celta de Vigo,Real Betis Balompié,0,0,es.1,FALSE
2022-03-20,Sevilla,Real Sociedad de Fútbol,0,0,es.1,FALSE
2022-03-20,Real Madrid CF,FC Barcelona,0,4,es.1,FALSE
2022-03-20,Venezia,Sampdoria,0,2,it.1,FALSE
2022-03-20,Juventus,US Salernitana 1919,2,0,it.1,FALSE
2022-03-20,Empoli,Hellas Verona,1,1,it.1,FALSE
2022-03-20,AS Roma,SS Lazio,3,0,it.1,FALSE
2022-03-20,Bologna FC 1909,Atalanta BC,0,1,it.1,FALSE
2022-03-20,RB Leipzig,Eintracht Frankfurt,0,0,de.1,FALSE
2022-03-20,VfL Wolfsburg,Bayer 04 Leverkusen,0,2,de.1,FALSE
2022-03-20,1. FC Köln,Borussia Dortmund,1,1,de.1,FALSE
2022-04-01,1. FC Union Berlin,1. FC Köln,1,0,de.1,FALSE
2022-04-02,Liverpool,Watford,2,0,en.1,FALSE
2022-04-02,Brighton & Hove Albion,Norwich City,0,0,en.1,FALSE
2022-04-02,Burnley,Manchester City,0,2,en.1,FALSE
2022-04-02,Chelsea,Brentford,1,4,en.1,FALSE
2022-04-02,Leeds United,Southampton,1,1,en.1,FALSE
2022-04-02,Wolverhampton Wanderers,Aston Villa,2,1,en.1,FALSE
2022-04-02,Manchester United,Leicester City,1,1,en.1,FALSE
2022-04-02,Getafe CF,RCD Mallorca,1,0,es.1,FALSE
2022-04-02,Levante UD,Villarreal CF,2,0,es.1,FALSE
2022-04-02,RC Celta de Vigo,Real Madrid CF,1,2,es.1,FALSE
2022-04-02,Club Atlético de Madrid,Deportivo Alavés,4,1,es.1,FALSE
2022-04-02,Spezia Calcio,Venezia,1,0,it.1,FALSE
2022-04-02,SS Lazio,US Sassuolo Calcio,2,1,it.1,FALSE
2022-04-02,US Salernitana 1919,Torino,0,1,it.1,FALSE
2022-04-02,Eintracht Frankfurt,SpVgg Greuther Fürth 1903,0,0,de.1,FALSE
2022-04-02,Bayer 04 Leverkusen,Hertha BSC,2,1,de.1,FALSE
2022-04-02,SC Freiburg,FC Bayern München,1,4,de.1,FALSE
2022-04-02,TSG 1899 Hoffenheim,VfL Bochum 1848,1,2,de.1,FALSE
2022-04-02,Arminia Bielefeld,VfB Stuttgart,1,1,de.1,FALSE
2022-04-02,Borussia Dortmund,RB Leipzig,1,4,de.1,FALSE
2022-04-03,West Ham United,Everton,2,1,en.1,FALSE
2022-04-03,Tottenham Hotspur,Newcastle United,5,1,en.1,FALSE
2022-04-03,Athletic Club,Elche CF,2,1,es.1,FALSE
2022-04-03,Real Betis Balompié,CA Osasuna,4,1,es.1,FALSE
2022-04-03,Valencia CF,Cádiz CF,0,0,es.1,FALSE
2022-04-03,Granada CF,Rayo Vallecano de Madrid,2,2,es.1,FALSE
2022-04-03,FC Barcelona,Sevilla,1,0,es.1,FALSE
2022-04-03,ACF Fiorentina,Empoli,1,0,it.1,FALSE
2022-04-03,Udinese Calcio,Cagliari Calcio,5,1,it.1,FALSE
2022-04-03,Atalanta BC,SSC Napoli,1,3,it.1,FALSE
2022-04-03,Sampdoria,AS Roma,0,1,it.1,FALSE
2022-04-03,Juventus,FC Internazionale Milano,0,1,it.1,FALSE
2022-04-03,FC Augsburg,VfL Wolfsburg,3,0,de.1,FALSE
2022-04-03,Borussia Mönchengladbach,1. FSV Mainz 05,1,1,de.1,FALSE
2022-04-04,Crystal Palace,Arsenal,3,0,en.1,FALSE
2022-04-04,Real Sociedad de Fútbol,RCD Espanyol de Barcelona,1,0,es.1,FALSE
2022-04-04,Hellas Verona,Genoa CFC,1,0,it.1,FALSE
2022-04-04,AC Milan,Bologna FC 1909,0,0,it.1,FALSE
2022-04-06,Burnley,Everton,3,2,en.1,FALSE
2022-04-06,FC Augsburg,1. FSV Mainz 05,2,1,de.1,FALSE
2022-04-08,Newcastle United,Wolverhampton Wanderers,1,0,en.1,FALSE
2022-04-08,Sevilla,Granada CF,4,2,es.1,FALSE
2022-04-08,VfB Stuttgart,Borussia Dortmund,0,2,de.1,FALSE
2022-04-09,Everton,Manchester United,1,0,en.1,FALSE
2022-04-09,Arsenal,Brighton & Hove Albion,1,2,en.1,FALSE
2022-04-09,Southampton,Chelsea,0,6,en.1,FALSE
2022-04-09,Watford,Leeds United,0,3,en.1,FALSE
2022-04-09,Aston Villa,Tottenham Hotspur,0,4,en.1,FALSE
2022-04-09,Cádiz CF,Real Betis Balompié,1,2,es.1,FALSE
2022-04-09,RCD Mallorca,Club Atlético de Madrid,1,0,es.1,FALSE
2022-04-09,Villarreal CF,Athletic Club,1,1,es.1,FALSE
2022-04-09,Real Madrid CF,Getafe CF,2,0,es.1,FALSE
2022-04-09,Empoli,Spezia Calcio,0,0,it.1,FALSE
2022-04-09,FC Internazionale Milano,Hellas Verona,2,0,it.1,FALSE
2022-04-09,Cagliari Calcio,Juventus,1,2,it.1,FALSE
2022-04-09,FC Bayern München,FC Augsburg,1,0,de.1,FALSE
2022-04-09,VfL Wolfsburg,Arminia Bielefeld,4,0,de.1,FALSE
2022-04-09,1. FC Köln,1. FSV Mainz 05,3,2,de.1,FALSE
2022-04-09,SpVgg Greuther Fürth 1903,Borussia Mönchengladbach,0,2,de.1,FALSE
2022-04-09,Hertha BSC,1. FC Union Berlin,1,4,de.1,FALSE
2022-04-10,Brentford,West Ham United,2,0,en.1,FALSE
2022-04-10,Leicester City,Crystal Palace,2,1,en.1,FALSE
2022-04-10,Norwich City,Burnley,2,0,en.1,FALSE
2022-04-10,Manchester City,Liverpool,2,2,en.1,FALSE
2022-04-10,CA Osasuna,Deportivo Alavés,1,0,es.1,FALSE
2022-04-10,RCD Espanyol de Barcelona,RC Celta de Vigo,1,0,es.1,FALSE
2022-04-10,Elche CF,Real Sociedad de Fútbol,1,2,es.1,FALSE
2022-04-10,Levante UD,FC Barcelona,2,3,es.1,FALSE
2022-04-10,Genoa CFC,SS Lazio,1,4,it.1,FALSE
2022-04-10,Venezia,Udinese Calcio,1,2,it.1,FALSE
2022-04-10,US Sassuolo Calcio,Atalanta BC,2,1,it.1,FALSE
2022-04-10,SSC Napoli,ACF Fiorentina,2,3,it.1,FALSE
2022-04-10,AS Roma,US Salernitana 1919,2,1,it.1,FALSE
2022-04-10,Torino,AC Milan,0,0,it.1,FALSE
2022-04-10,VfL Bochum 1848,Bayer 04 Leverkusen,0,0,de.1,FALSE
2022-04-10,Eintracht Frankfurt,SC Freiburg,1,2,de.1,FALSE
2022-04-10,RB Leipzig,TSG 1899 Hoffenheim,3,0,de.1,FALSE
2022-04-11,Rayo Vallecano de Madrid,Valencia CF,1,1,es.1,FALSE
2022-04-11,Bologna FC 1909,Sampdoria,2,0,it.1,FALSE
2022-04-15,Real Sociedad de Fútbol,Real Betis Balompié,0,0,es.1,FALSE
2022-04-15,Spezia Calcio,FC Internazionale Milano,1,3,it.1,FALSE
2022-04-15,AC Milan,Genoa CFC,2,0,it.1,FALSE
2022-04-16,Tottenham Hotspur,Brighton & Hove Albion,0,1,en.1,FALSE
2022-04-16,Manchester United,Norwich City,3,2,en.1,FALSE
2022-04-16,Southampton,Arsenal,1,0,en.1,FALSE
2022-04-16,Watford,Brentford,1,2,en.1,FALSE
2022-04-16,Elche CF,RCD Mallorca,3,0,es.1,FALSE
2022-04-16,Deportivo Alavés,Rayo Vallecano de Madrid,1,0,es.1,FALSE
2022-04-16,Valencia CF,CA Osasuna,1,2,es.1,FALSE
2022-04-16,Getafe CF,Villarreal CF,1,2,es.1,FALSE
2022-04-16,Cagliari Calcio,US Sassuolo Calcio,1,0,it.1,FALSE
2022-04-16,Udinese Calcio,Empoli,4,1,it.1,FALSE
2022-04-16,Sampdoria,US Salernitana 1919,1,2,it.1,FALSE
2022-04-16,ACF Fiorentina,Venezia,1,0,it.1,FALSE
2022-04-16,Juventus,Bologna FC 1909,1,1,it.1,FALSE
2022-04-16,SS Lazio,Torino,1,1,it.1,FALSE
2022-04-16,Borussia Dortmund,VfL Wolfsburg,6,1,de.1,FALSE
2022-04-16,SC Freiburg,VfL Bochum 1848,3,0,de.1,FALSE
2022-04-16,1. FSV Mainz 05,VfB Stuttgart,0,0,de.1,FALSE
2022-04-16,FC Augsburg,Hertha BSC,0,1,de.1,FALSE
2022-04-16,Borussia Mönchengladbach,1. FC Köln,1,3,de.1,FALSE
2022-04-17,Newcastle United,Leicester City,2,1,en.1,FALSE
2022-04-17,West Ham United,Burnley,1,1,en.1,FALSE
2022-04-17,Granada CF,Levante UD,1,4,es.1,FALSE
2022-04-17,Club Atlético de Madrid,RCD Espanyol de Barcelona,2,1,es.1,FALSE
2022-04-17,Athletic Club,RC Celta de Vigo,0,2,es.1,FALSE
2022-04-17,Sevilla,Real Madrid CF,2,3,es.1,FALSE
2022-04-17,Arminia Bielefeld,FC Bayern München,0,3,de.1,FALSE
2022-04-17,1. FC Union Berlin,Eintracht Frankfurt,2,0,de.1,FALSE
2022-04-17,TSG 1899 Hoffenheim,SpVgg Greuther Fürth 1903,0,0,de.1,FALSE
2022-04-17,Bayer 04 Leverkusen,RB Leipzig,0,1,de.1,FALSE
2022-04-18,FC Barcelona,Cádiz CF,0,1,es.1,FALSE
2022-04-18,SSC Napoli,AS Roma,1,1,it.1,FALSE
2022-04-18,Atalanta BC,Hellas Verona,1,2,it.1,FALSE
2022-04-19,Liverpool,Manchester United,4,0,en.1,FALSE
2022-04-19,RCD Mallorca,Deportivo Alavés,2,1,es.1,FALSE
2022-04-19,Real Betis Balompié,Elche CF,0,1,es.1,FALSE
2022-04-19,Villarreal CF,Valencia CF,2,0,es.1,FALSE
2022-04-20,Everton,Leicester City,1,1,en.1,FALSE
2022-04-20,Newcastle United,Crystal Palace,1,0,en.1,FALSE
2022-04-20,Chelsea,Arsenal,2,4,en.1,FALSE
2022-04-20,Manchester City,Brighton & Hove Albion,3,0,en.1,FALSE
2022-04-20,Club Atlético de Madrid,Granada CF,0,0,es.1,FALSE
2022-04-20,RC Celta de Vigo,Getafe CF,0,2,es.1,FALSE
2022-04-20,CA Osasuna,Real Madrid CF,1,3,es.1,FALSE
2022-04-20,Udinese Calcio,US Salernitana 1919,0,1,it.1,FALSE
2022-04-21,Burnley,Southampton,2,0,en.1,FALSE
2022-04-21,Levante UD,Sevilla,2,3,es.1,FALSE
2022-04-21,RCD Espanyol de Barcelona,Rayo Vallecano de Madrid,0,1,es.1,FALSE
2022-04-21,Cádiz CF,Athletic Club,2,3,es.1,FALSE
2022-04-21,Real Sociedad de Fútbol,FC Barcelona,0,1,es.1,FALSE
2022-04-22,VfL Wolfsburg,1. FSV Mainz 05,5,0,de.1,FALSE
2022-04-23,Arsenal,Manchester United,3,1,en.1,FALSE
2022-04-23,Leicester City,Aston Villa,0,0,en.1,FALSE
2022-04-23,Manchester City,Watford,5,1,en.1,FALSE
2022-04-23,Norwich City,Newcastle United,0,3,en.1,FALSE
2022-04-23,Brentford,Tottenham Hotspur,0,0,en.1,FALSE
2022-04-23,Venezia,Atalanta BC,1,3,it.1,FALSE
2022-04-23,Torino,Spezia Calcio,2,1,it.1,FALSE
2022-04-23,FC Internazionale Milano,AS Roma,3,1,it.1,FALSE
2022-04-23,Hellas Verona,Sampdoria,1,1,it.1,FALSE
2022-04-23,RB Leipzig,1. FC Union Berlin,1,2,de.1,FALSE
2022-04-23,Eintracht Frankfurt,TSG 1899 Hoffenheim,2,2,de.1,FALSE
2022-04-23,SC Freiburg,Borussia Mönchengladbach,3,3,de.1,FALSE
2022-04-23,1. FC Köln,Arminia Bielefeld,3,1,de.1,FALSE
2022-04-23,SpVgg Greuther Fürth 1903,Bayer 04 Leverkusen,1,4,de.1,FALSE
2022-04-23,FC Bayern München,Borussia Dortmund,3,1,de.1,FALSE
2022-04-24,Brighton & Hove Albion,Southampton,2,2,en.1,FALSE
2022-04-24,Burnley,Wolverhampton Wanderers,1,0,en.1,FALSE
2022-04-24,Chelsea,West Ham United,1,0,en.1,FALSE
2022-04-24,Liverpool,Everton,2,0,en.1,FALSE
2022-04-24,FC Barcelona,Rayo Vallecano de Madrid,0,1,es.1,FALSE
2022-04-24,US Salernitana 1919,ACF Fiorentina,2,1,it.1,FALSE
2022-04-24,Empoli,SSC Napoli,3,2,it.1,FALSE
2022-04-24,Bologna FC 1909,Udinese Calcio,2,2,it.1,FALSE
2022-04-24,Genoa CFC,Cagliari Calcio,1,0,it.1,FALSE
2022-04-24,SS Lazio,AC Milan,1,2,it.1,FALSE
2022-04-24,VfL Bochum 1848,FC Augsburg,0,2,de.1,FALSE
2022-04-24,Hertha BSC,VfB Stuttgart,2,0,de.1,FALSE
2022-04-25,Crystal Palace,Leeds United,0,0,en.1,FALSE
2022-04-25,US Sassuolo Calcio,Juventus,1,2,it.1,FALSE
2022-04-27,ACF Fiorentina,Udinese Calcio,0,4,it.1,FALSE
2022-04-27,Bologna FC 1909,FC Internazionale Milano,2,1,it.1,FALSE
2022-04-27,Atalanta BC,Torino,4,4,it.1,FALSE
2022-04-28,Manchester United,Chelsea,1,1,en.1,FALSE
2022-04-29,Sevilla,Cádiz CF,1,1,es.1,FALSE
2022-04-29,1. FC Union Berlin,SpVgg Greuther Fürth 1903,1,1,de.1,FALSE
2022-04-30,Newcastle United,Liverpool,0,1,en.1,FALSE
2022-04-30,Aston Villa,Norwich City,2,0,en.1,FALSE
2022-04-30,Southampton,Crystal Palace,1,2,en.1,FALSE
2022-04-30,Watford,Burnley,1,2,en.1,FALSE
2022-04-30,Wolverhampton Wanderers,Brighton & Hove Albion,0,3,en.1,FALSE
2022-04-30,Leeds United,Manchester City,0,4,en.1,FALSE
2022-04-30,Deportivo Alavés,Villarreal CF,2,1,es.1,FALSE
2022-04-30,Real Madrid CF,RCD Espanyol de Barcelona,4,0,es.1,FALSE
2022-04-30,Valencia CF,Levante UD,1,1,es.1,FALSE
2022-04-30,Athletic Club,Club Atlético de Madrid,2,0,es.1,FALSE
2022-04-30,SSC Napoli,US Sassuolo Calcio,6,1,it.1,FALSE
2022-04-30,Cagliari Calcio,Hellas Verona,1,2,it.1,FALSE
2022-04-30,Sampdoria,Genoa CFC,1,0,it.1,FALSE
2022-04-30,Spezia Calcio,SS Lazio,3,4,it.1,FALSE
2022-04-30,Borussia Dortmund,VfL Bochum 1848,3,4,de.1,FALSE
2022-04-30,VfB Stuttgart,VfL Wolfsburg,1,1,de.1,FALSE
2022-04-30,1. FSV Mainz 05,FC Bayern München,3,1,de.1,FALSE
2022-04-30,FC Augsburg,1. FC Köln,1,4,de.1,FALSE
2022-04-30,Arminia Bielefeld,Hertha BSC,1,1,de.1,FALSE
2022-04-30,TSG 1899 Hoffenheim,SC Freiburg,3,4,de.1,FALSE
2022-05-01,Everton,Chelsea,1,0,en.1,FALSE
2022-05-01,Tottenham Hotspur,Leicester City,3,1,en.1,FALSE
2022-05-01,West Ham United,Arsenal,1,2,en.1,FALSE
2022-05-01,Elche CF,CA Osasuna,1,1,es.1,FALSE
2022-05-01,Granada CF,RC Celta de Vigo,1,1,es.1,FALSE
2022-05-01,Rayo Vallecano de Madrid,Real Sociedad de Fútbol,1,1,es.1,FALSE
2022-05-01,FC Barcelona,RCD Mallorca,2,1,es.1,FALSE
2022-05-01,Juventus,Venezia,2,1,it.1,FALSE
2022-05-01,AC Milan,ACF Fiorentina,1,0,it.1,FALSE
2022-05-01,Empoli,Torino,1,3,it.1,FALSE
2022-05-01,Udinese Calcio,FC Internazionale Milano,1,2,it.1,FALSE
2022-05-01,AS Roma,Bologna FC 1909,0,0,it.1,FALSE
2022-05-02,Manchester United,Brentford,3,0,en.1,FALSE
2022-05-02,Getafe CF,Real Betis Balompié,0,0,es.1,FALSE
2022-05-02,Atalanta BC,US Salernitana 1919,1,1,it.1,FALSE
2022-05-02,Bayer 04 Leverkusen,Eintracht Frankfurt,2,0,de.1,FALSE
2022-05-02,Borussia Mönchengladbach,RB Leipzig,3,1,de.1,FALSE
2022-05-05,US Salernitana 1919,Venezia,2,1,it.1,FALSE
2022-05-06,Levante UD,Real Sociedad de Fútbol,2,1,es.1,FALSE
2022-05-06,FC Internazionale Milano,Empoli,4,2,it.1,FALSE
2022-05-06,Genoa CFC,Juventus,2,1,it.1,FALSE
2022-05-06,VfL Bochum 1848,Arminia Bielefeld,2,1,de.1,FALSE
2022-05-07,Brentford,Southampton,3,0,en.1,FALSE
2022-05-07,Burnley,Aston Villa,1,3,en.1,FALSE
2022-05-07,Chelsea,Wolverhampton Wanderers,2,2,en.1,FALSE
2022-05-07,Crystal Palace,Watford,1,0,en.1,FALSE
2022-05-07,Brighton & Hove Albion,Manchester United,4,0,en.1,FALSE
2022-05-07,Liverpool,Tottenham Hotspur,1,1,en.1,FALSE
2022-05-07,RCD Mallorca,Granada CF,2,6,es.1,FALSE
2022-05-07,Athletic Club,Valencia CF,0,0,es.1,FALSE
2022-05-07,Cádiz CF,Elche CF,3,0,es.1,FALSE
2022-05-07,RC Celta de Vigo,Deportivo Alavés,4,0,es.1,FALSE
2022-05-07,Real Betis Balompié,FC Barcelona,1,2,es.1,FALSE
2022-05-07,Torino,SSC Napoli,0,1,it.1,FALSE
2022-05-07,US Sassuolo Calcio,Udinese Calcio,1,1,it.1,FALSE
2022-05-07,SS Lazio,Sampdoria,2,0,it.1,FALSE
2022-05-07,SC Freiburg,1. FC Union Berlin,1,4,de.1,FALSE
2022-05-07,TSG 1899 Hoffenheim,Bayer 04 Leverkusen,2,4,de.1,FALSE
2022-05-07,1. FC Köln,VfL Wolfsburg,0,1,de.1,FALSE
2022-05-07,SpVgg Greuther Fürth 1903,Borussia Dortmund,1,3,de.1,FALSE
2022-05-07,Hertha BSC,1. FSV Mainz 05,1,2,de.1,FALSE
2022-05-08,Arsenal,Leeds United,2,1,en.1,FALSE
2022-05-08,Leicester City,Everton,1,2,en.1,FALSE
2022-05-08,Norwich City,West Ham United,0,4,en.1,FALSE
2022-05-08,Manchester City,Newcastle United,5,0,en.1,FALSE
2022-05-08,Getafe CF,Rayo Vallecano de Madrid,0,0,es.1,FALSE
2022-05-08,Villarreal CF,Sevilla,1,1,es.1,FALSE
2022-05-08,RCD Espanyol de Barcelona,CA Osasuna,1,1,es.1,FALSE
2022-05-08,Club Atlético de Madrid,Real Madrid CF,1,0,es.1,FALSE
2022-05-08,Spezia Calcio,Atalanta BC,1,3,it.1,FALSE
2022-05-08,Venezia,Bologna FC 1909,4,3,it.1,FALSE
2022-05-08,US Salernitana 1919,Cagliari Calcio,1,1,it.1,FALSE
2022-05-08,Hellas Verona,AC Milan,1,3,it.1,FALSE
2022-05-08,Eintracht Frankfurt,Borussia Mönchengladbach,1,1,de.1,FALSE
2022-05-08,FC Bayern München,VfB Stuttgart,2,2,de.1,FALSE
2022-05-08,RB Leipzig,FC Augsburg,4,0,de.1,FALSE
2022-05-09,ACF Fiorentina,AS Roma,2,0,it.1,FALSE
2022-05-10,Aston Villa,Liverpool,1,2,en.1,FALSE
2022-05-10,Valencia CF,Real Betis Balompié,0,3,es.1,FALSE
2022-05-10,Granada CF,Athletic Club,1,0,es.1,FALSE
2022-05-10,FC Barcelona,RC Celta de Vigo,3,1,es.1,FALSE
2022-05-11,Leeds United,Chelsea,0,3,en.1,FALSE
2022-05-11,Watford,Everton,0,0,en.1,FALSE
2022-05-11,Leicester City,Norwich City,3,0,en.1,FALSE
2022-05-11,Wolverhampton Wanderers,Manchester City,1,5,en.1,FALSE
2022-05-11,CA Osasuna,Getafe CF,1,1,es.1,FALSE
2022-05-11,Deportivo Alavés,RCD Espanyol de Barcelona,2,1,es.1,FALSE
2022-05-11,Sevilla,RCD Mallorca,0,0,es.1,FALSE
2022-05-11,Elche CF,Club Atlético de Madrid,0,2,es.1,FALSE
2022-05-12,Tottenham Hotspur,Arsenal,3,0,en.1,FALSE
2022-05-12,Real Sociedad de Fútbol,Cádiz CF,3,0,es.1,FALSE
2022-05-12,Rayo Vallecano de Madrid,Villarreal CF,1,5,es.1,FALSE
2022-05-12,Real Madrid CF,Levante UD,6,0,es.1,FALSE
2022-05-14,RCD Espanyol de Barcelona,Valencia CF,1,1,es.1,FALSE
2022-05-14,Empoli,US Salernitana 1919,1,1,it.1,FALSE
2022-05-14,Udinese Calcio,Spezia Calcio,2,3,it.1,FALSE
2022-05-14,Hellas Verona,Torino,0,1,it.1,FALSE
2022-05-14,AS Roma,Venezia,1,1,it.1,FALSE
2022-05-14,Borussia Dortmund,Hertha BSC,2,1,de.1,FALSE
2022-05-14,Bayer 04 Leverkusen,SC Freiburg,2,1,de.1,FALSE
2022-05-14,1. FC Union Berlin,VfL Bochum 1848,3,2,de.1,FALSE
2022-05-14,Borussia Mönchengladbach,TSG 1899 Hoffenheim,5,1,de.1,FALSE
2022-05-14,VfB Stuttgart,1. FC Köln,2,1,de.1,FALSE
2022-05-14,1. FSV Mainz 05,Eintracht Frankfurt,2,2,de.1,FALSE
2022-05-14,FC Augsburg,SpVgg Greuther Fürth 1903,2,1,de.1,FALSE
2022-05-14,Arminia Bielefeld,RB Leipzig,1,1,de.1,FALSE
2022-05-14,VfL Wolfsburg,FC Bayern München,2,2,de.1,FALSE
2022-05-15,Tottenham Hotspur,Burnley,1,0,en.1,FALSE
2022-05-15,Aston Villa,Crystal Palace,1,1,en.1,FALSE
2022-05-15,Leeds United,Brighton & Hove Albion,1,1,en.1,FALSE
2022-05-15,Watford,Leicester City,1,5,en.1,FALSE
2022-05-15,West Ham United,Manchester City,2,2,en.1,FALSE
2022-05-15,Wolverhampton Wanderers,Norwich City,1,1,en.1,FALSE
2022-05-15,Everton,Brentford,2,3,en.1,FALSE
2022-05-15,Villarreal CF,Real Sociedad de Fútbol,1,2,es.1,FALSE
2022-05-15,Levante UD,Deportivo Alavés,3,1,es.1,FALSE
2022-05-15,Cádiz CF,Real Madrid CF,1,1,es.1,FALSE
2022-05-15,Getafe CF,FC Barcelona,0,0,es.1,FALSE
2022-05-15,RCD Mallorca,Rayo Vallecano de Madrid,2,1,es.1,FALSE
2022-05-15,RC Celta de Vigo,Elche CF,1,0,es.1,FALSE
2022-05-15,Real Betis Balompié,Granada CF,2,0,es.1,FALSE
2022-05-15,Club Atlético de Madrid,Sevilla,1,1,es.1,FALSE
2022-05-15,Athletic Club,CA Osasuna,2,0,es.1,FALSE
2022-05-15,Bologna FC 1909,US Sassuolo Calcio,1,3,it.1,FALSE
2022-05-15,SSC Napoli,Genoa CFC,3,0,it.1,FALSE
2022-05-15,AC Milan,Atalanta BC,2,0,it.1,FALSE
2022-05-15,Cagliari Calcio,FC Internazionale Milano,1,3,it.1,FALSE
2022-05-16,Newcastle United,Arsenal,2,0,en.1,FALSE
2022-05-16,Sampdoria,ACF Fiorentina,4,1,it.1,FALSE
2022-05-16,Juventus,SS Lazio,2,2,it.1,FALSE
2022-05-17,Southampton,Liverpool,1,2,en.1,FALSE
2022-05-19,Everton,Crystal Palace,3,2,en.1,FALSE
2022-05-19,Aston Villa,Burnley,1,1,en.1,FALSE
2022-05-19,Chelsea,Leicester City,1,1,en.1,FALSE
2022-05-20,Rayo Vallecano de Madrid,Levante UD,2,4,es.1,FALSE
2022-05-20,Real Madrid CF,Real Betis Balompié,0,0,es.1,FALSE
2022-05-20,Torino,AS Roma,0,3,it.1,FALSE
2022-05-21,Valencia CF,RC Celta de Vigo,2,0,es.1,FALSE
2022-05-21,Genoa CFC,Bologna FC 1909,0,1,it.1,FALSE
2022-05-21,SS Lazio,Hellas Verona,3,3,it.1,FALSE
2022-05-21,ACF Fiorentina,Juventus,2,0,it.1,FALSE
2022-05-21,Atalanta BC,Empoli,0,1,it.1,FALSE
2022-05-22,Norwich City,Tottenham Hotspur,0,5,en.1,FALSE
2022-05-22,Manchester City,Aston Villa,3,2,en.1,FALSE
2022-05-22,Liverpool,Wolverhampton Wanderers,3,1,en.1,FALSE
2022-05-22,Leicester City,Southampton,4,1,en.1,FALSE
2022-05-22,Crystal Palace,Manchester United,1,0,en.1,FALSE
2022-05-22,Chelsea,Watford,2,1,en.1,FALSE
2022-05-22,Burnley,Newcastle United,1,2,en.1,FALSE
2022-05-22,Brighton & Hove Albion,West Ham United,3,1,en.1,FALSE
2022-05-22,Brentford,Leeds United,1,2,en.1,FALSE
2022-05-22,Arsenal,Everton,5,1,en.1,FALSE
2022-05-22,Elche CF,Getafe CF,3,1,es.1,FALSE
2022-05-22,CA Osasuna,RCD Mallorca,0,2,es.1,FALSE
2022-05-22,Granada CF,RCD Espanyol de Barcelona,0,0,es.1,FALSE
2022-05-22,Deportivo Alavés,Cádiz CF,0,1,es.1,FALSE
2022-05-22,Sevilla,Athletic Club,1,0,es.1,FALSE
2022-05-22,Real Sociedad de Fútbol,Club Atlético de Madrid,1,2,es.1,FALSE
2022-05-22,FC Barcelona,Villarreal CF,0,2,es.1,FALSE
2022-05-22,Spezia Calcio,SSC Napoli,0,3,it.1,FALSE
2022-05-22,US Sassuolo Calcio,AC Milan,0,3,it.1,FALSE
2022-05-22,FC Internazionale Milano,Sampdoria,3,0,it.1,FALSE
2022-05-22,Venezia,Cagliari Calcio,0,0,it.1,FALSE
2022-05-22,US Salernitana 1919,Udinese Calcio,0,4,it.1,FALSE
2022-08-05,Crystal Palace,Arsenal,0,2,en.1,FALSE
2022-08-05,Eintracht Frankfurt,FC Bayern München,1,6,de.1,FALSE
2022-08-06,Fulham,Liverpool,2,2,en.1,FALSE
2022-08-06,Tottenham Hotspur,Southampton,4,1,en.1,FALSE
2022-08-06,Newcastle United,Nottingham Forest,2,0,en.1,FALSE
2022-08-06,Leeds United,Wolverhampton Wanderers,2,1,en.1,FALSE
2022-08-06,AFC Bournemouth,Aston Villa,2,0,en.1,FALSE
2022-08-06,Everton,Chelsea,0,1,en.1,FALSE
2022-08-06,FC Augsburg,SC Freiburg,0,4,de.1,FALSE
2022-08-06,VfL Bochum 1848,1. FSV Mainz 05,1,2,de.1,FALSE
2022-08-06,VfL Wolfsburg,SV Werder Bremen,2,2,de.1,FALSE
2022-08-06,Borussia Mönchengladbach,TSG 1899 Hoffenheim,3,1,de.1,FALSE
2022-08-06,1. FC Union Berlin,Hertha BSC,3,1,de.1,FALSE
2022-08-06,Borussia Dortmund,Bayer 04 Leverkusen,1,0,de.1,FALSE
2022-08-07,Manchester United,Brighton & Hove Albion,1,2,en.1,FALSE
2022-08-07,Leicester City,Brentford,2,2,en.1,FALSE
2022-08-07,West Ham United,Manchester City,0,2,en.1,FALSE
2022-08-07,VfB Stuttgart,RB Leipzig,1,1,de.1,FALSE
2022-08-07,1. FC Köln,FC Schalke 04,3,1,de.1,FALSE
2022-08-12,CA Osasuna,Sevilla,2,1,es.1,FALSE
2022-08-12,SC Freiburg,Borussia Dortmund,1,3,de.1,FALSE
2022-08-13,Aston Villa,Everton,2,1,en.1,FALSE
2022-08-13,Wolverhampton Wanderers,Fulham,0,0,en.1,FALSE
2022-08-13,Southampton,Leeds United,2,2,en.1,FALSE
2022-08-13,Manchester City,AFC Bournemouth,4,0,en.1,FALSE
2022-08-13,Brighton & Hove Albion,Newcastle United,0,0,en.1,FALSE
2022-08-13,Arsenal,Leicester City,4,2,en.1,FALSE
2022-08-13,Brentford,Manchester United,4,0,en.1,FALSE
2022-08-13,RC Celta de Vigo,RCD Espanyol de Barcelona,2,2,es.1,FALSE
2022-08-13,Real Valladolid CF,Villarreal CF,0,3,es.1,FALSE
2022-08-13,FC Barcelona,Rayo Vallecano de Madrid,0,0,es.1,FALSE
2022-08-13,Sampdoria,Atalanta BC,0,2,it.1,FALSE
2022-08-13,AC Milan,Udinese Calcio,4,2,it.1,FALSE
2022-08-13,US Lecce,FC Internazionale Milano,1,2,it.1,FALSE
2022-08-13,AC Monza,Torino,1,2,it.1,FALSE
2022-08-13,SV Werder Bremen,VfB Stuttgart,2,2,de.1,FALSE
2022-08-13,Hertha BSC,Eintracht Frankfurt,1,1,de.1,FALSE
2022-08-13,TSG 1899 Hoffenheim,VfL Bochum 1848,3,2,de.1,FALSE
2022-08-13,RB Leipzig,1. FC Köln,2,2,de.1,FALSE
2022-08-13,Bayer 04 Leverkusen,FC Augsburg,1,2,de.1,FALSE
2022-08-13,FC Schalke 04,Borussia Mönchengladbach,2,2,de.1,FALSE
2022-08-14,Nottingham Forest,West Ham United,1,0,en.1,FALSE
2022-08-14,Chelsea,Tottenham Hotspur,2,2,en.1,FALSE
2022-08-14,Cádiz CF,Real Sociedad de Fútbol,0,1,es.1,FALSE
2022-08-14,Valencia CF,Girona,1,0,es.1,FALSE
2022-08-14,UD Almería,Real Madrid CF,1,2,es.1,FALSE
2022-08-14,ACF Fiorentina,US Cremonese,3,2,it.1,FALSE
2022-08-14,SS Lazio,Bologna FC 1909,2,1,it.1,FALSE
2022-08-14,US Salernitana 1919,AS Roma,0,1,it.1,FALSE
2022-08-14,Spezia Calcio,Empoli,1,0,it.1,FALSE
2022-08-14,1. FSV Mainz 05,1. FC Union Berlin,0,0,de.1,FALSE
2022-08-14,FC Bayern München,VfL Wolfsburg,2,0,de.1,FALSE
2022-08-15,Liverpool,Crystal Palace,1,1,en.1,FALSE
2022-08-15,Athletic Club,RCD Mallorca,0,0,es.1,FALSE
2022-08-15,Getafe CF,Club Atlético de Madrid,0,3,es.1,FALSE
2022-08-15,Real Betis Balompié,Elche CF,3,0,es.1,FALSE
2022-08-15,Hellas Verona,SSC Napoli,2,5,it.1,FALSE
2022-08-15,Juventus,US Sassuolo Calcio,3,0,it.1,FALSE
2022-08-19,RCD Espanyol de Barcelona,Rayo Vallecano de Madrid,0,2,es.1,FALSE
2022-08-19,Sevilla,Real Valladolid CF,1,1,es.1,FALSE
2022-08-19,Borussia Mönchengladbach,Hertha BSC,1,0,de.1,FALSE
2022-08-20,Tottenham Hotspur,Wolverhampton Wanderers,1,0,en.1,FALSE
2022-08-20,Leicester City,Southampton,1,2,en.1,FALSE
2022-08-20,Fulham,Brentford,3,2,en.1,FALSE
2022-08-20,Everton,Nottingham Forest,1,1,en.1,FALSE
2022-08-20,Crystal Palace,Aston Villa,3,1,en.1,FALSE
2022-08-20,AFC Bournemouth,Arsenal,0,3,en.1,FALSE
2022-08-20,CA Osasuna,Cádiz CF,2,0,es.1,FALSE
2022-08-20,RCD Mallorca,Real Betis Balompié,1,2,es.1,FALSE
2022-08-20,RC Celta de Vigo,Real Madrid CF,1,4,es.1,FALSE
2022-08-20,Udinese Calcio,US Salernitana 1919,0,0,it.1,FALSE
2022-08-20,Torino,SS Lazio,0,0,it.1,FALSE
2022-08-20,US Sassuolo Calcio,US Lecce,1,0,it.1,FALSE
2022-08-20,FC Internazionale Milano,Spezia Calcio,3,0,it.1,FALSE
2022-08-20,VfB Stuttgart,SC Freiburg,0,1,de.1,FALSE
2022-08-20,FC Augsburg,1. FSV Mainz 05,1,2,de.1,FALSE
2022-08-20,VfL Wolfsburg,FC Schalke 04,0,0,de.1,FALSE
2022-08-20,Bayer 04 Leverkusen,TSG 1899 Hoffenheim,0,3,de.1,FALSE
2022-08-20,Borussia Dortmund,SV Werder Bremen,2,3,de.1,FALSE
2022-08-20,1. FC Union Berlin,RB Leipzig,2,1,de.1,FALSE
2022-08-21,West Ham United,Brighton & Hove Albion,0,2,en.1,FALSE
2022-08-21,Leeds United,Chelsea,3,0,en.1,FALSE
2022-08-21,Newcastle United,Manchester City,3,3,en.1,FALSE
2022-08-21,Athletic Club,Valencia CF,1,0,es.1,FALSE
2022-08-21,Club Atlético de Madrid,Villarreal CF,0,2,es.1,FALSE
2022-08-21,Real Sociedad de Fútbol,FC Barcelona,1,4,es.1,FALSE
2022-08-21,SSC Napoli,AC Monza,4,0,it.1,FALSE
2022-08-21,Empoli,ACF Fiorentina,0,0,it.1,FALSE
2022-08-21,Bologna FC 1909,Hellas Verona,1,1,it.1,FALSE
2022-08-21,Atalanta BC,AC Milan,1,1,it.1,FALSE
2022-08-21,Eintracht Frankfurt,1. FC Köln,1,1,de.1,FALSE
2022-08-21,VfL Bochum 1848,FC Bayern München,0,7,de.1,FALSE
2022-08-22,Manchester United,Liverpool,2,1,en.1,FALSE
2022-08-22,Elche CF,UD Almería,1,1,es.1,FALSE
2022-08-22,Girona,Getafe CF,3,1,es.1,FALSE
2022-08-22,AS Roma,US Cremonese,1,0,it.1,FALSE
2022-08-22,Sampdoria,Juventus,0,0,it.1,FALSE
2022-08-26,Girona,RC Celta de Vigo,0,1,es.1,FALSE
2022-08-26,Real Betis Balompié,CA Osasuna,1,0,es.1,FALSE
2022-08-26,AC Monza,Udinese Calcio,1,2,it.1,FALSE
2022-08-26,SS Lazio,FC Internazionale Milano,3,1,it.1,FALSE
2022-08-26,SC Freiburg,VfL Bochum 1848,1,0,de.1,FALSE
2022-08-27,Southampton,Manchester United,0,1,en.1,FALSE
2022-08-27,Manchester City,Crystal Palace,4,2,en.1,FALSE
2022-08-27,Liverpool,AFC Bournemouth,9,0,en.1,FALSE
2022-08-27,Chelsea,Leicester City,2,1,en.1,FALSE
2022-08-27,Brighton & Hove Albion,Leeds United,1,0,en.1,FALSE
2022-08-27,Brentford,Everton,1,1,en.1,FALSE
2022-08-27,Arsenal,Fulham,2,1,en.1,FALSE
2022-08-27,Elche CF,Real Sociedad de Fútbol,0,1,es.1,FALSE
2022-08-27,Rayo Vallecano de Madrid,RCD Mallorca,0,2,es.1,FALSE
2022-08-27,UD Almería,Sevilla,2,1,es.1,FALSE
2022-08-27,Juventus,AS Roma,1,1,it.1,FALSE
2022-08-27,US Cremonese,Torino,1,2,it.1,FALSE
2022-08-27,Spezia Calcio,US Sassuolo Calcio,2,2,it.1,FALSE
2022-08-27,AC Milan,Bologna FC 1909,2,0,it.1,FALSE
2022-08-27,FC Schalke 04,1. FC Union Berlin,1,6,de.1,FALSE
2022-08-27,Hertha BSC,Borussia Dortmund,0,1,de.1,FALSE
2022-08-27,TSG 1899 Hoffenheim,FC Augsburg,1,0,de.1,FALSE
2022-08-27,1. FSV Mainz 05,Bayer 04 Leverkusen,0,3,de.1,FALSE
2022-08-27,RB Leipzig,VfL Wolfsburg,2,0,de.1,FALSE
2022-08-27,FC Bayern München,Borussia Mönchengladbach,1,1,de.1,FALSE
2022-08-28,Wolverhampton Wanderers,Newcastle United,1,1,en.1,FALSE
2022-08-28,Aston Villa,West Ham United,0,1,en.1,FALSE
2022-08-28,Nottingham Forest,Tottenham Hotspur,0,2,en.1,FALSE
2022-08-28,Getafe CF,Villarreal CF,0,0,es.1,FALSE
2022-08-28,FC Barcelona,Real Valladolid CF,4,0,es.1,FALSE
2022-08-28,RCD Espanyol de Barcelona,Real Madrid CF,1,3,es.1,FALSE
2022-08-28,US Salernitana 1919,Sampdoria,4,0,it.1,FALSE
2022-08-28,Hellas Verona,Atalanta BC,0,1,it.1,FALSE
2022-08-28,US Lecce,Empoli,1,1,it.1,FALSE
2022-08-28,ACF Fiorentina,SSC Napoli,0,0,it.1,FALSE
2022-08-28,1. FC Köln,VfB Stuttgart,0,0,de.1,FALSE
2022-08-28,SV Werder Bremen,Eintracht Frankfurt,3,4,de.1,FALSE
2022-08-29,Cádiz CF,Athletic Club,0,4,es.1,FALSE
2022-08-29,Valencia CF,Club Atlético de Madrid,0,1,es.1,FALSE
2022-08-30,Crystal Palace,Brentford,1,1,en.1,FALSE
2022-08-30,Fulham,Brighton & Hove Albion,2,1,en.1,FALSE
2022-08-30,Southampton,Chelsea,2,1,en.1,FALSE
2022-08-30,Leeds United,Everton,1,1,en.1,FALSE
2022-08-30,US Sassuolo Calcio,AC Milan,0,0,it.1,FALSE
2022-08-30,AS Roma,AC Monza,3,0,it.1,FALSE
2022-08-30,FC Internazionale Milano,US Cremonese,3,1,it.1,FALSE
2022-08-31,Manchester City,Nottingham Forest,6,0,en.1,FALSE
2022-08-31,AFC Bournemouth,Wolverhampton Wanderers,0,0,en.1,FALSE
2022-08-31,Arsenal,Aston Villa,2,1,en.1,FALSE
2022-08-31,West Ham United,Tottenham Hotspur,1,1,en.1,FALSE
2022-08-31,Liverpool,Newcastle United,2,1,en.1,FALSE
2022-08-31,Udinese Calcio,ACF Fiorentina,1,0,it.1,FALSE
2022-08-31,Sampdoria,SS Lazio,1,1,it.1,FALSE
2022-08-31,Empoli,Hellas Verona,1,1,it.1,FALSE
2022-08-31,SSC Napoli,US Lecce,1,1,it.1,FALSE
2022-08-31,Juventus,Spezia Calcio,2,0,it.1,FALSE
2022-09-01,Leicester City,Manchester United,0,1,en.1,FALSE
2022-09-01,Bologna FC 1909,US Salernitana 1919,1,1,it.1,FALSE
2022-09-01,Atalanta BC,Torino,3,1,it.1,FALSE
2022-09-02,RC Celta de Vigo,Cádiz CF,3,0,es.1,FALSE
2022-09-02,Borussia Dortmund,TSG 1899 Hoffenheim,1,0,de.1,FALSE
2022-09-03,Everton,Liverpool,0,0,en.1,FALSE
2022-09-03,Wolverhampton Wanderers,Southampton,1,0,en.1,FALSE
2022-09-03,Tottenham Hotspur,Fulham,2,1,en.1,FALSE
2022-09-03,Nottingham Forest,AFC Bournemouth,2,3,en.1,FALSE
2022-09-03,Newcastle United,Crystal Palace,0,0,en.1,FALSE
2022-09-03,Chelsea,West Ham United,2,1,en.1,FALSE
2022-09-03,Brentford,Leeds United,5,2,en.1,FALSE
2022-09-03,Aston Villa,Manchester City,1,1,en.1,FALSE
2022-09-03,RCD Mallorca,Girona,1,1,es.1,FALSE
2022-09-03,Real Madrid CF,Real Betis Balompié,2,1,es.1,FALSE
2022-09-03,Real Sociedad de Fútbol,Club Atlético de Madrid,1,1,es.1,FALSE
2022-09-03,Sevilla,FC Barcelona,0,3,es.1,FALSE
2022-09-03,ACF Fiorentina,Juventus,1,1,it.1,FALSE
2022-09-03,AC Milan,FC Internazionale Milano,3,2,it.1,FALSE
2022-09-03,SS Lazio,SSC Napoli,1,2,it.1,FALSE
2022-09-03,VfB Stuttgart,FC Schalke 04,1,1,de.1,FALSE
2022-09-03,VfL Bochum 1848,SV Werder Bremen,0,2,de.1,FALSE
2022-09-03,VfL Wolfsburg,1. FC Köln,2,4,de.1,FALSE
2022-09-03,1. FC Union Berlin,FC Bayern München,1,1,de.1,FALSE
2022-09-03,Bayer 04 Leverkusen,SC Freiburg,2,3,de.1,FALSE
2022-09-03,Eintracht Frankfurt,RB Leipzig,4,0,de.1,FALSE
2022-09-04,Brighton & Hove Albion,Leicester City,5,2,en.1,FALSE
2022-09-04,Manchester United,Arsenal,3,1,en.1,FALSE
2022-09-04,CA Osasuna,Rayo Vallecano de Madrid,2,1,es.1,FALSE
2022-09-04,Athletic Club,RCD Espanyol de Barcelona,0,1,es.1,FALSE
2022-09-04,Villarreal CF,Elche CF,4,0,es.1,FALSE
2022-09-04,Valencia CF,Getafe CF,5,1,es.1,FALSE
2022-09-04,US Cremonese,US Sassuolo Calcio,0,0,it.1,FALSE
2022-09-04,Spezia Calcio,Bologna FC 1909,2,2,it.1,FALSE
2022-09-04,Hellas Verona,Sampdoria,2,1,it.1,FALSE
2022-09-04,Udinese Calcio,AS Roma,4,0,it.1,FALSE
2022-09-04,FC Augsburg,Hertha BSC,0,2,de.1,FALSE
2022-09-04,Borussia Mönchengladbach,1. FSV Mainz 05,0,1,de.1,FALSE
2022-09-05,Real Valladolid CF,UD Almería,1,0,es.1,FALSE
2022-09-05,US Salernitana 1919,Empoli,2,2,it.1,FALSE
2022-09-05,AC Monza,Atalanta BC,0,2,it.1,FALSE
2022-09-05,Torino,US Lecce,1,0,it.1,FALSE
2022-09-09,Girona,Real Valladolid CF,2,1,es.1,FALSE
2022-09-09,SV Werder Bremen,FC Augsburg,0,1,de.1,FALSE
2022-09-10,Rayo Vallecano de Madrid,Valencia CF,2,1,es.1,FALSE
2022-09-10,RCD Espanyol de Barcelona,Sevilla,2,3,es.1,FALSE
2022-09-10,Cádiz CF,FC Barcelona,0,4,es.1,FALSE
2022-09-10,Club Atlético de Madrid,RC Celta de Vigo,4,1,es.1,FALSE
2022-09-10,SSC Napoli,Spezia Calcio,1,0,it.1,FALSE
2022-09-10,FC Internazionale Milano,Torino,1,0,it.1,FALSE
2022-09-10,Sampdoria,AC Milan,1,2,it.1,FALSE
2022-09-10,Hertha BSC,Bayer 04 Leverkusen,2,2,de.1,FALSE
2022-09-10,Eintracht Frankfurt,VfL Wolfsburg,0,1,de.1,FALSE
2022-09-10,TSG 1899 Hoffenheim,1. FSV Mainz 05,4,1,de.1,FALSE
2022-09-10,RB Leipzig,Borussia Dortmund,3,0,de.1,FALSE
2022-09-10,FC Bayern München,VfB Stuttgart,2,2,de.1,FALSE
2022-09-10,FC Schalke 04,VfL Bochum 1848,3,1,de.1,FALSE
2022-09-11,Real Madrid CF,RCD Mallorca,4,1,es.1,FALSE
2022-09-11,Elche CF,Athletic Club,1,4,es.1,FALSE
2022-09-11,Getafe CF,Real Sociedad de Fútbol,2,1,es.1,FALSE
2022-09-11,Real Betis Balompié,Villarreal CF,1,0,es.1,FALSE
2022-09-11,Atalanta BC,US Cremonese,1,1,it.1,FALSE
2022-09-11,US Sassuolo Calcio,Udinese Calcio,1,3,it.1,FALSE
2022-09-11,US Lecce,AC Monza,1,1,it.1,FALSE
2022-09-11,Bologna FC 1909,ACF Fiorentina,2,1,it.1,FALSE
2022-09-11,SS Lazio,Hellas Verona,2,0,it.1,FALSE
2022-09-11,Juventus,US Salernitana 1919,2,2,it.1,FALSE
2022-09-11,1. FC Köln,1. FC Union Berlin,0,1,de.1,FALSE
2022-09-11,SC Freiburg,Borussia Mönchengladbach,0,0,de.1,FALSE
2022-09-12,UD Almería,CA Osasuna,0,1,es.1,FALSE
2022-09-12,Empoli,AS Roma,1,2,it.1,FALSE
2022-09-16,Nottingham Forest,Fulham,2,3,en.1,FALSE
2022-09-16,Aston Villa,Southampton,1,0,en.1,FALSE
2022-09-16,Real Valladolid CF,Cádiz CF,0,1,es.1,FALSE
2022-09-16,US Salernitana 1919,US Lecce,1,2,it.1,FALSE
2022-09-16,1. FSV Mainz 05,Hertha BSC,1,1,de.1,FALSE
2022-09-17,Wolverhampton Wanderers,Manchester City,0,3,en.1,FALSE
2022-09-17,Newcastle United,AFC Bournemouth,1,1,en.1,FALSE
2022-09-17,Tottenham Hotspur,Leicester City,6,2,en.1,FALSE
2022-09-17,RCD Mallorca,UD Almería,1,0,es.1,FALSE
2022-09-17,FC Barcelona,Elche CF,3,0,es.1,FALSE
2022-09-17,Valencia CF,RC Celta de Vigo,3,0,es.1,FALSE
2022-09-17,Athletic Club,Rayo Vallecano de Madrid,3,2,es.1,FALSE
2022-09-17,Bologna FC 1909,Empoli,0,1,it.1,FALSE
2022-09-17,Spezia Calcio,Sampdoria,2,1,it.1,FALSE
2022-09-17,Torino,US Sassuolo Calcio,0,1,it.1,FALSE
2022-09-17,VfB Stuttgart,Eintracht Frankfurt,1,3,de.1,FALSE
2022-09-17,FC Augsburg,FC Bayern München,1,0,de.1,FALSE
2022-09-17,Bayer 04 Leverkusen,SV Werder Bremen,1,1,de.1,FALSE
2022-09-17,Borussia Dortmund,FC Schalke 04,1,0,de.1,FALSE
2022-09-17,Borussia Mönchengladbach,RB Leipzig,3,0,de.1,FALSE
2022-09-18,Brentford,Arsenal,0,3,en.1,FALSE
2022-09-18,Everton,West Ham United,1,0,en.1,FALSE
2022-09-18,CA Osasuna,Getafe CF,0,2,es.1,FALSE
2022-09-18,Villarreal CF,Sevilla,1,1,es.1,FALSE
2022-09-18,Real Sociedad de Fútbol,RCD Espanyol de Barcelona,2,1,es.1,FALSE
2022-09-18,Real Betis Balompié,Girona,2,1,es.1,FALSE
2022-09-18,Club Atlético de Madrid,Real Madrid CF,1,2,es.1,FALSE
2022-09-18,Udinese Calcio,FC Internazionale Milano,3,1,it.1,FALSE
2022-09-18,AC Monza,Juventus,1,0,it.1,FALSE
2022-09-18,ACF Fiorentina,Hellas Verona,2,0,it.1,FALSE
2022-09-18,US Cremonese,SS Lazio,0,4,it.1,FALSE
2022-09-18,AS Roma,Atalanta BC,0,1,it.1,FALSE
2022-09-18,AC Milan,SSC Napoli,1,2,it.1,FALSE
2022-09-18,1. FC Union Berlin,VfL Wolfsburg,2,0,de.1,FALSE
2022-09-18,VfL Bochum 1848,1. FC Köln,1,1,de.1,FALSE
2022-09-18,TSG 1899 Hoffenheim,SC Freiburg,0,0,de.1,FALSE
2022-09-30,Athletic Club,UD Almería,4,0,es.1,FALSE
2022-09-30,FC Bayern München,Bayer 04 Leverkusen,4,0,de.1,FALSE
2022-10-01,Arsenal,Tottenham Hotspur,3,1,en.1,FALSE
2022-10-01,Southampton,Everton,1,2,en.1,FALSE
2022-10-01,Liverpool,Brighton & Hove Albion,3,3,en.1,FALSE
2022-10-01,Fulham,Newcastle United,1,4,en.1,FALSE
2022-10-01,Crystal Palace,Chelsea,1,2,en.1,FALSE
2022-10-01,AFC Bournemouth,Brentford,0,0,en.1,FALSE
2022-10-01,West Ham United,Wolverhampton Wanderers,2,0,en.1,FALSE
2022-10-01,Cádiz CF,Villarreal CF,0,0,es.1,FALSE
2022-10-01,Getafe CF,Real Valladolid CF,2,3,es.1,FALSE
2022-10-01,Sevilla,Club Atlético de Madrid,0,2,es.1,FALSE
2022-10-01,RCD Mallorca,FC Barcelona,0,1,es.1,FALSE
2022-10-01,SSC Napoli,Torino,3,1,it.1,FALSE
2022-10-01,FC Internazionale Milano,AS Roma,1,2,it.1,FALSE
2022-10-01,Empoli,AC Milan,1,3,it.1,FALSE
2022-10-01,VfL Wolfsburg,VfB Stuttgart,3,2,de.1,FALSE
2022-10-01,Eintracht Frankfurt,1. FC Union Berlin,2,0,de.1,FALSE
2022-10-01,1. FC Köln,Borussia Dortmund,3,2,de.1,FALSE
2022-10-01,SC Freiburg,1. FSV Mainz 05,2,1,de.1,FALSE
2022-10-01,RB Leipzig,VfL Bochum 1848,4,0,de.1,FALSE
2022-10-01,SV Werder Bremen,Borussia Mönchengladbach,5,1,de.1,FALSE
2022-10-02,Manchester City,Manchester United,6,3,en.1,FALSE
2022-10-02,Leeds United,Aston Villa,0,0,en.1,FALSE
2022-10-02,RCD Espanyol de Barcelona,Valencia CF,2,2,es.1,FALSE
2022-10-02,RC Celta de Vigo,Real Betis Balompié,1,0,es.1,FALSE
2022-10-02,Girona,Real Sociedad de Fútbol,3,5,es.1,FALSE
2022-10-02,Real Madrid CF,CA Osasuna,1,1,es.1,FALSE
2022-10-02,SS Lazio,Spezia Calcio,4,0,it.1,FALSE
2022-10-02,US Sassuolo Calcio,US Salernitana 1919,5,0,it.1,FALSE
2022-10-02,Sampdoria,AC Monza,0,3,it.1,FALSE
2022-10-02,US Lecce,US Cremonese,1,1,it.1,FALSE
2022-10-02,Atalanta BC,ACF Fiorentina,1,0,it.1,FALSE
2022-10-02,Juventus,Bologna FC 1909,3,0,it.1,FALSE
2022-10-02,Hertha BSC,TSG 1899 Hoffenheim,1,1,de.1,FALSE
2022-10-02,FC Schalke 04,FC Augsburg,2,3,de.1,FALSE
2022-10-03,Leicester City,Nottingham Forest,4,0,en.1,FALSE
2022-10-03,Rayo Vallecano de Madrid,Elche CF,2,1,es.1,FALSE
2022-10-03,Hellas Verona,Udinese Calcio,1,2,it.1,FALSE
2022-10-07,CA Osasuna,Valencia CF,1,2,es.1,FALSE
2022-10-07,TSG 1899 Hoffenheim,SV Werder Bremen,1,2,de.1,FALSE
2022-10-08,Newcastle United,Brentford,5,1,en.1,FALSE
2022-10-08,Manchester City,Southampton,4,0,en.1,FALSE
2022-10-08,Chelsea,Wolverhampton Wanderers,3,0,en.1,FALSE
2022-10-08,AFC Bournemouth,Leicester City,2,1,en.1,FALSE
2022-10-08,Brighton & Hove Albion,Tottenham Hotspur,0,1,en.1,FALSE
2022-10-08,UD Almería,Rayo Vallecano de Madrid,3,1,es.1,FALSE
2022-10-08,Club Atlético de Madrid,Girona,2,1,es.1,FALSE
2022-10-08,Sevilla,Athletic Club,1,1,es.1,FALSE
2022-10-08,Getafe CF,Real Madrid CF,0,1,es.1,FALSE
2022-10-08,US Sassuolo Calcio,FC Internazionale Milano,1,2,it.1,FALSE
2022-10-08,AC Milan,Juventus,2,0,it.1,FALSE
2022-10-08,Bologna FC 1909,Sampdoria,1,1,it.1,FALSE
2022-10-08,FC Augsburg,VfL Wolfsburg,1,1,de.1,FALSE
2022-10-08,VfL Bochum 1848,Eintracht Frankfurt,3,0,de.1,FALSE
2022-10-08,1. FSV Mainz 05,RB Leipzig,1,1,de.1,FALSE
2022-10-08,Bayer 04 Leverkusen,FC Schalke 04,4,0,de.1,FALSE
2022-10-08,Borussia Dortmund,FC Bayern München,2,2,de.1,FALSE
2022-10-09,West Ham United,Fulham,3,1,en.1,FALSE
2022-10-09,Crystal Palace,Leeds United,2,1,en.1,FALSE
2022-10-09,Arsenal,Liverpool,3,2,en.1,FALSE
2022-10-09,Everton,Manchester United,1,2,en.1,FALSE
2022-10-09,Real Valladolid CF,Real Betis Balompié,0,0,es.1,FALSE
2022-10-09,Cádiz CF,RCD Espanyol de Barcelona,2,2,es.1,FALSE
2022-10-09,Real Sociedad de Fútbol,Villarreal CF,1,0,es.1,FALSE
2022-10-09,FC Barcelona,RC Celta de Vigo,1,0,es.1,FALSE
2022-10-09,Torino,Empoli,1,1,it.1,FALSE
2022-10-09,Udinese Calcio,Atalanta BC,2,2,it.1,FALSE
2022-10-09,US Salernitana 1919,Hellas Verona,2,1,it.1,FALSE
2022-10-09,AC Monza,Spezia Calcio,2,0,it.1,FALSE
2022-10-09,US Cremonese,SSC Napoli,1,4,it.1,FALSE
2022-10-09,AS Roma,US Lecce,2,1,it.1,FALSE
2022-10-09,Borussia Mönchengladbach,1. FC Köln,5,2,de.1,FALSE
2022-10-09,Hertha BSC,SC Freiburg,2,2,de.1,FALSE
2022-10-09,VfB Stuttgart,1. FC Union Berlin,0,1,de.1,FALSE
2022-10-10,Nottingham Forest,Aston Villa,1,1,en.1,FALSE
2022-10-10,Elche CF,RCD Mallorca,1,1,es.1,FALSE
2022-10-10,ACF Fiorentina,SS Lazio,0,4,it.1,FALSE
2022-10-14,Brentford,Brighton & Hove Albion,2,0,en.1,FALSE
2022-10-14,Rayo Vallecano de Madrid,Getafe CF,0,0,es.1,FALSE
2022-10-14,FC Schalke 04,TSG 1899 Hoffenheim,0,3,de.1,FALSE
2022-10-15,Leicester City,Crystal Palace,0,0,en.1,FALSE
2022-10-15,Wolverhampton Wanderers,Nottingham Forest,1,0,en.1,FALSE
2022-10-15,Fulham,AFC Bournemouth,2,2,en.1,FALSE
2022-10-15,Tottenham Hotspur,Everton,2,0,en.1,FALSE
2022-10-15,Girona,Cádiz CF,1,1,es.1,FALSE
2022-10-15,Valencia CF,Elche CF,2,2,es.1,FALSE
2022-10-15,RCD Mallorca,Sevilla,0,1,es.1,FALSE
2022-10-15,Athletic Club,Club Atlético de Madrid,0,1,es.1,FALSE
2022-10-15,Empoli,AC Monza,1,0,it.1,FALSE
2022-10-15,Torino,Juventus,0,1,it.1,FALSE
2022-10-15,Atalanta BC,US Sassuolo Calcio,2,1,it.1,FALSE
2022-10-15,SV Werder Bremen,1. FSV Mainz 05,0,2,de.1,FALSE
2022-10-15,VfB Stuttgart,VfL Bochum 1848,4,1,de.1,FALSE
2022-10-15,VfL Wolfsburg,Borussia Mönchengladbach,2,2,de.1,FALSE
2022-10-15,Eintracht Frankfurt,Bayer 04 Leverkusen,5,1,de.1,FALSE
2022-10-15,RB Leipzig,Hertha BSC,3,2,de.1,FALSE
2022-10-16,Southampton,West Ham United,1,1,en.1,FALSE
2022-10-16,Manchester United,Newcastle United,0,0,en.1,FALSE
2022-10-16,Leeds United,Arsenal,0,1,en.1,FALSE
2022-10-16,Aston Villa,Chelsea,0,2,en.1,FALSE
2022-10-16,Liverpool,Manchester City,1,0,en.1,FALSE
2022-10-16,RC Celta de Vigo,Real Sociedad de Fútbol,1,2,es.1,FALSE
2022-10-16,Real Madrid CF,FC Barcelona,3,1,es.1,FALSE
2022-10-16,RCD Espanyol de Barcelona,Real Valladolid CF,1,0,es.1,FALSE
2022-10-16,Real Betis Balompié,UD Almería,3,1,es.1,FALSE
2022-10-16,FC Internazionale Milano,US Salernitana 1919,2,0,it.1,FALSE
2022-10-16,SS Lazio,Udinese Calcio,0,0,it.1,FALSE
2022-10-16,Spezia Calcio,US Cremonese,2,2,it.1,FALSE
2022-10-16,SSC Napoli,Bologna FC 1909,3,2,it.1,FALSE
2022-10-16,Hellas Verona,AC Milan,1,2,it.1,FALSE
2022-10-16,1. FC Köln,FC Augsburg,3,2,de.1,FALSE
2022-10-16,1. FC Union Berlin,Borussia Dortmund,2,0,de.1,FALSE
2022-10-16,FC Bayern München,SC Freiburg,5,0,de.1,FALSE
2022-10-17,Villarreal CF,CA Osasuna,2,0,es.1,FALSE
2022-10-17,Sampdoria,AS Roma,0,1,it.1,FALSE
2022-10-17,US Lecce,ACF Fiorentina,1,1,it.1,FALSE
2022-10-18,Brighton & Hove Albion,Nottingham Forest,0,0,en.1,FALSE
2022-10-18,Crystal Palace,Wolverhampton Wanderers,2,1,en.1,FALSE
2022-10-18,Sevilla,Valencia CF,1,1,es.1,FALSE
2022-10-18,Getafe CF,Athletic Club,2,2,es.1,FALSE
2022-10-18,Club Atlético de Madrid,Rayo Vallecano de Madrid,1,1,es.1,FALSE
2022-10-19,Liverpool,West Ham United,1,0,en.1,FALSE
2022-10-19,Newcastle United,Everton,1,0,en.1,FALSE
2022-10-19,Brentford,Chelsea,0,0,en.1,FALSE
2022-10-19,AFC Bournemouth,Southampton,0,1,en.1,FALSE
2022-10-19,Manchester United,Tottenham Hotspur,2,0,en.1,FALSE
2022-10-19,Real Valladolid CF,RC Celta de Vigo,4,1,es.1,FALSE
2022-10-19,Cádiz CF,Real Betis Balompié,0,0,es.1,FALSE
2022-10-19,Real Sociedad de Fútbol,RCD Mallorca,1,0,es.1,FALSE
2022-10-19,Elche CF,Real Madrid CF,0,3,es.1,FALSE
2022-10-20,Fulham,Aston Villa,3,0,en.1,FALSE
2022-10-20,Leicester City,Leeds United,2,0,en.1,FALSE
2022-10-20,UD Almería,Girona,3,2,es.1,FALSE
2022-10-20,CA Osasuna,RCD Espanyol de Barcelona,1,0,es.1,FALSE
2022-10-20,FC Barcelona,Villarreal CF,3,0,es.1,FALSE
2022-10-21,Juventus,Empoli,4,0,it.1,FALSE
2022-10-21,1. FSV Mainz 05,1. FC Köln,5,0,de.1,FALSE
2022-10-22,Nottingham Forest,Liverpool,1,0,en.1,FALSE
2022-10-22,Manchester City,Brighton & Hove Albion,3,1,en.1,FALSE
2022-10-22,Everton,Crystal Palace,3,0,en.1,FALSE
2022-10-22,Chelsea,Manchester United,1,1,en.1,FALSE
2022-10-22,Rayo Vallecano de Madrid,Cádiz CF,5,1,es.1,FALSE
2022-10-22,Real Valladolid CF,Real Sociedad de Fútbol,1,0,es.1,FALSE
2022-10-22,Valencia CF,RCD Mallorca,1,2,es.1,FALSE
2022-10-22,Real Madrid CF,Sevilla,3,1,es.1,FALSE
2022-10-22,US Salernitana 1919,Spezia Calcio,1,0,it.1,FALSE
2022-10-22,AC Milan,AC Monza,4,1,it.1,FALSE
2022-10-22,ACF Fiorentina,FC Internazionale Milano,3,4,it.1,FALSE
2022-10-22,FC Augsburg,RB Leipzig,3,3,de.1,FALSE
2022-10-22,TSG 1899 Hoffenheim,FC Bayern München,0,2,de.1,FALSE
2022-10-22,SC Freiburg,SV Werder Bremen,2,0,de.1,FALSE
2022-10-22,Bayer 04 Leverkusen,VfL Wolfsburg,2,2,de.1,FALSE
2022-10-22,Borussia Dortmund,VfB Stuttgart,5,0,de.1,FALSE
2022-10-22,Borussia Mönchengladbach,Eintracht Frankfurt,1,3,de.1,FALSE
2022-10-23,Southampton,Arsenal,1,1,en.1,FALSE
2022-10-23,Leeds United,Fulham,2,3,en.1,FALSE
2022-10-23,Aston Villa,Brentford,4,0,en.1,FALSE
2022-10-23,Wolverhampton Wanderers,Leicester City,0,4,en.1,FALSE
2022-10-23,Tottenham Hotspur,Newcastle United,1,2,en.1,FALSE
2022-10-23,RCD Espanyol de Barcelona,Elche CF,2,2,es.1,FALSE
2022-10-23,Real Betis Balompié,Club Atlético de Madrid,1,2,es.1,FALSE
2022-10-23,Villarreal CF,UD Almería,2,1,es.1,FALSE
2022-10-23,Girona,CA Osasuna,1,1,es.1,FALSE
2022-10-23,FC Barcelona,Athletic Club,4,0,es.1,FALSE
2022-10-23,Udinese Calcio,Torino,1,2,it.1,FALSE
2022-10-23,Bologna FC 1909,US Lecce,2,0,it.1,FALSE
2022-10-23,Atalanta BC,SS Lazio,0,2,it.1,FALSE
2022-10-23,AS Roma,SSC Napoli,0,1,it.1,FALSE
2022-10-23,VfL Bochum 1848,1. FC Union Berlin,2,1,de.1,FALSE
2022-10-23,Hertha BSC,FC Schalke 04,2,1,de.1,FALSE
2022-10-24,West Ham United,AFC Bournemouth,2,0,en.1,FALSE
2022-10-24,RC Celta de Vigo,Getafe CF,1,1,es.1,FALSE
2022-10-24,US Cremonese,Sampdoria,0,1,it.1,FALSE
2022-10-24,US Sassuolo Calcio,Hellas Verona,2,1,it.1,FALSE
2022-10-28,RCD Mallorca,RCD Espanyol de Barcelona,1,1,es.1,FALSE
2022-10-28,SV Werder Bremen,Hertha BSC,1,0,de.1,FALSE
2022-10-29,Leicester City,Manchester City,0,1,en.1,FALSE
2022-10-29,Newcastle United,Aston Villa,4,0,en.1,FALSE
2022-10-29,Crystal Palace,Southampton,1,0,en.1,FALSE
2022-10-29,Brighton & Hove Albion,Chelsea,4,1,en.1,FALSE
2022-10-29,Brentford,Wolverhampton Wanderers,1,1,en.1,FALSE
2022-10-29,AFC Bournemouth,Tottenham Hotspur,2,3,en.1,FALSE
2022-10-29,Fulham,Everton,0,0,en.1,FALSE
2022-10-29,Liverpool,Leeds United,1,2,en.1,FALSE
2022-10-29,UD Almería,RC Celta de Vigo,3,1,es.1,FALSE
2022-10-29,Cádiz CF,Club Atlético de Madrid,3,2,es.1,FALSE
2022-10-29,Sevilla,Rayo Vallecano de Madrid,0,1,es.1,FALSE
2022-10-29,Valencia CF,FC Barcelona,0,1,es.1,FALSE
2022-10-29,SSC Napoli,US Sassuolo Calcio,4,0,it.1,FALSE
2022-10-29,US Lecce,Juventus,0,1,it.1,FALSE
2022-10-29,FC Internazionale Milano,Sampdoria,3,0,it.1,FALSE
2022-10-29,VfB Stuttgart,FC Augsburg,2,1,de.1,FALSE
2022-10-29,VfL Wolfsburg,VfL Bochum 1848,4,0,de.1,FALSE
2022-10-29,RB Leipzig,Bayer 04 Leverkusen,2,0,de.1,FALSE
2022-10-29,FC Bayern München,1. FSV Mainz 05,6,2,de.1,FALSE
2022-10-29,Eintracht Frankfurt,Borussia Dortmund,1,2,de.1,FALSE
2022-10-30,Arsenal,Nottingham Forest,5,0,en.1,FALSE
2022-10-30,Manchester United,West Ham United,1,0,en.1,FALSE
2022-10-30,CA Osasuna,Real Valladolid CF,2,0,es.1,FALSE
2022-10-30,Real Madrid CF,Girona,1,1,es.1,FALSE
2022-10-30,Athletic Club,Villarreal CF,1,0,es.1,FALSE
2022-10-30,Real Sociedad de Fútbol,Real Betis Balompié,0,2,es.1,FALSE
2022-10-30,Empoli,Atalanta BC,0,2,it.1,FALSE
2022-10-30,Spezia Calcio,ACF Fiorentina,1,2,it.1,FALSE
2022-10-30,US Cremonese,Udinese Calcio,0,0,it.1,FALSE
2022-10-30,SS Lazio,US Salernitana 1919,1,3,it.1,FALSE
2022-10-30,Torino,AC Milan,2,1,it.1,FALSE
2022-10-30,1. FC Union Berlin,Borussia Mönchengladbach,2,1,de.1,FALSE
2022-10-30,FC Schalke 04,SC Freiburg,0,2,de.1,FALSE
2022-10-30,1. FC Köln,TSG 1899 Hoffenheim,1,1,de.1,FALSE
2022-10-31,Elche CF,Getafe CF,0,1,es.1,FALSE
2022-10-31,Hellas Verona,AS Roma,1,3,it.1,FALSE
2022-10-31,AC Monza,Bologna FC 1909,1,2,it.1,FALSE
2022-11-04,Girona,Athletic Club,2,1,es.1,FALSE
2022-11-04,Udinese Calcio,US Lecce,1,1,it.1,FALSE
2022-11-04,Borussia Mönchengladbach,VfB Stuttgart,3,1,de.1,FALSE
2022-11-05,Wolverhampton Wanderers,Brighton & Hove Albion,2,3,en.1,FALSE
2022-11-05,Nottingham Forest,Brentford,2,2,en.1,FALSE
2022-11-05,Manchester City,Fulham,2,1,en.1,FALSE
2022-11-05,Leeds United,AFC Bournemouth,4,3,en.1,FALSE
2022-11-05,Everton,Leicester City,0,2,en.1,FALSE
2022-11-05,Getafe CF,Cádiz CF,0,0,es.1,FALSE
2022-11-05,Real Valladolid CF,Elche CF,2,1,es.1,FALSE
2022-11-05,RC Celta de Vigo,CA Osasuna,1,2,es.1,FALSE
2022-11-05,FC Barcelona,UD Almería,2,0,es.1,FALSE
2022-11-05,US Salernitana 1919,US Cremonese,2,2,it.1,FALSE
2022-11-05,Empoli,US Sassuolo Calcio,1,0,it.1,FALSE
2022-11-05,Atalanta BC,SSC Napoli,1,2,it.1,FALSE
2022-11-05,AC Milan,Spezia Calcio,2,1,it.1,FALSE
2022-11-05,Hertha BSC,FC Bayern München,2,3,de.1,FALSE
2022-11-05,FC Augsburg,Eintracht Frankfurt,1,2,de.1,FALSE
2022-11-05,TSG 1899 Hoffenheim,RB Leipzig,1,3,de.1,FALSE
2022-11-05,1. FSV Mainz 05,VfL Wolfsburg,0,3,de.1,FALSE
2022-11-05,Borussia Dortmund,VfL Bochum 1848,3,0,de.1,FALSE
2022-11-05,SV Werder Bremen,FC Schalke 04,2,1,de.1,FALSE
2022-11-06,Chelsea,Arsenal,0,1,en.1,FALSE
2022-11-06,West Ham United,Crystal Palace,1,2,en.1,FALSE
2022-11-06,Southampton,Newcastle United,1,4,en.1,FALSE
2022-11-06,Aston Villa,Manchester United,3,1,en.1,FALSE
2022-11-06,Tottenham Hotspur,Liverpool,1,2,en.1,FALSE
2022-11-06,Club Atlético de Madrid,RCD Espanyol de Barcelona,1,1,es.1,FALSE
2022-11-06,Real Sociedad de Fútbol,Valencia CF,1,1,es.1,FALSE
2022-11-06,Villarreal CF,RCD Mallorca,0,2,es.1,FALSE
2022-11-06,Real Betis Balompié,Sevilla,1,1,es.1,FALSE
2022-11-06,Bologna FC 1909,Torino,2,1,it.1,FALSE
2022-11-06,Sampdoria,ACF Fiorentina,0,2,it.1,FALSE
2022-11-06,AC Monza,Hellas Verona,2,0,it.1,FALSE
2022-11-06,AS Roma,SS Lazio,0,1,it.1,FALSE
2022-11-06,Juventus,FC Internazionale Milano,2,0,it.1,FALSE
2022-11-06,Bayer 04 Leverkusen,1. FC Union Berlin,5,0,de.1,FALSE
2022-11-06,SC Freiburg,1. FC Köln,2,0,de.1,FALSE
2022-11-07,Rayo Vallecano de Madrid,Real Madrid CF,3,2,es.1,FALSE
2022-11-08,Elche CF,Girona,1,2,es.1,FALSE
2022-11-08,Athletic Club,Real Valladolid CF,3,0,es.1,FALSE
2022-11-08,CA Osasuna,FC Barcelona,1,2,es.1,FALSE
2022-11-08,Spezia Calcio,Udinese Calcio,1,1,it.1,FALSE
2022-11-08,SSC Napoli,Empoli,2,0,it.1,FALSE
2022-11-08,US Cremonese,AC Milan,0,0,it.1,FALSE
2022-11-08,VfL Wolfsburg,Borussia Dortmund,2,0,de.1,FALSE
2022-11-08,VfB Stuttgart,Hertha BSC,2,1,de.1,FALSE
2022-11-08,VfL Bochum 1848,Borussia Mönchengladbach,2,1,de.1,FALSE
2022-11-08,FC Bayern München,SV Werder Bremen,6,1,de.1,FALSE
2022-11-09,Sevilla,Real Sociedad de Fútbol,1,2,es.1,FALSE
2022-11-09,UD Almería,Getafe CF,1,0,es.1,FALSE
2022-11-09,RCD Espanyol de Barcelona,Villarreal CF,0,1,es.1,FALSE
2022-11-09,RCD Mallorca,Club Atlético de Madrid,1,0,es.1,FALSE
2022-11-09,US Sassuolo Calcio,AS Roma,1,1,it.1,FALSE
2022-11-09,US Lecce,Atalanta BC,2,1,it.1,FALSE
2022-11-09,Torino,Sampdoria,2,0,it.1,FALSE
2022-11-09,FC Internazionale Milano,Bologna FC 1909,6,1,it.1,FALSE
2022-11-09,ACF Fiorentina,US Salernitana 1919,2,1,it.1,FALSE
2022-11-09,1. FC Köln,Bayer 04 Leverkusen,1,2,de.1,FALSE
2022-11-09,FC Schalke 04,1. FSV Mainz 05,1,0,de.1,FALSE
2022-11-09,Eintracht Frankfurt,TSG 1899 Hoffenheim,4,2,de.1,FALSE
2022-11-09,1. FC Union Berlin,FC Augsburg,2,2,de.1,FALSE
2022-11-09,RB Leipzig,SC Freiburg,3,1,de.1,FALSE
2022-11-10,Rayo Vallecano de Madrid,RC Celta de Vigo,0,0,es.1,FALSE
2022-11-10,Valencia CF,Real Betis Balompié,3,0,es.1,FALSE
2022-11-10,Real Madrid CF,Cádiz CF,2,1,es.1,FALSE
2022-11-10,Hellas Verona,Juventus,0,1,it.1,FALSE
2022-11-10,SS Lazio,AC Monza,1,0,it.1,FALSE
2022-11-11,Empoli,US Cremonese,2,0,it.1,FALSE
2022-11-11,Borussia Mönchengladbach,Borussia Dortmund,4,2,de.1,FALSE
2022-11-12,Manchester City,Brentford,1,2,en.1,FALSE
2022-11-12,West Ham United,Leicester City,0,2,en.1,FALSE
2022-11-12,Tottenham Hotspur,Leeds United,4,3,en.1,FALSE
2022-11-12,Nottingham Forest,Crystal Palace,1,0,en.1,FALSE
2022-11-12,Liverpool,Southampton,3,1,en.1,FALSE
2022-11-12,AFC Bournemouth,Everton,3,0,en.1,FALSE
2022-11-12,Newcastle United,Chelsea,1,0,en.1,FALSE
2022-11-12,Wolverhampton Wanderers,Arsenal,0,2,en.1,FALSE
2022-11-12,SSC Napoli,Udinese Calcio,3,2,it.1,FALSE
2022-11-12,Sampdoria,US Lecce,0,2,it.1,FALSE
2022-11-12,Bologna FC 1909,US Sassuolo Calcio,3,0,it.1,FALSE
2022-11-12,SV Werder Bremen,RB Leipzig,1,2,de.1,FALSE
2022-11-12,Hertha BSC,1. FC Köln,2,0,de.1,FALSE
2022-11-12,FC Augsburg,VfL Bochum 1848,0,1,de.1,FALSE
2022-11-12,TSG 1899 Hoffenheim,VfL Wolfsburg,1,2,de.1,FALSE
2022-11-12,Bayer 04 Leverkusen,VfB Stuttgart,2,0,de.1,FALSE
2022-11-12,FC Schalke 04,FC Bayern München,0,2,de.1,FALSE
2022-11-13,Brighton & Hove Albion,Aston Villa,1,2,en.1,FALSE
2022-11-13,Fulham,Manchester United,1,2,en.1,FALSE
2022-11-13,Atalanta BC,FC Internazionale Milano,2,3,it.1,FALSE
2022-11-13,AS Roma,Torino,1,1,it.1,FALSE
2022-11-13,AC Monza,US Salernitana 1919,3,0,it.1,FALSE
2022-11-13,Hellas Verona,Spezia Calcio,1,2,it.1,FALSE
2022-11-13,AC Milan,ACF Fiorentina,2,1,it.1,FALSE
2022-11-13,Juventus,SS Lazio,3,0,it.1,FALSE
2022-11-13,1. FSV Mainz 05,Eintracht Frankfurt,1,1,de.1,FALSE
2022-11-13,SC Freiburg,1. FC Union Berlin,4,1,de.1,FALSE
2022-12-26,Brentford,Tottenham Hotspur,2,2,en.1,FALSE
2022-12-26,Southampton,Brighton & Hove Albion,1,3,en.1,FALSE
2022-12-26,Leicester City,Newcastle United,0,3,en.1,FALSE
2022-12-26,Everton,Wolverhampton Wanderers,1,2,en.1,FALSE
2022-12-26,Crystal Palace,Fulham,0,3,en.1,FALSE
2022-12-26,Aston Villa,Liverpool,1,3,en.1,FALSE
2022-12-26,Arsenal,West Ham United,3,1,en.1,FALSE
2022-12-27,Chelsea,AFC Bournemouth,2,0,en.1,FALSE
2022-12-27,Manchester United,Nottingham Forest,3,0,en.1,FALSE
2022-12-28,Leeds United,Manchester City,1,3,en.1,FALSE
2022-12-29,Girona,Rayo Vallecano de Madrid,2,2,es.1,FALSE
2022-12-29,Real Betis Balompié,Athletic Club,0,0,es.1,FALSE
2022-12-29,Club Atlético de Madrid,Elche CF,2,0,es.1,FALSE
2022-12-30,West Ham United,Brentford,0,2,en.1,FALSE
2022-12-30,Liverpool,Leicester City,2,1,en.1,FALSE
2022-12-30,Getafe CF,RCD Mallorca,2,0,es.1,FALSE
2022-12-30,Cádiz CF,UD Almería,1,1,es.1,FALSE
2022-12-30,RC Celta de Vigo,Sevilla,1,1,es.1,FALSE
2022-12-30,Real Valladolid CF,Real Madrid CF,0,2,es.1,FALSE
2022-12-31,Wolverhampton Wanderers,Manchester United,0,1,en.1,FALSE
2022-12-31,Newcastle United,Leeds United,0,0,en.1,FALSE
2022-12-31,Manchester City,Everton,1,1,en.1,FALSE
2022-12-31,Fulham,Southampton,2,1,en.1,FALSE
2022-12-31,AFC Bournemouth,Crystal Palace,0,2,en.1,FALSE
2022-12-31,Brighton & Hove Albion,Arsenal,2,4,en.1,FALSE
2022-12-31,FC Barcelona,RCD Espanyol de Barcelona,1,1,es.1,FALSE
2022-12-31,Villarreal CF,Valencia CF,2,1,es.1,FALSE
2022-12-31,Real Sociedad de Fútbol,CA Osasuna,2,0,es.1,FALSE
2023-01-01,Tottenham Hotspur,Aston Villa,0,2,en.1,FALSE
2023-01-01,Nottingham Forest,Chelsea,1,1,en.1,FALSE
2023-01-02,Brentford,Liverpool,3,1,en.1,FALSE
2023-01-03,Leicester City,Fulham,0,1,en.1,FALSE
2023-01-03,Everton,Brighton & Hove Albion,1,4,en.1,FALSE
2023-01-03,Arsenal,Newcastle United,0,0,en.1,FALSE
2023-01-03,Manchester United,AFC Bournemouth,3,0,en.1,FALSE
2023-01-04,Southampton,Nottingham Forest,0,1,en.1,FALSE
2023-01-04,Leeds United,West Ham United,2,2,en.1,FALSE
2023-01-04,Crystal Palace,Tottenham Hotspur,0,4,en.1,FALSE
2023-01-04,Aston Villa,Wolverhampton Wanderers,1,1,en.1,FALSE
2023-01-04,US Sassuolo Calcio,Sampdoria,1,2,it.1,FALSE
2023-01-04,US Salernitana 1919,AC Milan,1,2,it.1,FALSE
2023-01-04,Torino,Hellas Verona,1,1,it.1,FALSE
2023-01-04,Spezia Calcio,Atalanta BC,2,2,it.1,FALSE
2023-01-04,AS Roma,Bologna FC 1909,1,0,it.1,FALSE
2023-01-04,US Lecce,SS Lazio,2,1,it.1,FALSE
2023-01-04,ACF Fiorentina,AC Monza,1,1,it.1,FALSE
2023-01-04,US Cremonese,Juventus,0,1,it.1,FALSE
2023-01-04,Udinese Calcio,Empoli,1,1,it.1,FALSE
2023-01-04,FC Internazionale Milano,SSC Napoli,1,0,it.1,FALSE
2023-01-05,Chelsea,Manchester City,0,1,en.1,FALSE
2023-01-06,Elche CF,RC Celta de Vigo,0,1,es.1,FALSE
2023-01-06,Valencia CF,Cádiz CF,0,1,es.1,FALSE
2023-01-07,Villarreal CF,Real Madrid CF,2,1,es.1,FALSE
2023-01-07,RCD Mallorca,Real Valladolid CF,1,0,es.1,FALSE
2023-01-07,RCD Espanyol de Barcelona,Girona,2,2,es.1,FALSE
2023-01-07,ACF Fiorentina,US Sassuolo Calcio,2,1,it.1,FALSE
2023-01-07,Juventus,Udinese Calcio,1,0,it.1,FALSE
2023-01-07,AC Monza,FC Internazionale Milano,2,2,it.1,FALSE
2023-01-08,UD Almería,Real Sociedad de Fútbol,0,2,es.1,FALSE
2023-01-08,Rayo Vallecano de Madrid,Real Betis Balompié,1,2,es.1,FALSE
2023-01-08,Sevilla,Getafe CF,2,1,es.1,FALSE
2023-01-08,Club Atlético de Madrid,FC Barcelona,0,1,es.1,FALSE
2023-01-08,US Salernitana 1919,Torino,1,1,it.1,FALSE
2023-01-08,Spezia Calcio,US Lecce,0,0,it.1,FALSE
2023-01-08,SS Lazio,Empoli,2,2,it.1,FALSE
2023-01-08,Sampdoria,SSC Napoli,0,2,it.1,FALSE
2023-01-08,AC Milan,AS Roma,2,2,it.1,FALSE
2023-01-09,Athletic Club,CA Osasuna,0,0,es.1,FALSE
2023-01-09,Hellas Verona,US Cremonese,2,0,it.1,FALSE
2023-01-09,Bologna FC 1909,Atalanta BC,1,2,it.1,FALSE
2023-01-12,Fulham,Chelsea,2,1,en.1,FALSE
2023-01-13,Aston Villa,Leeds United,2,1,en.1,FALSE
2023-01-13,RC Celta de Vigo,Villarreal CF,1,1,es.1,FALSE
2023-01-13,SSC Napoli,Juventus,5,1,it.1,FALSE
2023-01-14,Manchester United,Manchester City,2,1,en.1,FALSE
2023-01-14,Wolverhampton Wanderers,West Ham United,1,0,en.1,FALSE
2023-01-14,Nottingham Forest,Leicester City,2,0,en.1,FALSE
2023-01-14,Everton,Southampton,1,2,en.1,FALSE
2023-01-14,Brighton & Hove Albion,Liverpool,3,0,en.1,FALSE
2023-01-14,Brentford,AFC Bournemouth,2,0,en.1,FALSE
2023-01-14,Real Valladolid CF,Rayo Vallecano de Madrid,0,1,es.1,FALSE
2023-01-14,Girona,Sevilla,2,1,es.1,FALSE
2023-01-14,CA Osasuna,RCD Mallorca,1,0,es.1,FALSE
2023-01-14,Real Sociedad de Fútbol,Athletic Club,3,1,es.1,FALSE
2023-01-14,US Cremonese,AC Monza,2,3,it.1,FALSE
2023-01-14,US Lecce,AC Milan,2,2,it.1,FALSE
2023-01-14,FC Internazionale Milano,Hellas Verona,1,0,it.1,FALSE
2023-01-15,Newcastle United,Fulham,1,0,en.1,FALSE
2023-01-15,Chelsea,Crystal Palace,1,0,en.1,FALSE
2023-01-15,Tottenham Hotspur,Arsenal,0,2,en.1,FALSE
2023-01-15,Getafe CF,RCD Espanyol de Barcelona,1,2,es.1,FALSE
2023-01-15,UD Almería,Club Atlético de Madrid,1,1,es.1,FALSE
2023-01-15,US Sassuolo Calcio,SS Lazio,0,2,it.1,FALSE
2023-01-15,Udinese Calcio,Bologna FC 1909,1,2,it.1,FALSE
2023-01-15,Torino,Spezia Calcio,0,1,it.1,FALSE
2023-01-15,Atalanta BC,US Salernitana 1919,8,2,it.1,FALSE
2023-01-15,AS Roma,ACF Fiorentina,2,0,it.1,FALSE
2023-01-16,Cádiz CF,Elche CF,1,1,es.1,FALSE
2023-01-16,Empoli,Sampdoria,1,0,it.1,FALSE
2023-01-18,Crystal Palace,Manchester United,1,1,en.1,FALSE
2023-01-19,Manchester City,Tottenham Hotspur,4,2,en.1,FALSE
2023-01-20,RCD Mallorca,RC Celta de Vigo,1,0,es.1,FALSE
2023-01-20,RB Leipzig,FC Bayern München,1,1,de.1,FALSE
2023-01-21,Liverpool,Chelsea,0,0,en.1,FALSE
2023-01-21,West Ham United,Everton,2,0,en.1,FALSE
2023-01-21,Southampton,Aston Villa,0,1,en.1,FALSE
2023-01-21,Leicester City,Brighton & Hove Albion,2,2,en.1,FALSE
2023-01-21,AFC Bournemouth,Nottingham Forest,1,1,en.1,FALSE
2023-01-21,Crystal Palace,Newcastle United,0,0,en.1,FALSE
2023-01-21,Rayo Vallecano de Madrid,Real Sociedad de Fútbol,0,2,es.1,FALSE
2023-01-21,RCD Espanyol de Barcelona,Real Betis Balompié,1,0,es.1,FALSE
2023-01-21,Club Atlético de Madrid,Real Valladolid CF,3,0,es.1,FALSE
2023-01-21,Sevilla,Cádiz CF,1,0,es.1,FALSE
2023-01-21,Hellas Verona,US Lecce,2,0,it.1,FALSE
2023-01-21,US Salernitana 1919,SSC Napoli,0,2,it.1,FALSE
2023-01-21,ACF Fiorentina,Torino,0,1,it.1,FALSE
2023-01-21,VfB Stuttgart,1. FSV Mainz 05,1,1,de.1,FALSE
2023-01-21,VfL Bochum 1848,Hertha BSC,3,1,de.1,FALSE
2023-01-21,VfL Wolfsburg,SC Freiburg,6,0,de.1,FALSE
2023-01-21,Eintracht Frankfurt,FC Schalke 04,3,0,de.1,FALSE
2023-01-21,1. FC Union Berlin,TSG 1899 Hoffenheim,3,1,de.1,FALSE
2023-01-21,1. FC Köln,SV Werder Bremen,7,1,de.1,FALSE
2023-01-22,Manchester City,Wolverhampton Wanderers,3,0,en.1,FALSE
2023-01-22,Leeds United,Brentford,0,0,en.1,FALSE
2023-01-22,Arsenal,Manchester United,3,2,en.1,FALSE
2023-01-22,Villarreal CF,Girona,1,0,es.1,FALSE
2023-01-22,Elche CF,CA Osasuna,1,1,es.1,FALSE
2023-01-22,FC Barcelona,Getafe CF,1,0,es.1,FALSE
2023-01-22,Athletic Club,Real Madrid CF,0,2,es.1,FALSE
2023-01-22,Sampdoria,Udinese Calcio,0,1,it.1,FALSE
2023-01-22,AC Monza,US Sassuolo Calcio,1,1,it.1,FALSE
2023-01-22,Spezia Calcio,AS Roma,0,2,it.1,FALSE
2023-01-22,Juventus,Atalanta BC,3,3,it.1,FALSE
2023-01-22,Borussia Dortmund,FC Augsburg,4,3,de.1,FALSE
2023-01-22,Borussia Mönchengladbach,Bayer 04 Leverkusen,2,3,de.1,FALSE
2023-01-23,Fulham,Tottenham Hotspur,0,1,en.1,FALSE
2023-01-23,Valencia CF,UD Almería,2,2,es.1,FALSE
2023-01-23,Bologna FC 1909,US Cremonese,1,1,it.1,FALSE
2023-01-23,FC Internazionale Milano,Empoli,0,1,it.1,FALSE
2023-01-24,SS Lazio,AC Milan,4,0,it.1,FALSE
2023-01-24,FC Schalke 04,RB Leipzig,1,6,de.1,FALSE
2023-01-24,Hertha BSC,VfL Wolfsburg,0,5,de.1,FALSE
2023-01-24,TSG 1899 Hoffenheim,VfB Stuttgart,2,2,de.1,FALSE
2023-01-24,FC Bayern München,1. FC Köln,1,1,de.1,FALSE
2023-01-25,1. FSV Mainz 05,Borussia Dortmund,1,2,de.1,FALSE
2023-01-25,SV Werder Bremen,1. FC Union Berlin,1,2,de.1,FALSE
2023-01-25,FC Augsburg,Borussia Mönchengladbach,1,0,de.1,FALSE
2023-01-25,SC Freiburg,Eintracht Frankfurt,1,1,de.1,FALSE
2023-01-25,Bayer 04 Leverkusen,VfL Bochum 1848,2,0,de.1,FALSE
2023-01-27,UD Almería,RCD Espanyol de Barcelona,3,1,es.1,FALSE
2023-01-27,Bologna FC 1909,Spezia Calcio,2,0,it.1,FALSE
2023-01-27,US Lecce,US Salernitana 1919,1,2,it.1,FALSE
2023-01-27,RB Leipzig,VfB Stuttgart,2,1,de.1,FALSE
2023-01-28,Cádiz CF,RCD Mallorca,2,0,es.1,FALSE
2023-01-28,Girona,FC Barcelona,0,1,es.1,FALSE
2023-01-28,Sevilla,Elche CF,3,0,es.1,FALSE
2023-01-28,Getafe CF,Real Betis Balompié,0,1,es.1,FALSE
2023-01-28,Empoli,Torino,2,2,it.1,FALSE
2023-01-28,US Cremonese,FC Internazionale Milano,1,2,it.1,FALSE
2023-01-28,Atalanta BC,Sampdoria,2,0,it.1,FALSE
2023-01-28,SV Werder Bremen,VfL Wolfsburg,2,1,de.1,FALSE
2023-01-28,Hertha BSC,1. FC Union Berlin,0,2,de.1,FALSE
2023-01-28,TSG 1899 Hoffenheim,Borussia Mönchengladbach,1,4,de.1,FALSE
2023-01-28,1. FSV Mainz 05,VfL Bochum 1848,5,2,de.1,FALSE
2023-01-28,SC Freiburg,FC Augsburg,3,1,de.1,FALSE
2023-01-28,FC Bayern München,Eintracht Frankfurt,1,1,de.1,FALSE
2023-01-29,Real Valladolid CF,Valencia CF,1,0,es.1,FALSE
2023-01-29,CA Osasuna,Club Atlético de Madrid,0,1,es.1,FALSE
2023-01-29,RC Celta de Vigo,Athletic Club,1,0,es.1,FALSE
2023-01-29,Real Madrid CF,Real Sociedad de Fútbol,0,0,es.1,FALSE
2023-01-29,AC Milan,US Sassuolo Calcio,2,5,it.1,FALSE
2023-01-29,Juventus,AC Monza,0,2,it.1,FALSE
2023-01-29,SS Lazio,ACF Fiorentina,1,1,it.1,FALSE
2023-01-29,SSC Napoli,AS Roma,2,1,it.1,FALSE
2023-01-29,FC Schalke 04,1. FC Köln,0,0,de.1,FALSE
2023-01-29,Bayer 04 Leverkusen,Borussia Dortmund,0,2,de.1,FALSE
2023-01-30,Villarreal CF,Rayo Vallecano de Madrid,0,1,es.1,FALSE
2023-01-30,Udinese Calcio,Hellas Verona,1,1,it.1,FALSE
2023-02-01,Real Betis Balompié,FC Barcelona,1,2,es.1,FALSE
2023-02-02,Real Madrid CF,Valencia CF,2,0,es.1,FALSE
2023-02-03,Chelsea,Fulham,0,0,en.1,FALSE
2023-02-03,Athletic Club,Cádiz CF,4,1,es.1,FALSE
2023-02-03,FC Augsburg,Bayer 04 Leverkusen,1,0,de.1,FALSE
2023-02-04,Everton,Arsenal,1,0,en.1,FALSE
2023-02-04,Wolverhampton Wanderers,Liverpool,3,0,en.1,FALSE
2023-02-04,Manchester United,Crystal Palace,2,1,en.1,FALSE
2023-02-04,Brighton & Hove Albion,AFC Bournemouth,1,0,en.1,FALSE
2023-02-04,Brentford,Southampton,3,0,en.1,FALSE
2023-02-04,Aston Villa,Leicester City,2,4,en.1,FALSE
2023-02-04,Newcastle United,West Ham United,1,1,en.1,FALSE
2023-02-04,RCD Espanyol de Barcelona,CA Osasuna,1,1,es.1,FALSE
2023-02-04,Elche CF,Villarreal CF,3,1,es.1,FALSE
2023-02-04,Club Atlético de Madrid,Getafe CF,1,1,es.1,FALSE
2023-02-04,Real Betis Balompié,RC Celta de Vigo,3,4,es.1,FALSE
2023-02-04,US Cremonese,US Lecce,0,2,it.1,FALSE
2023-02-04,AS Roma,Empoli,2,0,it.1,FALSE
2023-02-04,US Sassuolo Calcio,Atalanta BC,1,0,it.1,FALSE
2023-02-04,VfL Bochum 1848,TSG 1899 Hoffenheim,5,2,de.1,FALSE
2023-02-04,Eintracht Frankfurt,Hertha BSC,3,0,de.1,FALSE
2023-02-04,1. FC Köln,RB Leipzig,0,0,de.1,FALSE
2023-02-04,1. FC Union Berlin,1. FSV Mainz 05,2,1,de.1,FALSE
2023-02-04,Borussia Dortmund,SC Freiburg,5,1,de.1,FALSE
2023-02-04,Borussia Mönchengladbach,FC Schalke 04,0,0,de.1,FALSE
2023-02-05,Nottingham Forest,Leeds United,1,0,en.1,FALSE
2023-02-05,Tottenham Hotspur,Manchester City,1,0,en.1,FALSE
2023-02-05,RCD Mallorca,Real Madrid CF,1,0,es.1,FALSE
2023-02-05,Girona,Valencia CF,1,0,es.1,FALSE
2023-02-05,Real Sociedad de Fútbol,Real Valladolid CF,0,1,es.1,FALSE
2023-02-05,FC Barcelona,Sevilla,3,0,es.1,FALSE
2023-02-05,Spezia Calcio,SSC Napoli,0,3,it.1,FALSE
2023-02-05,Torino,Udinese Calcio,1,0,it.1,FALSE
2023-02-05,ACF Fiorentina,Bologna FC 1909,1,2,it.1,FALSE
2023-02-05,FC Internazionale Milano,AC Milan,1,0,it.1,FALSE
2023-02-05,VfB Stuttgart,SV Werder Bremen,0,2,de.1,FALSE
2023-02-05,VfL Wolfsburg,FC Bayern München,2,4,de.1,FALSE
2023-02-06,Rayo Vallecano de Madrid,UD Almería,2,0,es.1,FALSE
2023-02-06,Hellas Verona,SS Lazio,1,1,it.1,FALSE
2023-02-06,AC Monza,Sampdoria,2,2,it.1,FALSE
2023-02-07,US Salernitana 1919,Juventus,0,3,it.1,FALSE
2023-02-08,Manchester United,Leeds United,2,2,en.1,FALSE
2023-02-10,Cádiz CF,Girona,2,0,es.1,FALSE
2023-02-10,AC Milan,Torino,1,0,it.1,FALSE
2023-02-10,FC Schalke 04,VfL Wolfsburg,0,0,de.1,FALSE
2023-02-11,West Ham United,Chelsea,1,1,en.1,FALSE
2023-02-11,Southampton,Wolverhampton Wanderers,1,2,en.1,FALSE
2023-02-11,Leicester City,Tottenham Hotspur,4,1,en.1,FALSE
2023-02-11,Fulham,Nottingham Forest,2,0,en.1,FALSE
2023-02-11,Crystal Palace,Brighton & Hove Albion,1,1,en.1,FALSE
2023-02-11,Arsenal,Brentford,1,1,en.1,FALSE
2023-02-11,AFC Bournemouth,Newcastle United,1,1,en.1,FALSE
2023-02-11,UD Almería,Real Betis Balompié,2,3,es.1,FALSE
2023-02-11,Sevilla,RCD Mallorca,2,0,es.1,FALSE
2023-02-11,Valencia CF,Athletic Club,1,2,es.1,FALSE
2023-02-11,Empoli,Spezia Calcio,2,2,it.1,FALSE
2023-02-11,US Lecce,AS Roma,1,1,it.1,FALSE
2023-02-11,SS Lazio,Atalanta BC,0,2,it.1,FALSE
2023-02-11,SV Werder Bremen,Borussia Dortmund,0,2,de.1,FALSE
2023-02-11,TSG 1899 Hoffenheim,Bayer 04 Leverkusen,1,3,de.1,FALSE
2023-02-11,1. FSV Mainz 05,FC Augsburg,3,1,de.1,FALSE
2023-02-11,SC Freiburg,VfB Stuttgart,2,1,de.1,FALSE
2023-02-11,FC Bayern München,VfL Bochum 1848,3,0,de.1,FALSE
2023-02-11,RB Leipzig,1. FC Union Berlin,1,2,de.1,FALSE
2023-02-12,Leeds United,Manchester United,0,2,en.1,FALSE
2023-02-12,Manchester City,Aston Villa,3,1,en.1,FALSE
2023-02-12,Getafe CF,Rayo Vallecano de Madrid,1,1,es.1,FALSE
2023-02-12,RC Celta de Vigo,Club Atlético de Madrid,0,1,es.1,FALSE
2023-02-12,Real Valladolid CF,CA Osasuna,0,0,es.1,FALSE
2023-02-12,Villarreal CF,FC Barcelona,0,1,es.1,FALSE
2023-02-12,Udinese Calcio,US Sassuolo Calcio,2,2,it.1,FALSE
2023-02-12,Bologna FC 1909,AC Monza,0,1,it.1,FALSE
2023-02-12,Juventus,ACF Fiorentina,1,0,it.1,FALSE
2023-02-12,SSC Napoli,US Cremonese,3,0,it.1,FALSE
2023-02-12,Hertha BSC,Borussia Mönchengladbach,4,1,de.1,FALSE
2023-02-12,1. FC Köln,Eintracht Frankfurt,3,0,de.1,FALSE
2023-02-13,Liverpool,Everton,2,0,en.1,FALSE
2023-02-13,RCD Espanyol de Barcelona,Real Sociedad de Fútbol,2,3,es.1,FALSE
2023-02-13,Hellas Verona,US Salernitana 1919,1,0,it.1,FALSE
2023-02-13,Sampdoria,FC Internazionale Milano,0,0,it.1,FALSE
2023-02-15,Arsenal,Manchester City,1,3,en.1,FALSE
2023-02-15,Real Madrid CF,Elche CF,4,0,es.1,FALSE
2023-02-17,Girona,UD Almería,6,2,es.1,FALSE
2023-02-17,US Sassuolo Calcio,SSC Napoli,0,2,it.1,FALSE
2023-02-17,FC Augsburg,TSG 1899 Hoffenheim,1,0,de.1,FALSE
2023-02-18,Aston Villa,Arsenal,2,4,en.1,FALSE
2023-02-18,Wolverhampton Wanderers,AFC Bournemouth,0,1,en.1,FALSE
2023-02-18,Nottingham Forest,Manchester City,1,1,en.1,FALSE
2023-02-18,Everton,Leeds United,1,0,en.1,FALSE
2023-02-18,Chelsea,Southampton,0,1,en.1,FALSE
2023-02-18,Brighton & Hove Albion,Fulham,0,1,en.1,FALSE
2023-02-18,Brentford,Crystal Palace,1,1,en.1,FALSE
2023-02-18,Newcastle United,Liverpool,0,2,en.1,FALSE
2023-02-18,Real Sociedad de Fútbol,RC Celta de Vigo,1,1,es.1,FALSE
2023-02-18,Real Betis Balompié,Real Valladolid CF,2,1,es.1,FALSE
2023-02-18,RCD Mallorca,Villarreal CF,4,2,es.1,FALSE
2023-02-18,CA Osasuna,Real Madrid CF,0,2,es.1,FALSE
2023-02-18,Sampdoria,Bologna FC 1909,1,2,it.1,FALSE
2023-02-18,AC Monza,AC Milan,0,1,it.1,FALSE
2023-02-18,FC Internazionale Milano,Udinese Calcio,3,1,it.1,FALSE
2023-02-18,VfL Bochum 1848,SC Freiburg,0,2,de.1,FALSE
2023-02-18,VfL Wolfsburg,RB Leipzig,0,3,de.1,FALSE
2023-02-18,Borussia Mönchengladbach,FC Bayern München,3,2,de.1,FALSE
2023-02-18,VfB Stuttgart,1. FC Köln,3,0,de.1,FALSE
2023-02-18,Eintracht Frankfurt,SV Werder Bremen,2,0,de.1,FALSE
2023-02-19,Manchester United,Leicester City,3,0,en.1,FALSE
2023-02-19,Tottenham Hotspur,West Ham United,2,0,en.1,FALSE
2023-02-19,Elche CF,RCD Espanyol de Barcelona,0,1,es.1,FALSE
2023-02-19,Rayo Vallecano de Madrid,Sevilla,1,1,es.1,FALSE
2023-02-19,Club Atlético de Madrid,Athletic Club,1,0,es.1,FALSE
2023-02-19,FC Barcelona,Cádiz CF,2,0,es.1,FALSE
2023-02-19,Atalanta BC,US Lecce,1,2,it.1,FALSE
2023-02-19,US Salernitana 1919,SS Lazio,0,2,it.1,FALSE
2023-02-19,ACF Fiorentina,Empoli,1,1,it.1,FALSE
2023-02-19,Spezia Calcio,Juventus,0,2,it.1,FALSE
2023-02-19,AS Roma,Hellas Verona,1,0,it.1,FALSE
2023-02-19,1. FC Union Berlin,FC Schalke 04,0,0,de.1,FALSE
2023-02-19,Borussia Dortmund,Hertha BSC,4,1,de.1,FALSE
2023-02-19,Bayer 04 Leverkusen,1. FSV Mainz 05,2,3,de.1,FALSE
2023-02-20,Getafe CF,Valencia CF,1,0,es.1,FALSE
2023-02-20,Torino,US Cremonese,2,2,it.1,FALSE
2023-02-24,Fulham,Wolverhampton Wanderers,1,1,en.1,FALSE
2023-02-24,Elche CF,Real Betis Balompié,2,3,es.1,FALSE
2023-02-24,1. FSV Mainz 05,Borussia Mönchengladbach,4,0,de.1,FALSE
2023-02-25,West Ham United,Nottingham Forest,4,0,en.1,FALSE
2023-02-25,Leicester City,Arsenal,0,1,en.1,FALSE
2023-02-25,Leeds United,Southampton,1,0,en.1,FALSE
2023-02-25,Everton,Aston Villa,0,2,en.1,FALSE
2023-02-25,AFC Bournemouth,Manchester City,1,4,en.1,FALSE
2023-02-25,Crystal Palace,Liverpool,0,0,en.1,FALSE
2023-02-25,RCD Espanyol de Barcelona,RCD Mallorca,2,1,es.1,FALSE
2023-02-25,Cádiz CF,Rayo Vallecano de Madrid,1,0,es.1,FALSE
2023-02-25,Real Madrid CF,Club Atlético de Madrid,1,1,es.1,FALSE
2023-02-25,Valencia CF,Real Sociedad de Fútbol,1,0,es.1,FALSE
2023-02-25,Empoli,SSC Napoli,0,2,it.1,FALSE
2023-02-25,US Lecce,US Sassuolo Calcio,0,1,it.1,FALSE
2023-02-25,SV Werder Bremen,VfL Bochum 1848,3,0,de.1,FALSE
2023-02-25,Hertha BSC,FC Augsburg,2,0,de.1,FALSE
2023-02-25,TSG 1899 Hoffenheim,Borussia Dortmund,0,1,de.1,FALSE
2023-02-25,1. FC Köln,VfL Wolfsburg,0,2,de.1,FALSE
2023-02-25,RB Leipzig,Eintracht Frankfurt,2,1,de.1,FALSE
2023-02-25,FC Schalke 04,VfB Stuttgart,2,1,de.1,FALSE
2023-02-26,Tottenham Hotspur,Chelsea,2,0,en.1,FALSE
2023-02-26,Athletic Club,Girona,2,3,es.1,FALSE
2023-02-26,RC Celta de Vigo,Real Valladolid CF,3,0,es.1,FALSE
2023-02-26,UD Almería,FC Barcelona,1,0,es.1,FALSE
2023-02-26,Sevilla,CA Osasuna,2,3,es.1,FALSE
2023-02-26,Bologna FC 1909,FC Internazionale Milano,1,0,it.1,FALSE
2023-02-26,US Salernitana 1919,AC Monza,3,0,it.1,FALSE
2023-02-26,Udinese Calcio,Spezia Calcio,2,2,it.1,FALSE
2023-02-26,AC Milan,Atalanta BC,2,0,it.1,FALSE
2023-02-26,SC Freiburg,Bayer 04 Leverkusen,1,1,de.1,FALSE
2023-02-26,FC Bayern München,1. FC Union Berlin,3,0,de.1,FALSE
2023-02-27,Villarreal CF,Getafe CF,2,1,es.1,FALSE
2023-02-27,Hellas Verona,ACF Fiorentina,0,3,it.1,FALSE
2023-02-27,SS Lazio,Sampdoria,1,0,it.1,FALSE
2023-02-28,US Cremonese,AS Roma,2,1,it.1,FALSE
2023-02-28,Juventus,Torino,4,2,it.1,FALSE
2023-03-01,Arsenal,Everton,4,0,en.1,FALSE
2023-03-01,Liverpool,Wolverhampton Wanderers,2,0,en.1,FALSE
2023-03-03,Real Sociedad de Fútbol,Cádiz CF,0,0,es.1,FALSE
2023-03-03,SSC Napoli,SS Lazio,0,1,it.1,FALSE
2023-03-03,Borussia Dortmund,RB Leipzig,2,1,de.1,FALSE
2023-03-04,Manchester City,Newcastle United,2,0,en.1,FALSE
2023-03-04,Wolverhampton Wanderers,Tottenham Hotspur,1,0,en.1,FALSE
2023-03-04,Chelsea,Leeds United,1,0,en.1,FALSE
2023-03-04,Brighton & Hove Albion,West Ham United,4,0,en.1,FALSE
2023-03-04,Aston Villa,Crystal Palace,1,0,en.1,FALSE
2023-03-04,Arsenal,AFC Bournemouth,3,2,en.1,FALSE
2023-03-04,Southampton,Leicester City,1,0,en.1,FALSE
2023-03-04,Getafe CF,Girona,3,2,es.1,FALSE
2023-03-04,UD Almería,Villarreal CF,0,2,es.1,FALSE
2023-03-04,RCD Mallorca,Elche CF,0,1,es.1,FALSE
2023-03-04,Club Atlético de Madrid,Sevilla,6,1,es.1,FALSE
2023-03-04,AC Monza,Empoli,2,1,it.1,FALSE
2023-03-04,Atalanta BC,Udinese Calcio,0,0,it.1,FALSE
2023-03-04,ACF Fiorentina,AC Milan,2,1,it.1,FALSE
2023-03-04,FC Augsburg,SV Werder Bremen,2,1,de.1,FALSE
2023-03-04,VfL Bochum 1848,FC Schalke 04,0,2,de.1,FALSE
2023-03-04,Borussia Mönchengladbach,SC Freiburg,0,0,de.1,FALSE
2023-03-04,1. FSV Mainz 05,TSG 1899 Hoffenheim,1,0,de.1,FALSE
2023-03-04,1. FC Union Berlin,1. FC Köln,0,0,de.1,FALSE
2023-03-04,VfB Stuttgart,FC Bayern München,1,2,de.1,FALSE
2023-03-05,Nottingham Forest,Everton,2,2,en.1,FALSE
2023-03-05,Liverpool,Manchester United,7,0,en.1,FALSE
2023-03-05,Real Valladolid CF,RCD Espanyol de Barcelona,2,1,es.1,FALSE
2023-03-05,FC Barcelona,Valencia CF,1,0,es.1,FALSE
2023-03-05,Rayo Vallecano de Madrid,Athletic Club,0,0,es.1,FALSE
2023-03-05,Real Betis Balompié,Real Madrid CF,0,0,es.1,FALSE
2023-03-05,Spezia Calcio,Hellas Verona,0,0,it.1,FALSE
2023-03-05,Sampdoria,US Salernitana 1919,0,0,it.1,FALSE
2023-03-05,FC Internazionale Milano,US Lecce,2,0,it.1,FALSE
2023-03-05,AS Roma,Juventus,1,0,it.1,FALSE
2023-03-05,Bayer 04 Leverkusen,Hertha BSC,4,1,de.1,FALSE
2023-03-05,VfL Wolfsburg,Eintracht Frankfurt,2,2,de.1,FALSE
2023-03-06,Brentford,Fulham,3,2,en.1,FALSE
2023-03-06,CA Osasuna,RC Celta de Vigo,0,0,es.1,FALSE
2023-03-06,US Sassuolo Calcio,US Cremonese,3,2,it.1,FALSE
2023-03-06,Torino,Bologna FC 1909,1,0,it.1,FALSE
2023-03-10,Cádiz CF,Getafe CF,2,2,es.1,FALSE
2023-03-10,Spezia Calcio,FC Internazionale Milano,2,1,it.1,FALSE
2023-03-10,1. FC Köln,VfL Bochum 1848,0,2,de.1,FALSE
2023-03-11,AFC Bournemouth,Liverpool,1,0,en.1,FALSE
2023-03-11,Tottenham Hotspur,Nottingham Forest,3,1,en.1,FALSE
2023-03-11,Leicester City,Chelsea,1,3,en.1,FALSE
2023-03-11,Leeds United,Brighton & Hove Albion,2,2,en.1,FALSE
2023-03-11,Everton,Brentford,1,0,en.1,FALSE
2023-03-11,Crystal Palace,Manchester City,0,1,en.1,FALSE
2023-03-11,Real Madrid CF,RCD Espanyol de Barcelona,3,1,es.1,FALSE
2023-03-11,Elche CF,Real Valladolid CF,1,1,es.1,FALSE
2023-03-11,RC Celta de Vigo,Rayo Vallecano de Madrid,3,0,es.1,FALSE
2023-03-11,Valencia CF,CA Osasuna,1,0,es.1,FALSE
2023-03-11,Empoli,Udinese Calcio,0,1,it.1,FALSE
2023-03-11,SSC Napoli,Atalanta BC,2,0,it.1,FALSE
2023-03-11,Bologna FC 1909,SS Lazio,0,0,it.1,FALSE
2023-03-11,Hertha BSC,1. FSV Mainz 05,1,1,de.1,FALSE
2023-03-11,Eintracht Frankfurt,VfB Stuttgart,1,1,de.1,FALSE
2023-03-11,RB Leipzig,Borussia Mönchengladbach,3,0,de.1,FALSE
2023-03-11,FC Bayern München,FC Augsburg,5,3,de.1,FALSE
2023-03-11,FC Schalke 04,Borussia Dortmund,2,2,de.1,FALSE
2023-03-12,West Ham United,Aston Villa,1,1,en.1,FALSE
2023-03-12,Manchester United,Southampton,0,0,en.1,FALSE
2023-03-12,Fulham,Arsenal,0,3,en.1,FALSE
2023-03-12,Newcastle United,Wolverhampton Wanderers,2,1,en.1,FALSE
2023-03-12,RCD Mallorca,Real Sociedad de Fútbol,1,1,es.1,FALSE
2023-03-12,Sevilla,UD Almería,2,1,es.1,FALSE
2023-03-12,Villarreal CF,Real Betis Balompié,1,1,es.1,FALSE
2023-03-12,Athletic Club,FC Barcelona,0,1,es.1,FALSE
2023-03-12,US Lecce,Torino,0,2,it.1,FALSE
2023-03-12,Hellas Verona,AC Monza,1,1,it.1,FALSE
2023-03-12,US Cremonese,ACF Fiorentina,0,2,it.1,FALSE
2023-03-12,AS Roma,US Sassuolo Calcio,3,4,it.1,FALSE
2023-03-12,Juventus,Sampdoria,4,2,it.1,FALSE
2023-03-12,SC Freiburg,TSG 1899 Hoffenheim,2,1,de.1,FALSE
2023-03-12,SV Werder Bremen,Bayer 04 Leverkusen,2,3,de.1,FALSE
2023-03-12,VfL Wolfsburg,1. FC Union Berlin,1,1,de.1,FALSE
2023-03-13,Girona,Club Atlético de Madrid,0,1,es.1,FALSE
2023-03-13,AC Milan,US Salernitana 1919,1,1,it.1,FALSE
2023-03-15,Brighton & Hove Albion,Crystal Palace,1,0,en.1,FALSE
2023-03-15,Southampton,Brentford,0,2,en.1,FALSE
2023-03-17,Nottingham Forest,Newcastle United,1,2,en.1,FALSE
2023-03-17,Real Valladolid CF,Athletic Club,1,3,es.1,FALSE
2023-03-17,US Sassuolo Calcio,Spezia Calcio,1,0,it.1,FALSE
2023-03-17,Atalanta BC,Empoli,2,1,it.1,FALSE
2023-03-17,Borussia Mönchengladbach,SV Werder Bremen,2,2,de.1,FALSE
2023-03-18,Wolverhampton Wanderers,Leeds United,2,4,en.1,FALSE
2023-03-18,Southampton,Tottenham Hotspur,3,3,en.1,FALSE
2023-03-18,Brentford,Leicester City,1,1,en.1,FALSE
2023-03-18,Aston Villa,AFC Bournemouth,3,0,en.1,FALSE
2023-03-18,Chelsea,Everton,2,2,en.1,FALSE
2023-03-18,UD Almería,Cádiz CF,1,1,es.1,FALSE
2023-03-18,Rayo Vallecano de Madrid,Girona,2,2,es.1,FALSE
2023-03-18,RCD Espanyol de Barcelona,RC Celta de Vigo,1,3,es.1,FALSE
2023-03-18,Club Atlético de Madrid,Valencia CF,3,0,es.1,FALSE
2023-03-18,AC Monza,US Cremonese,1,1,it.1,FALSE
2023-03-18,US Salernitana 1919,Bologna FC 1909,2,2,it.1,FALSE
2023-03-18,Udinese Calcio,AC Milan,3,1,it.1,FALSE
2023-03-18,VfB Stuttgart,VfL Wolfsburg,0,1,de.1,FALSE
2023-03-18,FC Augsburg,FC Schalke 04,1,1,de.1,FALSE
2023-03-18,VfL Bochum 1848,RB Leipzig,1,0,de.1,FALSE
2023-03-18,TSG 1899 Hoffenheim,Hertha BSC,3,1,de.1,FALSE
2023-03-18,Borussia Dortmund,1. FC Köln,6,1,de.1,FALSE
2023-03-19,Arsenal,Crystal Palace,4,1,en.1,FALSE
2023-03-19,Real Betis Balompié,RCD Mallorca,1,0,es.1,FALSE
2023-03-19,Real Sociedad de Fútbol,Elche CF,2,0,es.1,FALSE
2023-03-19,CA Osasuna,Villarreal CF,0,3,es.1,FALSE
2023-03-19,Getafe CF,Sevilla,2,0,es.1,FALSE
2023-03-19,FC Barcelona,Real Madrid CF,2,1,es.1,FALSE
2023-03-19,Sampdoria,Hellas Verona,3,1,it.1,FALSE
2023-03-19,Torino,SSC Napoli,0,4,it.1,FALSE
2023-03-19,ACF Fiorentina,US Lecce,1,0,it.1,FALSE
2023-03-19,SS Lazio,AS Roma,1,0,it.1,FALSE
2023-03-19,FC Internazionale Milano,Juventus,0,1,it.1,FALSE
2023-03-19,1. FC Union Berlin,Eintracht Frankfurt,2,0,de.1,FALSE
2023-03-19,Bayer 04 Leverkusen,FC Bayern München,2,1,de.1,FALSE
2023-03-19,1. FSV Mainz 05,SC Freiburg,1,1,de.1,FALSE
2023-03-31,RCD Mallorca,CA Osasuna,0,0,es.1,FALSE
2023-03-31,Eintracht Frankfurt,VfL Bochum 1848,1,1,de.1,FALSE
2023-04-01,Manchester City,Liverpool,4,1,en.1,FALSE
2023-04-01,Nottingham Forest,Wolverhampton Wanderers,1,1,en.1,FALSE
2023-04-01,Crystal Palace,Leicester City,2,1,en.1,FALSE
2023-04-01,Brighton & Hove Albion,Brentford,3,3,en.1,FALSE
2023-04-01,AFC Bournemouth,Fulham,2,1,en.1,FALSE
2023-04-01,Arsenal,Leeds United,4,1,en.1,FALSE
2023-04-01,Chelsea,Aston Villa,0,2,en.1,FALSE
2023-04-01,Girona,RCD Espanyol de Barcelona,2,1,es.1,FALSE
2023-04-01,Athletic Club,Getafe CF,0,0,es.1,FALSE
2023-04-01,Cádiz CF,Sevilla,0,2,es.1,FALSE
2023-04-01,Elche CF,FC Barcelona,0,4,es.1,FALSE
2023-04-01,US Cremonese,Atalanta BC,1,3,it.1,FALSE
2023-04-01,FC Internazionale Milano,ACF Fiorentina,0,1,it.1,FALSE
2023-04-01,Juventus,Hellas Verona,1,0,it.1,FALSE
2023-04-01,FC Schalke 04,Bayer 04 Leverkusen,0,3,de.1,FALSE
2023-04-01,VfL Wolfsburg,FC Augsburg,2,2,de.1,FALSE
2023-04-01,SC Freiburg,Hertha BSC,1,1,de.1,FALSE
2023-04-01,1. FC Union Berlin,VfB Stuttgart,3,0,de.1,FALSE
2023-04-01,RB Leipzig,1. FSV Mainz 05,0,3,de.1,FALSE
2023-04-01,FC Bayern München,Borussia Dortmund,4,2,de.1,FALSE
2023-04-02,West Ham United,Southampton,1,0,en.1,FALSE
2023-04-02,Newcastle United,Manchester United,2,0,en.1,FALSE
2023-04-02,RC Celta de Vigo,UD Almería,2,2,es.1,FALSE
2023-04-02,Real Madrid CF,Real Valladolid CF,6,0,es.1,FALSE
2023-04-02,Villarreal CF,Real Sociedad de Fútbol,2,0,es.1,FALSE
2023-04-02,Club Atlético de Madrid,Real Betis Balompié,1,0,es.1,FALSE
2023-04-02,Bologna FC 1909,Udinese Calcio,3,0,it.1,FALSE
2023-04-02,Spezia Calcio,US Salernitana 1919,1,1,it.1,FALSE
2023-04-02,AC Monza,SS Lazio,0,2,it.1,FALSE
2023-04-02,AS Roma,Sampdoria,3,0,it.1,FALSE
2023-04-02,SSC Napoli,AC Milan,0,4,it.1,FALSE
2023-04-02,1. FC Köln,Borussia Mönchengladbach,0,0,de.1,FALSE
2023-04-02,SV Werder Bremen,TSG 1899 Hoffenheim,1,2,de.1,FALSE
2023-04-03,Everton,Tottenham Hotspur,1,1,en.1,FALSE
2023-04-03,Valencia CF,Rayo Vallecano de Madrid,1,1,es.1,FALSE
2023-04-03,Empoli,US Lecce,1,0,it.1,FALSE
2023-04-03,US Sassuolo Calcio,Torino,1,1,it.1,FALSE
2023-04-04,Leicester City,Aston Villa,1,2,en.1,FALSE
2023-04-04,Leeds United,Nottingham Forest,2,1,en.1,FALSE
2023-04-04,AFC Bournemouth,Brighton & Hove Albion,0,2,en.1,FALSE
2023-04-04,Chelsea,Liverpool,0,0,en.1,FALSE
2023-04-05,West Ham United,Newcastle United,1,5,en.1,FALSE
2023-04-05,Manchester United,Brentford,1,0,en.1,FALSE
2023-04-07,Sevilla,RC Celta de Vigo,2,2,es.1,FALSE
2023-04-07,US Salernitana 1919,FC Internazionale Milano,1,1,it.1,FALSE
2023-04-07,US Lecce,SSC Napoli,1,2,it.1,FALSE
2023-04-07,AC Milan,Empoli,0,0,it.1,FALSE
2023-04-08,Manchester United,Everton,2,0,en.1,FALSE
2023-04-08,Wolverhampton Wanderers,Chelsea,1,0,en.1,FALSE
2023-04-08,Tottenham Hotspur,Brighton & Hove Albion,2,1,en.1,FALSE
2023-04-08,Leicester City,AFC Bournemouth,0,1,en.1,FALSE
2023-04-08,Fulham,West Ham United,0,1,en.1,FALSE
2023-04-08,Brentford,Newcastle United,1,2,en.1,FALSE
2023-04-08,Aston Villa,Nottingham Forest,2,0,en.1,FALSE
2023-04-08,Southampton,Manchester City,1,4,en.1,FALSE
2023-04-08,CA Osasuna,Elche CF,2,1,es.1,FALSE
2023-04-08,RCD Espanyol de Barcelona,Athletic Club,1,2,es.1,FALSE
2023-04-08,Real Sociedad de Fútbol,Getafe CF,2,0,es.1,FALSE
2023-04-08,Real Madrid CF,Villarreal CF,2,3,es.1,FALSE
2023-04-08,Udinese Calcio,AC Monza,2,2,it.1,FALSE
2023-04-08,ACF Fiorentina,Spezia Calcio,1,1,it.1,FALSE
2023-04-08,Sampdoria,US Cremonese,2,3,it.1,FALSE
2023-04-08,Atalanta BC,Bologna FC 1909,0,2,it.1,FALSE
2023-04-08,Torino,AS Roma,0,1,it.1,FALSE
2023-04-08,Hellas Verona,US Sassuolo Calcio,2,1,it.1,FALSE
2023-04-08,SS Lazio,Juventus,2,1,it.1,FALSE
2023-04-08,FC Augsburg,1. FC Köln,1,3,de.1,FALSE
2023-04-08,1. FSV Mainz 05,SV Werder Bremen,2,2,de.1,FALSE
2023-04-08,SC Freiburg,FC Bayern München,0,1,de.1,FALSE
2023-04-08,Bayer 04 Leverkusen,Eintracht Frankfurt,3,1,de.1,FALSE
2023-04-08,Borussia Dortmund,1. FC Union Berlin,2,1,de.1,FALSE
2023-04-08,Hertha BSC,RB Leipzig,0,1,de.1,FALSE
2023-04-09,Leeds United,Crystal Palace,1,5,en.1,FALSE
2023-04-09,Liverpool,Arsenal,2,2,en.1,FALSE
2023-04-09,Real Valladolid CF,RCD Mallorca,3,3,es.1,FALSE
2023-04-09,Real Betis Balompié,Cádiz CF,0,2,es.1,FALSE
2023-04-09,UD Almería,Valencia CF,2,1,es.1,FALSE
2023-04-09,Rayo Vallecano de Madrid,Club Atlético de Madrid,1,2,es.1,FALSE
2023-04-09,Borussia Mönchengladbach,VfL Wolfsburg,2,0,de.1,FALSE
2023-04-09,VfL Bochum 1848,VfB Stuttgart,2,3,de.1,FALSE
2023-04-09,TSG 1899 Hoffenheim,FC Schalke 04,2,0,de.1,FALSE
2023-04-10,FC Barcelona,Girona,0,0,es.1,FALSE
2023-04-14,Rayo Vallecano de Madrid,CA Osasuna,2,1,es.1,FALSE
2023-04-14,US Cremonese,Empoli,1,0,it.1,FALSE
2023-04-14,Spezia Calcio,SS Lazio,0,3,it.1,FALSE
2023-04-14,FC Schalke 04,Hertha BSC,5,2,de.1,FALSE
2023-04-15,Aston Villa,Newcastle United,3,0,en.1,FALSE
2023-04-15,Wolverhampton Wanderers,Brentford,2,0,en.1,FALSE
2023-04-15,Southampton,Crystal Palace,0,2,en.1,FALSE
2023-04-15,Everton,Fulham,1,3,en.1,FALSE
2023-04-15,Chelsea,Brighton & Hove Albion,1,2,en.1,FALSE
2023-04-15,Tottenham Hotspur,AFC Bournemouth,2,3,en.1,FALSE
2023-04-15,Manchester City,Leicester City,3,1,en.1,FALSE
2023-04-15,Villarreal CF,Real Valladolid CF,1,2,es.1,FALSE
2023-04-15,Athletic Club,Real Sociedad de Fútbol,2,0,es.1,FALSE
2023-04-15,Real Betis Balompié,RCD Espanyol de Barcelona,3,1,es.1,FALSE
2023-04-15,Cádiz CF,Real Madrid CF,0,2,es.1,FALSE
2023-04-15,Bologna FC 1909,AC Milan,1,1,it.1,FALSE
2023-04-15,SSC Napoli,Hellas Verona,0,0,it.1,FALSE
2023-04-15,FC Internazionale Milano,AC Monza,0,1,it.1,FALSE
2023-04-15,VfB Stuttgart,Borussia Dortmund,3,3,de.1,FALSE
2023-04-15,1. FC Köln,1. FSV Mainz 05,1,1,de.1,FALSE
2023-04-15,RB Leipzig,FC Augsburg,3,2,de.1,FALSE
2023-04-15,FC Bayern München,TSG 1899 Hoffenheim,1,1,de.1,FALSE
2023-04-15,Eintracht Frankfurt,Borussia Mönchengladbach,1,1,de.1,FALSE
2023-04-16,West Ham United,Arsenal,2,2,en.1,FALSE
2023-04-16,Nottingham Forest,Manchester United,0,2,en.1,FALSE
2023-04-16,Girona,Elche CF,2,0,es.1,FALSE
2023-04-16,Getafe CF,FC Barcelona,0,0,es.1,FALSE
2023-04-16,Club Atlético de Madrid,UD Almería,2,1,es.1,FALSE
2023-04-16,Valencia CF,Sevilla,0,2,es.1,FALSE
2023-04-16,US Lecce,Sampdoria,1,1,it.1,FALSE
2023-04-16,Torino,US Salernitana 1919,1,1,it.1,FALSE
2023-04-16,US Sassuolo Calcio,Juventus,1,0,it.1,FALSE
2023-04-16,AS Roma,Udinese Calcio,3,0,it.1,FALSE
2023-04-16,SV Werder Bremen,SC Freiburg,1,2,de.1,FALSE
2023-04-16,1. FC Union Berlin,VfL Bochum 1848,1,1,de.1,FALSE
2023-04-16,VfL Wolfsburg,Bayer 04 Leverkusen,0,0,de.1,FALSE
2023-04-17,Leeds United,Liverpool,1,6,en.1,FALSE
2023-04-17,RC Celta de Vigo,RCD Mallorca,0,1,es.1,FALSE
2023-04-17,ACF Fiorentina,Atalanta BC,1,1,it.1,FALSE
2023-04-21,Arsenal,Southampton,3,3,en.1,FALSE
2023-04-21,RCD Espanyol de Barcelona,Cádiz CF,0,0,es.1,FALSE
2023-04-21,Hellas Verona,Bologna FC 1909,2,1,it.1,FALSE
2023-04-21,FC Augsburg,VfB Stuttgart,1,1,de.1,FALSE
2023-04-22,Fulham,Leeds United,2,1,en.1,FALSE
2023-04-22,Liverpool,Nottingham Forest,3,2,en.1,FALSE
2023-04-22,Leicester City,Wolverhampton Wanderers,2,1,en.1,FALSE
2023-04-22,Crystal Palace,Everton,0,0,en.1,FALSE
2023-04-22,Brentford,Aston Villa,1,1,en.1,FALSE
2023-04-22,CA Osasuna,Real Betis Balompié,3,2,es.1,FALSE
2023-04-22,UD Almería,Athletic Club,1,2,es.1,FALSE
2023-04-22,Real Valladolid CF,Girona,1,0,es.1,FALSE
2023-04-22,Real Sociedad de Fútbol,Rayo Vallecano de Madrid,2,1,es.1,FALSE
2023-04-22,Real Madrid CF,RC Celta de Vigo,2,0,es.1,FALSE
2023-04-22,US Salernitana 1919,US Sassuolo Calcio,3,0,it.1,FALSE
2023-04-22,SS Lazio,Torino,0,1,it.1,FALSE
2023-04-22,Sampdoria,Spezia Calcio,1,1,it.1,FALSE
2023-04-22,Hertha BSC,SV Werder Bremen,2,4,de.1,FALSE
2023-04-22,VfL Bochum 1848,VfL Wolfsburg,1,5,de.1,FALSE
2023-04-22,TSG 1899 Hoffenheim,1. FC Köln,1,3,de.1,FALSE
2023-04-22,1. FSV Mainz 05,FC Bayern München,3,1,de.1,FALSE
2023-04-22,Borussia Dortmund,Eintracht Frankfurt,4,0,de.1,FALSE
2023-04-23,Newcastle United,Tottenham Hotspur,6,1,en.1,FALSE
2023-04-23,AFC Bournemouth,West Ham United,0,4,en.1,FALSE
2023-04-23,Elche CF,Valencia CF,0,2,es.1,FALSE
2023-04-23,FC Barcelona,Club Atlético de Madrid,1,0,es.1,FALSE
2023-04-23,RCD Mallorca,Getafe CF,3,1,es.1,FALSE
2023-04-23,Sevilla,Villarreal CF,2,1,es.1,FALSE
2023-04-23,Empoli,FC Internazionale Milano,0,3,it.1,FALSE
2023-04-23,Udinese Calcio,US Cremonese,3,0,it.1,FALSE
2023-04-23,AC Monza,ACF Fiorentina,3,2,it.1,FALSE
2023-04-23,AC Milan,US Lecce,2,0,it.1,FALSE
2023-04-23,Juventus,SSC Napoli,0,1,it.1,FALSE
2023-04-23,SC Freiburg,FC Schalke 04,4,0,de.1,FALSE
2023-04-23,Bayer 04 Leverkusen,RB Leipzig,2,0,de.1,FALSE
2023-04-23,Borussia Mönchengladbach,1. FC Union Berlin,0,1,de.1,FALSE
2023-04-24,Atalanta BC,AS Roma,3,1,it.1,FALSE
2023-04-25,Wolverhampton Wanderers,Crystal Palace,2,0,en.1,FALSE
2023-04-25,Aston Villa,Fulham,1,0,en.1,FALSE
2023-04-25,Leeds United,Leicester City,1,1,en.1,FALSE
2023-04-25,Girona,Real Madrid CF,4,2,es.1,FALSE
2023-04-25,Cádiz CF,CA Osasuna,0,1,es.1,FALSE
2023-04-25,Real Betis Balompié,Real Sociedad de Fútbol,0,0,es.1,FALSE
2023-04-26,Nottingham Forest,Brighton & Hove Albion,3,1,en.1,FALSE
2023-04-26,Chelsea,Brentford,0,2,en.1,FALSE
2023-04-26,West Ham United,Liverpool,1,2,en.1,FALSE
2023-04-26,Manchester City,Arsenal,4,1,en.1,FALSE
2023-04-26,Getafe CF,UD Almería,1,2,es.1,FALSE
2023-04-26,Club Atlético de Madrid,RCD Mallorca,3,1,es.1,FALSE
2023-04-26,Rayo Vallecano de Madrid,FC Barcelona,2,1,es.1,FALSE
2023-04-26,RC Celta de Vigo,Elche CF,1,0,es.1,FALSE
2023-04-27,Southampton,AFC Bournemouth,0,1,en.1,FALSE
2023-04-27,Everton,Newcastle United,1,4,en.1,FALSE
2023-04-27,Tottenham Hotspur,Manchester United,2,2,en.1,FALSE
2023-04-27,Villarreal CF,RCD Espanyol de Barcelona,4,2,es.1,FALSE
2023-04-27,Valencia CF,Real Valladolid CF,2,1,es.1,FALSE
2023-04-27,Athletic Club,Sevilla,0,1,es.1,FALSE
2023-04-28,CA Osasuna,Real Sociedad de Fútbol,0,2,es.1,FALSE
2023-04-28,US Lecce,Udinese Calcio,1,0,it.1,FALSE
2023-04-28,Spezia Calcio,AC Monza,0,2,it.1,FALSE
2023-04-28,VfL Bochum 1848,Borussia Dortmund,1,1,de.1,FALSE
2023-04-29,Crystal Palace,West Ham United,4,3,en.1,FALSE
2023-04-29,Brighton & Hove Albion,Wolverhampton Wanderers,6,0,en.1,FALSE
2023-04-29,Brentford,Nottingham Forest,2,1,en.1,FALSE
2023-04-29,Elche CF,Rayo Vallecano de Madrid,4,0,es.1,FALSE
2023-04-29,Real Madrid CF,UD Almería,4,2,es.1,FALSE
2023-04-29,FC Barcelona,Real Betis Balompié,4,0,es.1,FALSE
2023-04-29,AS Roma,AC Milan,1,1,it.1,FALSE
2023-04-29,Torino,Atalanta BC,1,2,it.1,FALSE
2023-04-29,VfB Stuttgart,Borussia Mönchengladbach,2,1,de.1,FALSE
2023-04-29,Eintracht Frankfurt,FC Augsburg,1,1,de.1,FALSE
2023-04-29,1. FC Köln,SC Freiburg,0,1,de.1,FALSE
2023-04-29,1. FC Union Berlin,Bayer 04 Leverkusen,0,0,de.1,FALSE
2023-04-29,RB Leipzig,TSG 1899 Hoffenheim,1,0,de.1,FALSE
2023-04-29,FC Schalke 04,SV Werder Bremen,2,1,de.1,FALSE
2023-04-30,Newcastle United,Southampton,3,1,en.1,FALSE
2023-04-30,Manchester United,Aston Villa,1,0,en.1,FALSE
2023-04-30,Fulham,Manchester City,1,2,en.1,FALSE
2023-04-30,AFC Bournemouth,Leeds United,4,1,en.1,FALSE
2023-04-30,Liverpool,Tottenham Hotspur,4,3,en.1,FALSE
2023-04-30,Cádiz CF,Valencia CF,2,1,es.1,FALSE
2023-04-30,Villarreal CF,RC Celta de Vigo,3,1,es.1,FALSE
2023-04-30,RCD Espanyol de Barcelona,Getafe CF,1,0,es.1,FALSE
2023-04-30,Real Valladolid CF,Club Atlético de Madrid,2,5,es.1,FALSE
2023-04-30,FC Internazionale Milano,SS Lazio,3,1,it.1,FALSE
2023-04-30,US Sassuolo Calcio,Empoli,2,1,it.1,FALSE
2023-04-30,SSC Napoli,US Salernitana 1919,1,1,it.1,FALSE
2023-04-30,US Cremonese,Hellas Verona,1,1,it.1,FALSE
2023-04-30,ACF Fiorentina,Sampdoria,5,0,it.1,FALSE
2023-04-30,Bologna FC 1909,Juventus,1,1,it.1,FALSE
2023-04-30,FC Bayern München,Hertha BSC,2,0,de.1,FALSE
2023-04-30,VfL Wolfsburg,1. FSV Mainz 05,3,0,de.1,FALSE
2023-05-01,Leicester City,Everton,2,2,en.1,FALSE
2023-05-01,RCD Mallorca,Athletic Club,1,1,es.1,FALSE
2023-05-01,Sevilla,Girona,0,2,es.1,FALSE
2023-05-02,Arsenal,Chelsea,3,1,en.1,FALSE
2023-05-02,UD Almería,Elche CF,2,1,es.1,FALSE
2023-05-02,FC Barcelona,CA Osasuna,1,0,es.1,FALSE
2023-05-02,Real Sociedad de Fútbol,Real Madrid CF,2,0,es.1,FALSE
2023-05-03,Manchester City,West Ham United,3,0,en.1,FALSE
2023-05-03,Liverpool,Fulham,1,0,en.1,FALSE
2023-05-03,Valencia CF,Villarreal CF,1,1,es.1,FALSE
2023-05-03,Getafe CF,RC Celta de Vigo,1,0,es.1,FALSE
2023-05-03,Club Atlético de Madrid,Cádiz CF,5,1,es.1,FALSE
2023-05-03,Sampdoria,Torino,0,2,it.1,FALSE
2023-05-03,US Salernitana 1919,ACF Fiorentina,3,3,it.1,FALSE
2023-05-03,Juventus,US Lecce,2,1,it.1,FALSE
2023-05-03,Atalanta BC,Spezia Calcio,3,2,it.1,FALSE
2023-05-03,AC Monza,AS Roma,1,1,it.1,FALSE
2023-05-03,AC Milan,US Cremonese,1,1,it.1,FALSE
2023-05-03,SS Lazio,US Sassuolo Calcio,2,0,it.1,FALSE
2023-05-03,Hellas Verona,FC Internazionale Milano,0,6,it.1,FALSE
2023-05-04,Brighton & Hove Albion,Manchester United,1,0,en.1,FALSE
2023-05-04,Sevilla,RCD Espanyol de Barcelona,3,2,es.1,FALSE
2023-05-04,Girona,RCD Mallorca,2,1,es.1,FALSE
2023-05-04,Rayo Vallecano de Madrid,Real Valladolid CF,2,1,es.1,FALSE
2023-05-04,Athletic Club,Real Betis Balompié,0,1,es.1,FALSE
2023-05-04,Udinese Calcio,SSC Napoli,1,1,it.1,FALSE
2023-05-04,Empoli,Bologna FC 1909,3,1,it.1,FALSE
2023-05-05,1. FSV Mainz 05,FC Schalke 04,2,3,de.1,FALSE
2023-05-05,Bayer 04 Leverkusen,1. FC Köln,1,2,de.1,FALSE
2023-05-06,Wolverhampton Wanderers,Aston Villa,1,0,en.1,FALSE
2023-05-06,Tottenham Hotspur,Crystal Palace,1,0,en.1,FALSE
2023-05-06,Manchester City,Leeds United,2,1,en.1,FALSE
2023-05-06,AFC Bournemouth,Chelsea,1,3,en.1,FALSE
2023-05-06,Liverpool,Brentford,1,0,en.1,FALSE
2023-05-06,AC Milan,SS Lazio,2,0,it.1,FALSE
2023-05-06,AS Roma,FC Internazionale Milano,0,2,it.1,FALSE
2023-05-06,US Cremonese,Spezia Calcio,2,0,it.1,FALSE
2023-05-06,Hertha BSC,VfB Stuttgart,2,1,de.1,FALSE
2023-05-06,FC Augsburg,1. FC Union Berlin,1,0,de.1,FALSE
2023-05-06,Borussia Mönchengladbach,VfL Bochum 1848,2,0,de.1,FALSE
2023-05-06,TSG 1899 Hoffenheim,Eintracht Frankfurt,3,1,de.1,FALSE
2023-05-06,SC Freiburg,RB Leipzig,0,1,de.1,FALSE
2023-05-06,SV Werder Bremen,FC Bayern München,1,2,de.1,FALSE
2023-05-07,Newcastle United,Arsenal,0,2,en.1,FALSE
2023-05-07,West Ham United,Manchester United,1,0,en.1,FALSE
2023-05-07,Atalanta BC,Juventus,0,2,it.1,FALSE
2023-05-07,Torino,AC Monza,1,1,it.1,FALSE
2023-05-07,SSC Napoli,ACF Fiorentina,1,0,it.1,FALSE
2023-05-07,US Lecce,Hellas Verona,0,1,it.1,FALSE
2023-05-07,Borussia Dortmund,VfL Wolfsburg,6,0,de.1,FALSE
2023-05-08,Fulham,Leicester City,5,3,en.1,FALSE
2023-05-08,Brighton & Hove Albion,Everton,1,5,en.1,FALSE
2023-05-08,Nottingham Forest,Southampton,4,3,en.1,FALSE
2023-05-08,Udinese Calcio,Sampdoria,2,0,it.1,FALSE
2023-05-08,Empoli,US Salernitana 1919,2,1,it.1,FALSE
2023-05-08,US Sassuolo Calcio,Bologna FC 1909,1,1,it.1,FALSE
2023-05-12,RCD Mallorca,Cádiz CF,1,0,es.1,FALSE
2023-05-12,SS Lazio,US Lecce,2,2,it.1,FALSE
2023-05-12,1. FC Köln,Hertha BSC,5,2,de.1,FALSE
2023-05-13,Leeds United,Newcastle United,2,2,en.1,FALSE
2023-05-13,Southampton,Fulham,0,2,en.1,FALSE
2023-05-13,Manchester United,Wolverhampton Wanderers,2,0,en.1,FALSE
2023-05-13,Crystal Palace,AFC Bournemouth,2,0,en.1,FALSE
2023-05-13,Chelsea,Nottingham Forest,2,2,en.1,FALSE
2023-05-13,Aston Villa,Tottenham Hotspur,2,1,en.1,FALSE
2023-05-13,Real Sociedad de Fútbol,Girona,2,2,es.1,FALSE
2023-05-13,CA Osasuna,UD Almería,3,1,es.1,FALSE
2023-05-13,Villarreal CF,Athletic Club,5,1,es.1,FALSE
2023-05-13,Real Madrid CF,Getafe CF,1,0,es.1,FALSE
2023-05-13,US Salernitana 1919,Atalanta BC,1,0,it.1,FALSE
2023-05-13,Spezia Calcio,AC Milan,2,0,it.1,FALSE
2023-05-13,FC Internazionale Milano,US Sassuolo Calcio,4,2,it.1,FALSE
2023-05-13,VfL Bochum 1848,FC Augsburg,3,2,de.1,FALSE
2023-05-13,VfL Wolfsburg,TSG 1899 Hoffenheim,2,1,de.1,FALSE
2023-05-13,Eintracht Frankfurt,1. FSV Mainz 05,3,0,de.1,FALSE
2023-05-13,1. FC Union Berlin,SC Freiburg,4,2,de.1,FALSE
2023-05-13,FC Bayern München,FC Schalke 04,6,0,de.1,FALSE
2023-05-13,Borussia Dortmund,Borussia Mönchengladbach,5,2,de.1,FALSE
2023-05-14,Everton,Manchester City,0,3,en.1,FALSE
2023-05-14,Brentford,West Ham United,2,0,en.1,FALSE
2023-05-14,Arsenal,Brighton & Hove Albion,0,3,en.1,FALSE
2023-05-14,RC Celta de Vigo,Valencia CF,1,2,es.1,FALSE
2023-05-14,Elche CF,Club Atlético de Madrid,1,0,es.1,FALSE
2023-05-14,Real Valladolid CF,Sevilla,0,3,es.1,FALSE
2023-05-14,RCD Espanyol de Barcelona,FC Barcelona,2,4,es.1,FALSE
2023-05-14,Hellas Verona,Torino,0,1,it.1,FALSE
2023-05-14,AC Monza,SSC Napoli,2,0,it.1,FALSE
2023-05-14,ACF Fiorentina,Udinese Calcio,2,0,it.1,FALSE
2023-05-14,Bologna FC 1909,AS Roma,0,0,it.1,FALSE
2023-05-14,Juventus,US Cremonese,2,0,it.1,FALSE
2023-05-14,VfB Stuttgart,Bayer 04 Leverkusen,1,1,de.1,FALSE
2023-05-14,RB Leipzig,SV Werder Bremen,2,1,de.1,FALSE
2023-05-15,Leicester City,Liverpool,0,3,en.1,FALSE
2023-05-15,Real Betis Balompié,Rayo Vallecano de Madrid,3,1,es.1,FALSE
2023-05-15,Sampdoria,Empoli,1,1,it.1,FALSE
2023-05-18,Newcastle United,Brighton & Hove Albion,4,1,en.1,FALSE
2023-05-19,Cádiz CF,Real Valladolid CF,2,0,es.1,FALSE
2023-05-19,US Sassuolo Calcio,AC Monza,1,2,it.1,FALSE
2023-05-19,SC Freiburg,VfL Wolfsburg,2,0,de.1,FALSE
2023-05-20,Tottenham Hotspur,Brentford,1,3,en.1,FALSE
2023-05-20,Wolverhampton Wanderers,Everton,1,1,en.1,FALSE
2023-05-20,Liverpool,Aston Villa,1,1,en.1,FALSE
2023-05-20,Fulham,Crystal Palace,2,2,en.1,FALSE
2023-05-20,AFC Bournemouth,Manchester United,0,1,en.1,FALSE
2023-05-20,Nottingham Forest,Arsenal,1,0,en.1,FALSE
2023-05-20,Girona,Villarreal CF,1,2,es.1,FALSE
2023-05-20,Athletic Club,RC Celta de Vigo,2,1,es.1,FALSE
2023-05-20,Getafe CF,Elche CF,1,1,es.1,FALSE
2023-05-20,UD Almería,RCD Mallorca,3,0,es.1,FALSE
2023-05-20,FC Barcelona,Real Sociedad de Fútbol,1,2,es.1,FALSE
2023-05-20,US Cremonese,Bologna FC 1909,1,5,it.1,FALSE
2023-05-20,Atalanta BC,Hellas Verona,3,1,it.1,FALSE
2023-05-20,AC Milan,Sampdoria,5,1,it.1,FALSE
2023-05-20,SV Werder Bremen,1. FC Köln,1,1,de.1,FALSE
2023-05-20,FC Schalke 04,Eintracht Frankfurt,2,2,de.1,FALSE
2023-05-20,Hertha BSC,VfL Bochum 1848,1,1,de.1,FALSE
2023-05-20,TSG 1899 Hoffenheim,1. FC Union Berlin,4,2,de.1,FALSE
2023-05-20,FC Bayern München,RB Leipzig,1,3,de.1,FALSE
2023-05-21,West Ham United,Leeds United,3,1,en.1,FALSE
2023-05-21,Brighton & Hove Albion,Southampton,3,1,en.1,FALSE
2023-05-21,Manchester City,Chelsea,1,0,en.1,FALSE
2023-05-21,Rayo Vallecano de Madrid,RCD Espanyol de Barcelona,1,2,es.1,FALSE
2023-05-21,Club Atlético de Madrid,CA Osasuna,3,0,es.1,FALSE
2023-05-21,Valencia CF,Real Madrid CF,1,0,es.1,FALSE
2023-05-21,Sevilla,Real Betis Balompié,0,0,es.1,FALSE
2023-05-21,US Lecce,Spezia Calcio,0,0,it.1,FALSE
2023-05-21,Torino,ACF Fiorentina,1,1,it.1,FALSE
2023-05-21,SSC Napoli,FC Internazionale Milano,3,1,it.1,FALSE
2023-05-21,Udinese Calcio,SS Lazio,0,1,it.1,FALSE
2023-05-21,1. FSV Mainz 05,VfB Stuttgart,1,4,de.1,FALSE
2023-05-21,FC Augsburg,Borussia Dortmund,0,3,de.1,FALSE
2023-05-21,Bayer 04 Leverkusen,Borussia Mönchengladbach,2,2,de.1,FALSE
2023-05-22,Newcastle United,Leicester City,0,0,en.1,FALSE
2023-05-22,AS Roma,US Salernitana 1919,2,2,it.1,FALSE
2023-05-22,Empoli,Juventus,4,1,it.1,FALSE
2023-05-23,Real Sociedad de Fútbol,UD Almería,1,0,es.1,FALSE
2023-05-23,RC Celta de Vigo,Girona,1,1,es.1,FALSE
2023-05-23,Real Valladolid CF,FC Barcelona,3,1,es.1,FALSE
2023-05-24,Brighton & Hove Albion,Manchester City,1,1,en.1,FALSE
2023-05-24,Real Madrid CF,Rayo Vallecano de Madrid,2,1,es.1,FALSE
2023-05-24,Villarreal CF,Cádiz CF,2,0,es.1,FALSE
2023-05-24,Elche CF,Sevilla,1,1,es.1,FALSE
2023-05-24,RCD Espanyol de Barcelona,Club Atlético de Madrid,3,3,es.1,FALSE
2023-05-24,Real Betis Balompié,Getafe CF,0,1,es.1,FALSE
2023-05-25,Manchester United,Chelsea,4,1,en.1,FALSE
2023-05-25,RCD Mallorca,Valencia CF,1,0,es.1,FALSE
2023-05-25,CA Osasuna,Athletic Club,2,0,es.1,FALSE
2023-05-26,Sampdoria,US Sassuolo Calcio,2,2,it.1,FALSE
2023-05-27,Sevilla,Real Madrid CF,1,2,es.1,FALSE
2023-05-27,Spezia Calcio,Torino,0,4,it.1,FALSE
2023-05-27,US Salernitana 1919,Udinese Calcio,3,2,it.1,FALSE
2023-05-27,ACF Fiorentina,AS Roma,2,1,it.1,FALSE
2023-05-27,FC Internazionale Milano,Atalanta BC,3,2,it.1,FALSE
2023-05-27,VfB Stuttgart,TSG 1899 Hoffenheim,1,1,de.1,FALSE
2023-05-27,VfL Bochum 1848,Bayer 04 Leverkusen,3,0,de.1,FALSE
2023-05-27,VfL Wolfsburg,Hertha BSC,1,2,de.1,FALSE
2023-05-27,Eintracht Frankfurt,SC Freiburg,2,1,de.1,FALSE
2023-05-27,Borussia Mönchengladbach,FC Augsburg,2,0,de.1,FALSE
2023-05-27,1. FC Köln,FC Bayern München,1,2,de.1,FALSE
2023-05-27,1. FC Union Berlin,SV Werder Bremen,1,0,de.1,FALSE
2023-05-27,RB Leipzig,FC Schalke 04,4,2,de.1,FALSE
2023-05-27,Borussia Dortmund,1. FSV Mainz 05,2,2,de.1,FALSE
2023-05-28,Southampton,Liverpool,4,4,en.1,FALSE
2023-05-28,Manchester United,Fulham,2,1,en.1,FALSE
2023-05-28,Leicester City,West Ham United,2,1,en.1,FALSE
2023-05-28,Leeds United,Tottenham Hotspur,1,4,en.1,FALSE
2023-05-28,Everton,AFC Bournemouth,1,0,en.1,FALSE
2023-05-28,Crystal Palace,Nottingham Forest,1,1,en.1,FALSE
2023-05-28,Chelsea,Newcastle United,1,1,en.1,FALSE
2023-05-28,Brentford,Manchester City,1,0,en.1,FALSE
2023-05-28,Aston Villa,Brighton & Hove Albion,2,1,en.1,FALSE
2023-05-28,Arsenal,Wolverhampton Wanderers,5,0,en.1,FALSE
2023-05-28,Valencia CF,RCD Espanyol de Barcelona,2,2,es.1,FALSE
2023-05-28,Girona,Real Betis Balompié,1,2,es.1,FALSE
2023-05-28,UD Almería,Real Valladolid CF,0,0,es.1,FALSE
2023-05-28,Rayo Vallecano de Madrid,Villarreal CF,2,1,es.1,FALSE
2023-05-28,Cádiz CF,RC Celta de Vigo,1,0,es.1,FALSE
2023-05-28,Getafe CF,CA Osasuna,2,1,es.1,FALSE
2023-05-28,FC Barcelona,RCD Mallorca,3,0,es.1,FALSE
2023-05-28,Club Atlético de Madrid,Real Sociedad de Fútbol,2,1,es.1,FALSE
2023-05-28,Athletic Club,Elche CF,0,1,es.1,FALSE
2023-05-28,Hellas Verona,Empoli,1,1,it.1,FALSE
2023-05-28,AC Monza,US Lecce,0,1,it.1,FALSE
2023-05-28,Bologna FC 1909,SSC Napoli,2,2,it.1,FALSE
2023-05-28,SS Lazio,US Cremonese,3,2,it.1,FALSE
2023-05-28,Juventus,AC Milan,0,1,it.1,FALSE
2023-06-02,US Sassuolo Calcio,ACF Fiorentina,1,3,it.1,FALSE
2023-06-03,Torino,FC Internazionale Milano,0,1,it.1,FALSE
2023-06-03,Empoli,SS Lazio,0,2,it.1,FALSE
2023-06-03,US Cremonese,US Salernitana 1919,2,0,it.1,FALSE
2023-06-04,CA Osasuna,Girona,2,1,es.1,FALSE
2023-06-04,Villarreal CF,Club Atlético de Madrid,2,2,es.1,FALSE
2023-06-04,Real Madrid CF,Athletic Club,1,1,es.1,FALSE
2023-06-04,Real Sociedad de Fútbol,Sevilla,2,1,es.1,FALSE
2023-06-04,RCD Mallorca,Rayo Vallecano de Madrid,3,0,es.1,FALSE
2023-06-04,RCD Espanyol de Barcelona,UD Almería,3,3,es.1,FALSE
2023-06-04,Elche CF,Cádiz CF,1,1,es.1,FALSE
2023-06-04,Real Valladolid CF,Getafe CF,0,0,es.1,FALSE
2023-06-04,RC Celta de Vigo,FC Barcelona,2,1,es.1,FALSE
2023-06-04,Real Betis Balompié,Valencia CF,1,1,es.1,FALSE
2023-06-04,SSC Napoli,Sampdoria,2,0,it.1,FALSE
2023-06-04,Udinese Calcio,Juventus,0,1,it.1,FALSE
2023-06-04,AS Roma,Spezia Calcio,2,1,it.1,FALSE
2023-06-04,AC Milan,Hellas Verona,3,1,it.1,FALSE
2023-06-04,US Lecce,Bologna FC 1909,2,3,it.1,FALSE
2023-06-04,Atalanta BC,AC Monza,5,2,it.1,FALSE
2023-08-11,Burnley,Manchester City,0,3,en.1,FALSE
2023-08-11,UD Almería,Rayo Vallecano de Madrid,0,2,es.1,FALSE
2023-08-11,Sevilla,Valencia CF,1,2,es.1,FALSE
2023-08-12,Arsenal,Nottingham Forest,2,1,en.1,FALSE
2023-08-12,AFC Bournemouth,West Ham United,1,1,en.1,FALSE
2023-08-12,Brighton & Hove Albion,Luton Town,4,1,en.1,FALSE
2023-08-12,Everton,Fulham,0,1,en.1,FALSE
2023-08-12,Sheffield United,Crystal Palace,0,1,en.1,FALSE
2023-08-12,Newcastle United,Aston Villa,5,1,en.1,FALSE
2023-08-12,Real Sociedad de Fútbol,Girona,1,1,es.1,FALSE
2023-08-12,UD Las Palmas,RCD Mallorca,1,1,es.1,FALSE
2023-08-12,Athletic Club,Real Madrid CF,0,2,es.1,FALSE
2023-08-13,Brentford,Tottenham Hotspur,2,2,en.1,FALSE
2023-08-13,Chelsea,Liverpool,1,1,en.1,FALSE
2023-08-13,RC Celta de Vigo,CA Osasuna,0,2,es.1,FALSE
2023-08-13,Villarreal CF,Real Betis Balompié,1,2,es.1,FALSE
2023-08-13,Getafe CF,FC Barcelona,0,0,es.1,FALSE
2023-08-14,Manchester United,Wolverhampton Wanderers,1,0,en.1,FALSE
2023-08-14,Cádiz CF,Deportivo Alavés,1,0,es.1,FALSE
2023-08-14,Club Atlético de Madrid,Granada CF,3,1,es.1,FALSE
2023-08-18,Nottingham Forest,Sheffield United,2,1,en.1,FALSE
2023-08-18,RCD Mallorca,Villarreal CF,0,1,es.1,FALSE
2023-08-18,Valencia CF,UD Las Palmas,1,0,es.1,FALSE
2023-08-18,SV Werder Bremen,FC Bayern München,0,4,de.1,FALSE
2023-08-19,Fulham,Brentford,0,3,en.1,FALSE
2023-08-19,Liverpool,AFC Bournemouth,3,1,en.1,FALSE
2023-08-19,Wolverhampton Wanderers,Brighton & Hove Albion,1,4,en.1,FALSE
2023-08-19,Tottenham Hotspur,Manchester United,2,0,en.1,FALSE
2023-08-19,Manchester City,Newcastle United,1,0,en.1,FALSE
2023-08-19,Real Sociedad de Fútbol,RC Celta de Vigo,1,1,es.1,FALSE
2023-08-19,UD Almería,Real Madrid CF,1,3,es.1,FALSE
2023-08-19,CA Osasuna,Athletic Club,0,2,es.1,FALSE
2023-08-19,Empoli,Hellas Verona,0,1,it.1,FALSE
2023-08-19,Frosinone Calcio,SSC Napoli,1,3,it.1,FALSE
2023-08-19,Genoa CFC,ACF Fiorentina,1,4,it.1,FALSE
2023-08-19,FC Internazionale Milano,AC Monza,2,0,it.1,FALSE
2023-08-19,Bayer 04 Leverkusen,RB Leipzig,3,2,de.1,FALSE
2023-08-19,VfL Wolfsburg,1. FC Heidenheim 1846,2,0,de.1,FALSE
2023-08-19,TSG 1899 Hoffenheim,SC Freiburg,1,2,de.1,FALSE
2023-08-19,FC Augsburg,Borussia Mönchengladbach,4,4,de.1,FALSE
2023-08-19,VfB Stuttgart,VfL Bochum 1848,5,0,de.1,FALSE
2023-08-19,Borussia Dortmund,1. FC Köln,1,0,de.1,FALSE
2023-08-20,Aston Villa,Everton,4,0,en.1,FALSE
2023-08-20,West Ham United,Chelsea,3,1,en.1,FALSE
2023-08-20,Girona,Getafe CF,3,0,es.1,FALSE
2023-08-20,FC Barcelona,Cádiz CF,2,0,es.1,FALSE
2023-08-20,Real Betis Balompié,Club Atlético de Madrid,0,0,es.1,FALSE
2023-08-20,AS Roma,US Salernitana 1919,2,2,it.1,FALSE
2023-08-20,US Sassuolo Calcio,Atalanta BC,0,2,it.1,FALSE
2023-08-20,US Lecce,SS Lazio,2,1,it.1,FALSE
2023-08-20,Udinese Calcio,Juventus,0,3,it.1,FALSE
2023-08-20,1. FC Union Berlin,1. FSV Mainz 05,4,1,de.1,FALSE
2023-08-20,Eintracht Frankfurt,SV Darmstadt 98,1,0,de.1,FALSE
2023-08-21,Crystal Palace,Arsenal,0,1,en.1,FALSE
2023-08-21,Deportivo Alavés,Sevilla,4,3,es.1,FALSE
2023-08-21,Granada CF,Rayo Vallecano de Madrid,0,2,es.1,FALSE
2023-08-21,Torino,Cagliari Calcio,0,0,it.1,FALSE
2023-08-21,Bologna FC 1909,AC Milan,0,2,it.1,FALSE
2023-08-25,Chelsea,Luton Town,3,0,en.1,FALSE
2023-08-25,UD Las Palmas,Real Sociedad de Fútbol,0,0,es.1,FALSE
2023-08-25,RC Celta de Vigo,Real Madrid CF,0,1,es.1,FALSE
2023-08-25,RB Leipzig,VfB Stuttgart,5,1,de.1,FALSE
2023-08-26,AFC Bournemouth,Tottenham Hotspur,0,2,en.1,FALSE
2023-08-26,Everton,Wolverhampton Wanderers,0,1,en.1,FALSE
2023-08-26,Manchester United,Nottingham Forest,3,2,en.1,FALSE
2023-08-26,Arsenal,Fulham,2,2,en.1,FALSE
2023-08-26,Brentford,Crystal Palace,1,1,en.1,FALSE
2023-08-26,Brighton & Hove Albion,West Ham United,1,3,en.1,FALSE
2023-08-26,Cádiz CF,UD Almería,1,1,es.1,FALSE
2023-08-26,Granada CF,RCD Mallorca,3,2,es.1,FALSE
2023-08-26,Sevilla,Girona,1,2,es.1,FALSE
2023-08-26,Frosinone Calcio,Atalanta BC,2,1,it.1,FALSE
2023-08-26,AC Monza,Empoli,2,0,it.1,FALSE
2023-08-26,Hellas Verona,AS Roma,2,1,it.1,FALSE
2023-08-26,AC Milan,Torino,4,1,it.1,FALSE
2023-08-26,SC Freiburg,SV Werder Bremen,1,0,de.1,FALSE
2023-08-26,1. FC Köln,VfL Wolfsburg,1,2,de.1,FALSE
2023-08-26,VfL Bochum 1848,Borussia Dortmund,1,1,de.1,FALSE
2023-08-26,1. FC Heidenheim 1846,TSG 1899 Hoffenheim,2,3,de.1,FALSE
2023-08-26,SV Darmstadt 98,1. FC Union Berlin,1,4,de.1,FALSE
2023-08-26,Borussia Mönchengladbach,Bayer 04 Leverkusen,0,3,de.1,FALSE
2023-08-27,Sheffield United,Manchester City,1,2,en.1,FALSE
2023-08-27,Burnley,Aston Villa,1,3,en.1,FALSE
2023-08-27,Newcastle United,Liverpool,1,2,en.1,FALSE
2023-08-27,Villarreal CF,FC Barcelona,3,4,es.1,FALSE
2023-08-27,Valencia CF,CA Osasuna,1,2,es.1,FALSE
2023-08-27,Athletic Club,Real Betis Balompié,4,2,es.1,FALSE
2023-08-27,ACF Fiorentina,US Lecce,2,2,it.1,FALSE
2023-08-27,Juventus,Bologna FC 1909,1,1,it.1,FALSE
2023-08-27,SS Lazio,Genoa CFC,0,1,it.1,FALSE
2023-08-27,SSC Napoli,US Sassuolo Calcio,2,0,it.1,FALSE
2023-08-27,1. FSV Mainz 05,Eintracht Frankfurt,1,1,de.1,FALSE
2023-08-27,FC Bayern München,FC Augsburg,3,1,de.1,FALSE
2023-08-28,Getafe CF,Deportivo Alavés,1,0,es.1,FALSE
2023-08-28,Rayo Vallecano de Madrid,Club Atlético de Madrid,0,7,es.1,FALSE
2023-08-28,US Salernitana 1919,Udinese Calcio,1,1,it.1,FALSE
2023-08-28,Cagliari Calcio,FC Internazionale Milano,0,2,it.1,FALSE
2023-09-01,Luton Town,West Ham United,1,2,en.1,FALSE
2023-09-01,Cádiz CF,Villarreal CF,3,1,es.1,FALSE
2023-09-01,UD Almería,RC Celta de Vigo,2,3,es.1,FALSE
2023-09-01,US Sassuolo Calcio,Hellas Verona,3,1,it.1,FALSE
2023-09-01,AS Roma,AC Milan,1,2,it.1,FALSE
2023-09-01,Borussia Dortmund,1. FC Heidenheim 1846,2,2,de.1,FALSE
2023-09-02,Sheffield United,Everton,2,2,en.1,FALSE
2023-09-02,Brentford,AFC Bournemouth,2,2,en.1,FALSE
2023-09-02,Burnley,Tottenham Hotspur,2,5,en.1,FALSE
2023-09-02,Chelsea,Nottingham Forest,0,1,en.1,FALSE
2023-09-02,Manchester City,Fulham,5,1,en.1,FALSE
2023-09-02,Brighton & Hove Albion,Newcastle United,3,1,en.1,FALSE
2023-09-02,Real Sociedad de Fútbol,Granada CF,5,3,es.1,FALSE
2023-09-02,Real Madrid CF,Getafe CF,2,1,es.1,FALSE
2023-09-02,Deportivo Alavés,Valencia CF,1,0,es.1,FALSE
2023-09-02,Real Betis Balompié,Rayo Vallecano de Madrid,1,0,es.1,FALSE
2023-09-02,Bologna FC 1909,Cagliari Calcio,2,1,it.1,FALSE
2023-09-02,Udinese Calcio,Frosinone Calcio,0,0,it.1,FALSE
2023-09-02,Atalanta BC,AC Monza,3,0,it.1,FALSE
2023-09-02,SSC Napoli,SS Lazio,1,2,it.1,FALSE
2023-09-02,Bayer 04 Leverkusen,SV Darmstadt 98,5,1,de.1,FALSE
2023-09-02,TSG 1899 Hoffenheim,VfL Wolfsburg,3,1,de.1,FALSE
2023-09-02,SV Werder Bremen,1. FSV Mainz 05,4,0,de.1,FALSE
2023-09-02,FC Augsburg,VfL Bochum 1848,2,2,de.1,FALSE
2023-09-02,VfB Stuttgart,SC Freiburg,5,0,de.1,FALSE
2023-09-02,Borussia Mönchengladbach,FC Bayern München,1,2,de.1,FALSE
2023-09-03,Crystal Palace,Wolverhampton Wanderers,3,2,en.1,FALSE
2023-09-03,Liverpool,Aston Villa,3,0,en.1,FALSE
2023-09-03,Arsenal,Manchester United,3,1,en.1,FALSE
2023-09-03,Girona,UD Las Palmas,1,0,es.1,FALSE
2023-09-03,RCD Mallorca,Athletic Club,0,0,es.1,FALSE
2023-09-03,CA Osasuna,FC Barcelona,1,2,es.1,FALSE
2023-09-03,FC Internazionale Milano,ACF Fiorentina,4,0,it.1,FALSE
2023-09-03,Torino,Genoa CFC,1,0,it.1,FALSE
2023-09-03,Empoli,Juventus,0,2,it.1,FALSE
2023-09-03,US Lecce,US Salernitana 1919,2,0,it.1,FALSE
2023-09-03,Eintracht Frankfurt,1. FC Köln,1,1,de.1,FALSE
2023-09-03,1. FC Union Berlin,RB Leipzig,0,3,de.1,FALSE
2023-09-15,Rayo Vallecano de Madrid,Deportivo Alavés,2,0,es.1,FALSE
2023-09-15,FC Bayern München,Bayer 04 Leverkusen,2,2,de.1,FALSE
2023-09-16,Wolverhampton Wanderers,Liverpool,1,3,en.1,FALSE
2023-09-16,Aston Villa,Crystal Palace,3,1,en.1,FALSE
2023-09-16,Fulham,Luton Town,1,0,en.1,FALSE
2023-09-16,Manchester United,Brighton & Hove Albion,1,3,en.1,FALSE
2023-09-16,Tottenham Hotspur,Sheffield United,2,1,en.1,FALSE
2023-09-16,West Ham United,Manchester City,1,3,en.1,FALSE
2023-09-16,Newcastle United,Brentford,1,0,en.1,FALSE
2023-09-16,Athletic Club,Cádiz CF,3,0,es.1,FALSE
2023-09-16,Valencia CF,Club Atlético de Madrid,3,0,es.1,FALSE
2023-09-16,RC Celta de Vigo,RCD Mallorca,0,1,es.1,FALSE
2023-09-16,FC Barcelona,Real Betis Balompié,5,0,es.1,FALSE
2023-09-16,Juventus,SS Lazio,3,1,it.1,FALSE
2023-09-16,FC Internazionale Milano,AC Milan,5,1,it.1,FALSE
2023-09-16,Genoa CFC,SSC Napoli,2,2,it.1,FALSE
2023-09-16,RB Leipzig,FC Augsburg,3,0,de.1,FALSE
2023-09-16,SC Freiburg,Borussia Dortmund,2,4,de.1,FALSE
2023-09-16,VfL Wolfsburg,1. FC Union Berlin,2,1,de.1,FALSE
2023-09-16,1. FSV Mainz 05,VfB Stuttgart,1,3,de.1,FALSE
2023-09-16,1. FC Köln,TSG 1899 Hoffenheim,1,3,de.1,FALSE
2023-09-16,VfL Bochum 1848,Eintracht Frankfurt,1,1,de.1,FALSE
2023-09-17,AFC Bournemouth,Chelsea,0,0,en.1,FALSE
2023-09-17,Everton,Arsenal,0,1,en.1,FALSE
2023-09-17,Getafe CF,CA Osasuna,3,2,es.1,FALSE
2023-09-17,Villarreal CF,UD Almería,2,1,es.1,FALSE
2023-09-17,Sevilla,UD Las Palmas,1,0,es.1,FALSE
2023-09-17,Real Madrid CF,Real Sociedad de Fútbol,2,1,es.1,FALSE
2023-09-17,Cagliari Calcio,Udinese Calcio,0,0,it.1,FALSE
2023-09-17,Frosinone Calcio,US Sassuolo Calcio,4,2,it.1,FALSE
2023-09-17,AC Monza,US Lecce,1,1,it.1,FALSE
2023-09-17,ACF Fiorentina,Atalanta BC,3,2,it.1,FALSE
2023-09-17,AS Roma,Empoli,7,0,it.1,FALSE
2023-09-17,1. FC Heidenheim 1846,SV Werder Bremen,4,2,de.1,FALSE
2023-09-17,SV Darmstadt 98,Borussia Mönchengladbach,3,3,de.1,FALSE
2023-09-18,Nottingham Forest,Burnley,1,1,en.1,FALSE
2023-09-18,Granada CF,Girona,2,4,es.1,FALSE
2023-09-18,US Salernitana 1919,Torino,0,3,it.1,FALSE
2023-09-18,Hellas Verona,Bologna FC 1909,0,0,it.1,FALSE
2023-09-22,Deportivo Alavés,Athletic Club,0,2,es.1,FALSE
2023-09-22,US Salernitana 1919,Frosinone Calcio,1,1,it.1,FALSE
2023-09-22,US Lecce,Genoa CFC,1,0,it.1,FALSE
2023-09-22,VfB Stuttgart,SV Darmstadt 98,3,1,de.1,FALSE
2023-09-23,Crystal Palace,Fulham,0,0,en.1,FALSE
2023-09-23,Luton Town,Wolverhampton Wanderers,1,1,en.1,FALSE
2023-09-23,Manchester City,Nottingham Forest,2,0,en.1,FALSE
2023-09-23,Brentford,Everton,1,3,en.1,FALSE
2023-09-23,Burnley,Manchester United,0,1,en.1,FALSE
2023-09-23,Girona,RCD Mallorca,5,3,es.1,FALSE
2023-09-23,CA Osasuna,Sevilla,0,0,es.1,FALSE
2023-09-23,FC Barcelona,RC Celta de Vigo,3,2,es.1,FALSE
2023-09-23,UD Almería,Valencia CF,2,2,es.1,FALSE
2023-09-23,AC Milan,Hellas Verona,1,0,it.1,FALSE
2023-09-23,US Sassuolo Calcio,Juventus,4,2,it.1,FALSE
2023-09-23,SS Lazio,AC Monza,1,1,it.1,FALSE
2023-09-23,FC Bayern München,VfL Bochum 1848,7,0,de.1,FALSE
2023-09-23,Borussia Dortmund,VfL Wolfsburg,1,0,de.1,FALSE
2023-09-23,1. FC Union Berlin,TSG 1899 Hoffenheim,0,2,de.1,FALSE
2023-09-23,Borussia Mönchengladbach,RB Leipzig,0,1,de.1,FALSE
2023-09-23,FC Augsburg,1. FSV Mainz 05,2,1,de.1,FALSE
2023-09-23,SV Werder Bremen,1. FC Köln,2,1,de.1,FALSE
2023-09-24,Arsenal,Tottenham Hotspur,2,2,en.1,FALSE
2023-09-24,Brighton & Hove Albion,AFC Bournemouth,3,1,en.1,FALSE
2023-09-24,Chelsea,Aston Villa,0,1,en.1,FALSE
2023-09-24,Liverpool,West Ham United,3,1,en.1,FALSE
2023-09-24,Sheffield United,Newcastle United,0,8,en.1,FALSE
2023-09-24,Real Sociedad de Fútbol,Getafe CF,4,3,es.1,FALSE
2023-09-24,Rayo Vallecano de Madrid,Villarreal CF,1,1,es.1,FALSE
2023-09-24,UD Las Palmas,Granada CF,1,0,es.1,FALSE
2023-09-24,Real Betis Balompié,Cádiz CF,1,1,es.1,FALSE
2023-09-24,Club Atlético de Madrid,Real Madrid CF,3,1,es.1,FALSE
2023-09-24,Empoli,FC Internazionale Milano,0,1,it.1,FALSE
2023-09-24,Atalanta BC,Cagliari Calcio,2,0,it.1,FALSE
2023-09-24,Udinese Calcio,ACF Fiorentina,0,2,it.1,FALSE
2023-09-24,Bologna FC 1909,SSC Napoli,0,0,it.1,FALSE
2023-09-24,Torino,AS Roma,1,1,it.1,FALSE
2023-09-24,Bayer 04 Leverkusen,1. FC Heidenheim 1846,4,1,de.1,FALSE
2023-09-24,Eintracht Frankfurt,SC Freiburg,0,0,de.1,FALSE
2023-09-26,Sevilla,UD Almería,5,1,es.1,FALSE
2023-09-26,RCD Mallorca,FC Barcelona,2,2,es.1,FALSE
2023-09-26,Juventus,US Lecce,1,0,it.1,FALSE
2023-09-27,Athletic Club,Getafe CF,2,2,es.1,FALSE
2023-09-27,Villarreal CF,Girona,1,2,es.1,FALSE
2023-09-27,Real Madrid CF,UD Las Palmas,2,0,es.1,FALSE
2023-09-27,Cádiz CF,Rayo Vallecano de Madrid,0,0,es.1,FALSE
2023-09-27,Valencia CF,Real Sociedad de Fútbol,0,1,es.1,FALSE
2023-09-27,Cagliari Calcio,AC Milan,1,3,it.1,FALSE
2023-09-27,Empoli,US Salernitana 1919,1,0,it.1,FALSE
2023-09-27,Hellas Verona,Atalanta BC,0,1,it.1,FALSE
2023-09-27,FC Internazionale Milano,US Sassuolo Calcio,1,2,it.1,FALSE
2023-09-27,SS Lazio,Torino,2,0,it.1,FALSE
2023-09-27,SSC Napoli,Udinese Calcio,4,1,it.1,FALSE
2023-09-28,RC Celta de Vigo,Deportivo Alavés,1,1,es.1,FALSE
2023-09-28,Granada CF,Real Betis Balompié,1,1,es.1,FALSE
2023-09-28,CA Osasuna,Club Atlético de Madrid,0,2,es.1,FALSE
2023-09-28,Frosinone Calcio,ACF Fiorentina,1,1,it.1,FALSE
2023-09-28,AC Monza,Bologna FC 1909,0,0,it.1,FALSE
2023-09-28,Genoa CFC,AS Roma,4,1,it.1,FALSE
2023-09-29,FC Barcelona,Sevilla,1,0,es.1,FALSE
2023-09-29,TSG 1899 Hoffenheim,Borussia Dortmund,1,3,de.1,FALSE
2023-09-30,Aston Villa,Brighton & Hove Albion,6,1,en.1,FALSE
2023-09-30,AFC Bournemouth,Arsenal,0,4,en.1,FALSE
2023-09-30,Everton,Luton Town,1,2,en.1,FALSE
2023-09-30,Manchester United,Crystal Palace,0,1,en.1,FALSE
2023-09-30,Newcastle United,Burnley,2,0,en.1,FALSE
2023-09-30,West Ham United,Sheffield United,2,0,en.1,FALSE
2023-09-30,Wolverhampton Wanderers,Manchester City,2,1,en.1,FALSE
2023-09-30,Tottenham Hotspur,Liverpool,2,1,en.1,FALSE
2023-09-30,Getafe CF,Villarreal CF,0,0,es.1,FALSE
2023-09-30,Rayo Vallecano de Madrid,RCD Mallorca,2,2,es.1,FALSE
2023-09-30,Girona,Real Madrid CF,0,3,es.1,FALSE
2023-09-30,Real Sociedad de Fútbol,Athletic Club,3,0,es.1,FALSE
2023-09-30,US Lecce,SSC Napoli,0,4,it.1,FALSE
2023-09-30,AC Milan,SS Lazio,2,0,it.1,FALSE
2023-09-30,US Salernitana 1919,FC Internazionale Milano,0,4,it.1,FALSE
2023-09-30,VfL Wolfsburg,Eintracht Frankfurt,2,0,de.1,FALSE
2023-09-30,1. FSV Mainz 05,Bayer 04 Leverkusen,0,3,de.1,FALSE
2023-09-30,1. FC Köln,VfB Stuttgart,0,2,de.1,FALSE
2023-09-30,VfL Bochum 1848,Borussia Mönchengladbach,1,3,de.1,FALSE
2023-09-30,1. FC Heidenheim 1846,1. FC Union Berlin,1,0,de.1,FALSE
2023-09-30,RB Leipzig,FC Bayern München,2,2,de.1,FALSE
2023-10-01,Nottingham Forest,Brentford,1,1,en.1,FALSE
2023-10-01,UD Almería,Granada CF,3,3,es.1,FALSE
2023-10-01,Deportivo Alavés,CA Osasuna,0,2,es.1,FALSE
2023-10-01,Club Atlético de Madrid,Cádiz CF,3,2,es.1,FALSE
2023-10-01,Real Betis Balompié,Valencia CF,3,0,es.1,FALSE
2023-10-01,Bologna FC 1909,Empoli,3,0,it.1,FALSE
2023-10-01,Udinese Calcio,Genoa CFC,2,2,it.1,FALSE
2023-10-01,Atalanta BC,Juventus,0,0,it.1,FALSE
2023-10-01,AS Roma,Frosinone Calcio,2,0,it.1,FALSE
2023-10-01,SV Darmstadt 98,SV Werder Bremen,4,2,de.1,FALSE
2023-10-01,SC Freiburg,FC Augsburg,2,0,de.1,FALSE
2023-10-02,Fulham,Chelsea,0,2,en.1,FALSE
2023-10-02,UD Las Palmas,RC Celta de Vigo,2,1,es.1,FALSE
2023-10-02,US Sassuolo Calcio,AC Monza,0,1,it.1,FALSE
2023-10-02,Torino,Hellas Verona,0,0,it.1,FALSE
2023-10-02,ACF Fiorentina,Cagliari Calcio,3,0,it.1,FALSE
2023-10-03,Luton Town,Burnley,1,2,en.1,FALSE
2023-10-06,Athletic Club,UD Almería,3,0,es.1,FALSE
2023-10-06,Empoli,Udinese Calcio,0,0,it.1,FALSE
2023-10-06,US Lecce,US Sassuolo Calcio,1,1,it.1,FALSE
2023-10-06,Borussia Mönchengladbach,1. FSV Mainz 05,2,2,de.1,FALSE
2023-10-07,Luton Town,Tottenham Hotspur,0,1,en.1,FALSE
2023-10-07,Burnley,Chelsea,1,4,en.1,FALSE
2023-10-07,Everton,AFC Bournemouth,3,0,en.1,FALSE
2023-10-07,Fulham,Sheffield United,3,1,en.1,FALSE
2023-10-07,Manchester United,Brentford,2,1,en.1,FALSE
2023-10-07,Crystal Palace,Nottingham Forest,0,0,en.1,FALSE
2023-10-07,Cádiz CF,Girona,0,1,es.1,FALSE
2023-10-07,Real Madrid CF,CA Osasuna,4,0,es.1,FALSE
2023-10-07,RCD Mallorca,Valencia CF,1,1,es.1,FALSE
2023-10-07,Sevilla,Rayo Vallecano de Madrid,2,2,es.1,FALSE
2023-10-07,FC Internazionale Milano,Bologna FC 1909,2,2,it.1,FALSE
2023-10-07,Juventus,Torino,2,0,it.1,FALSE
2023-10-07,Genoa CFC,AC Milan,0,1,it.1,FALSE
2023-10-07,Borussia Dortmund,1. FC Union Berlin,4,2,de.1,FALSE
2023-10-07,RB Leipzig,VfL Bochum 1848,0,0,de.1,FALSE
2023-10-07,FC Augsburg,SV Darmstadt 98,1,2,de.1,FALSE
2023-10-07,VfB Stuttgart,VfL Wolfsburg,3,1,de.1,FALSE
2023-10-07,SV Werder Bremen,TSG 1899 Hoffenheim,2,3,de.1,FALSE
2023-10-08,Brighton & Hove Albion,Liverpool,2,2,en.1,FALSE
2023-10-08,West Ham United,Newcastle United,2,2,en.1,FALSE
2023-10-08,Wolverhampton Wanderers,Aston Villa,1,1,en.1,FALSE
2023-10-08,Arsenal,Manchester City,1,0,en.1,FALSE
2023-10-08,Villarreal CF,UD Las Palmas,1,2,es.1,FALSE
2023-10-08,Club Atlético de Madrid,Real Sociedad de Fútbol,2,1,es.1,FALSE
2023-10-08,RC Celta de Vigo,Getafe CF,2,2,es.1,FALSE
2023-10-08,Deportivo Alavés,Real Betis Balompié,1,1,es.1,FALSE
2023-10-08,Granada CF,FC Barcelona,2,2,es.1,FALSE
2023-10-08,AC Monza,US Salernitana 1919,3,0,it.1,FALSE
2023-10-08,Frosinone Calcio,Hellas Verona,2,1,it.1,FALSE
2023-10-08,SS Lazio,Atalanta BC,3,2,it.1,FALSE
2023-10-08,Cagliari Calcio,AS Roma,1,4,it.1,FALSE
2023-10-08,SSC Napoli,ACF Fiorentina,1,3,it.1,FALSE
2023-10-08,Bayer 04 Leverkusen,1. FC Köln,3,0,de.1,FALSE
2023-10-08,FC Bayern München,SC Freiburg,3,0,de.1,FALSE
2023-10-08,Eintracht Frankfurt,1. FC Heidenheim 1846,2,0,de.1,FALSE
2023-10-20,CA Osasuna,Granada CF,2,0,es.1,FALSE
2023-10-20,Borussia Dortmund,SV Werder Bremen,1,0,de.1,FALSE
2023-10-21,Liverpool,Everton,2,0,en.1,FALSE
2023-10-21,AFC Bournemouth,Wolverhampton Wanderers,1,2,en.1,FALSE
2023-10-21,Brentford,Burnley,3,0,en.1,FALSE
2023-10-21,Manchester City,Brighton & Hove Albion,2,1,en.1,FALSE
2023-10-21,Newcastle United,Crystal Palace,4,0,en.1,FALSE
2023-10-21,Nottingham Forest,Luton Town,2,2,en.1,FALSE
2023-10-21,Chelsea,Arsenal,2,2,en.1,FALSE
2023-10-21,Sheffield United,Manchester United,1,2,en.1,FALSE
2023-10-21,Real Sociedad de Fútbol,RCD Mallorca,1,0,es.1,FALSE
2023-10-21,Getafe CF,Real Betis Balompié,1,1,es.1,FALSE
2023-10-21,Sevilla,Real Madrid CF,1,1,es.1,FALSE
2023-10-21,RC Celta de Vigo,Club Atlético de Madrid,0,3,es.1,FALSE
2023-10-21,Hellas Verona,SSC Napoli,1,3,it.1,FALSE
2023-10-21,Torino,FC Internazionale Milano,0,3,it.1,FALSE
2023-10-21,US Sassuolo Calcio,SS Lazio,0,2,it.1,FALSE
2023-10-21,TSG 1899 Hoffenheim,Eintracht Frankfurt,1,3,de.1,FALSE
2023-10-21,SV Darmstadt 98,RB Leipzig,1,3,de.1,FALSE
2023-10-21,1. FC Union Berlin,VfB Stuttgart,0,3,de.1,FALSE
2023-10-21,SC Freiburg,VfL Bochum 1848,2,1,de.1,FALSE
2023-10-21,VfL Wolfsburg,Bayer 04 Leverkusen,1,2,de.1,FALSE
2023-10-21,1. FSV Mainz 05,FC Bayern München,1,3,de.1,FALSE
2023-10-22,Aston Villa,West Ham United,4,1,en.1,FALSE
2023-10-22,UD Las Palmas,Rayo Vallecano de Madrid,0,1,es.1,FALSE
2023-10-22,Girona,UD Almería,5,2,es.1,FALSE
2023-10-22,Villarreal CF,Deportivo Alavés,1,1,es.1,FALSE
2023-10-22,FC Barcelona,Athletic Club,1,0,es.1,FALSE
2023-10-22,AS Roma,AC Monza,1,0,it.1,FALSE
2023-10-22,Bologna FC 1909,Frosinone Calcio,2,1,it.1,FALSE
2023-10-22,US Salernitana 1919,Cagliari Calcio,2,2,it.1,FALSE
2023-10-22,Atalanta BC,Genoa CFC,2,0,it.1,FALSE
2023-10-22,AC Milan,Juventus,0,1,it.1,FALSE
2023-10-22,1. FC Köln,Borussia Mönchengladbach,3,1,de.1,FALSE
2023-10-22,1. FC Heidenheim 1846,FC Augsburg,2,5,de.1,FALSE
2023-10-23,Tottenham Hotspur,Fulham,2,0,en.1,FALSE
2023-10-23,Valencia CF,Cádiz CF,2,0,es.1,FALSE
2023-10-23,Udinese Calcio,US Lecce,1,1,it.1,FALSE
2023-10-23,ACF Fiorentina,Empoli,0,2,it.1,FALSE
2023-10-27,Crystal Palace,Tottenham Hotspur,1,2,en.1,FALSE
2023-10-27,Girona,RC Celta de Vigo,1,0,es.1,FALSE
2023-10-27,Genoa CFC,US Salernitana 1919,1,0,it.1,FALSE
2023-10-27,VfL Bochum 1848,1. FSV Mainz 05,2,2,de.1,FALSE
2023-10-28,Chelsea,Brentford,0,2,en.1,FALSE
2023-10-28,AFC Bournemouth,Burnley,2,1,en.1,FALSE
2023-10-28,Arsenal,Sheffield United,5,0,en.1,FALSE
2023-10-28,Wolverhampton Wanderers,Newcastle United,2,2,en.1,FALSE
2023-10-28,UD Almería,UD Las Palmas,1,2,es.1,FALSE
2023-10-28,FC Barcelona,Real Madrid CF,1,2,es.1,FALSE
2023-10-28,RCD Mallorca,Getafe CF,0,0,es.1,FALSE
2023-10-28,Cádiz CF,Sevilla,2,2,es.1,FALSE
2023-10-28,US Sassuolo Calcio,Bologna FC 1909,1,1,it.1,FALSE
2023-10-28,US Lecce,Torino,0,1,it.1,FALSE
2023-10-28,Juventus,Hellas Verona,1,0,it.1,FALSE
2023-10-28,FC Bayern München,SV Darmstadt 98,8,0,de.1,FALSE
2023-10-28,Borussia Mönchengladbach,1. FC Heidenheim 1846,2,1,de.1,FALSE
2023-10-28,SV Werder Bremen,1. FC Union Berlin,2,0,de.1,FALSE
2023-10-28,FC Augsburg,VfL Wolfsburg,3,2,de.1,FALSE
2023-10-28,VfB Stuttgart,TSG 1899 Hoffenheim,2,3,de.1,FALSE
2023-10-28,RB Leipzig,1. FC Köln,6,0,de.1,FALSE
2023-10-29,West Ham United,Everton,0,1,en.1,FALSE
2023-10-29,Aston Villa,Luton Town,3,1,en.1,FALSE
2023-10-29,Brighton & Hove Albion,Fulham,1,1,en.1,FALSE
2023-10-29,Liverpool,Nottingham Forest,3,0,en.1,FALSE
2023-10-29,Manchester United,Manchester City,0,3,en.1,FALSE
2023-10-29,Real Betis Balompié,CA Osasuna,2,1,es.1,FALSE
2023-10-29,Rayo Vallecano de Madrid,Real Sociedad de Fútbol,2,2,es.1,FALSE
2023-10-29,Athletic Club,Valencia CF,2,2,es.1,FALSE
2023-10-29,Club Atlético de Madrid,Deportivo Alavés,2,1,es.1,FALSE
2023-10-29,Cagliari Calcio,Frosinone Calcio,4,3,it.1,FALSE
2023-10-29,AC Monza,Udinese Calcio,1,1,it.1,FALSE
2023-10-29,FC Internazionale Milano,AS Roma,1,0,it.1,FALSE
2023-10-29,SSC Napoli,AC Milan,2,2,it.1,FALSE
2023-10-29,Eintracht Frankfurt,Borussia Dortmund,3,3,de.1,FALSE
2023-10-29,Bayer 04 Leverkusen,SC Freiburg,2,1,de.1,FALSE
2023-10-30,Granada CF,Villarreal CF,2,3,es.1,FALSE
2023-10-30,Empoli,Atalanta BC,0,3,it.1,FALSE
2023-10-30,SS Lazio,ACF Fiorentina,1,0,it.1,FALSE
2023-11-03,UD Las Palmas,Club Atlético de Madrid,2,1,es.1,FALSE
2023-11-03,Bologna FC 1909,SS Lazio,1,0,it.1,FALSE
2023-11-03,SV Darmstadt 98,VfL Bochum 1848,1,2,de.1,FALSE
2023-11-04,Fulham,Manchester United,0,1,en.1,FALSE
2023-11-04,Brentford,West Ham United,3,2,en.1,FALSE
2023-11-04,Burnley,Crystal Palace,0,2,en.1,FALSE
2023-11-04,Everton,Brighton & Hove Albion,1,1,en.1,FALSE
2023-11-04,Manchester City,AFC Bournemouth,6,1,en.1,FALSE
2023-11-04,Sheffield United,Wolverhampton Wanderers,2,1,en.1,FALSE
2023-11-04,Newcastle United,Arsenal,1,0,en.1,FALSE
2023-11-04,CA Osasuna,Girona,2,4,es.1,FALSE
2023-11-04,Real Betis Balompié,RCD Mallorca,2,0,es.1,FALSE
2023-11-04,RC Celta de Vigo,Sevilla,1,1,es.1,FALSE
2023-11-04,Real Sociedad de Fútbol,FC Barcelona,0,1,es.1,FALSE
2023-11-04,US Salernitana 1919,SSC Napoli,0,2,it.1,FALSE
2023-11-04,Atalanta BC,FC Internazionale Milano,1,2,it.1,FALSE
2023-11-04,AC Milan,Udinese Calcio,0,1,it.1,FALSE
2023-11-04,1. FC Union Berlin,Eintracht Frankfurt,0,3,de.1,FALSE
2023-11-04,SC Freiburg,Borussia Mönchengladbach,3,3,de.1,FALSE
2023-11-04,1. FSV Mainz 05,RB Leipzig,2,0,de.1,FALSE
2023-11-04,1. FC Köln,FC Augsburg,1,1,de.1,FALSE
2023-11-04,TSG 1899 Hoffenheim,Bayer 04 Leverkusen,2,3,de.1,FALSE
2023-11-04,Borussia Dortmund,FC Bayern München,0,4,de.1,FALSE
2023-11-05,Nottingham Forest,Aston Villa,2,0,en.1,FALSE
2023-11-05,Luton Town,Liverpool,1,1,en.1,FALSE
2023-11-05,Deportivo Alavés,UD Almería,1,0,es.1,FALSE
2023-11-05,Valencia CF,Granada CF,1,0,es.1,FALSE
2023-11-05,Villarreal CF,Athletic Club,2,3,es.1,FALSE
2023-11-05,Real Madrid CF,Rayo Vallecano de Madrid,0,0,es.1,FALSE
2023-11-05,Hellas Verona,AC Monza,1,3,it.1,FALSE
2023-11-05,Cagliari Calcio,Genoa CFC,2,1,it.1,FALSE
2023-11-05,AS Roma,US Lecce,2,1,it.1,FALSE
2023-11-05,ACF Fiorentina,Juventus,0,1,it.1,FALSE
2023-11-05,VfL Wolfsburg,SV Werder Bremen,2,2,de.1,FALSE
2023-11-05,1. FC Heidenheim 1846,VfB Stuttgart,2,0,de.1,FALSE
2023-11-06,Tottenham Hotspur,Chelsea,1,4,en.1,FALSE
2023-11-06,Getafe CF,Cádiz CF,1,0,es.1,FALSE
2023-11-06,Frosinone Calcio,Empoli,2,1,it.1,FALSE
2023-11-06,Torino,US Sassuolo Calcio,2,1,it.1,FALSE
2023-11-10,Athletic Club,RC Celta de Vigo,4,3,es.1,FALSE
2023-11-10,US Sassuolo Calcio,US Salernitana 1919,2,2,it.1,FALSE
2023-11-10,Genoa CFC,Hellas Verona,1,0,it.1,FALSE
2023-11-10,Borussia Mönchengladbach,VfL Wolfsburg,4,0,de.1,FALSE
2023-11-11,Wolverhampton Wanderers,Tottenham Hotspur,2,1,en.1,FALSE
2023-11-11,Arsenal,Burnley,3,1,en.1,FALSE
2023-11-11,Crystal Palace,Everton,2,3,en.1,FALSE
2023-11-11,Manchester United,Luton Town,1,0,en.1,FALSE
2023-11-11,AFC Bournemouth,Newcastle United,2,0,en.1,FALSE
2023-11-11,Rayo Vallecano de Madrid,Girona,1,2,es.1,FALSE
2023-11-11,UD Almería,Real Sociedad de Fútbol,1,3,es.1,FALSE
2023-11-11,CA Osasuna,UD Las Palmas,1,1,es.1,FALSE
2023-11-11,Granada CF,Getafe CF,1,1,es.1,FALSE
2023-11-11,Real Madrid CF,Valencia CF,5,1,es.1,FALSE
2023-11-11,US Lecce,AC Milan,2,2,it.1,FALSE
2023-11-11,Juventus,Cagliari Calcio,2,1,it.1,FALSE
2023-11-11,AC Monza,Torino,1,1,it.1,FALSE
2023-11-11,FC Bayern München,1. FC Heidenheim 1846,4,2,de.1,FALSE
2023-11-11,FC Augsburg,TSG 1899 Hoffenheim,1,1,de.1,FALSE
2023-11-11,VfB Stuttgart,Borussia Dortmund,2,1,de.1,FALSE
2023-11-11,SV Darmstadt 98,1. FSV Mainz 05,0,0,de.1,FALSE
2023-11-11,VfL Bochum 1848,1. FC Köln,1,1,de.1,FALSE
2023-11-12,Aston Villa,Fulham,3,1,en.1,FALSE
2023-11-12,Brighton & Hove Albion,Sheffield United,1,1,en.1,FALSE
2023-11-12,Liverpool,Brentford,3,0,en.1,FALSE
2023-11-12,West Ham United,Nottingham Forest,3,2,en.1,FALSE
2023-11-12,Chelsea,Manchester City,4,4,en.1,FALSE
2023-11-12,FC Barcelona,Deportivo Alavés,2,1,es.1,FALSE
2023-11-12,Sevilla,Real Betis Balompié,1,1,es.1,FALSE
2023-11-12,Club Atlético de Madrid,Villarreal CF,3,1,es.1,FALSE
2023-11-12,SSC Napoli,Empoli,0,1,it.1,FALSE
2023-11-12,ACF Fiorentina,Bologna FC 1909,2,1,it.1,FALSE
2023-11-12,Udinese Calcio,Atalanta BC,1,1,it.1,FALSE
2023-11-12,SS Lazio,AS Roma,0,0,it.1,FALSE
2023-11-12,FC Internazionale Milano,Frosinone Calcio,2,0,it.1,FALSE
2023-11-12,Bayer 04 Leverkusen,1. FC Union Berlin,4,0,de.1,FALSE
2023-11-12,SV Werder Bremen,Eintracht Frankfurt,2,2,de.1,FALSE
2023-11-12,RB Leipzig,SC Freiburg,3,1,de.1,FALSE
2023-11-24,Deportivo Alavés,Granada CF,3,1,es.1,FALSE
2023-11-24,1. FC Köln,FC Bayern München,0,1,de.1,FALSE
2023-11-25,Manchester City,Liverpool,1,1,en.1,FALSE
2023-11-25,Burnley,West Ham United,1,2,en.1,FALSE
2023-11-25,Luton Town,Crystal Palace,2,1,en.1,FALSE
2023-11-25,Newcastle United,Chelsea,4,1,en.1,FALSE
2023-11-25,Nottingham Forest,Brighton & Hove Albion,2,3,en.1,FALSE
2023-11-25,Sheffield United,AFC Bournemouth,1,3,en.1,FALSE
2023-11-25,Brentford,Arsenal,0,1,en.1,FALSE
2023-11-25,Rayo Vallecano de Madrid,FC Barcelona,1,1,es.1,FALSE
2023-11-25,Valencia CF,RC Celta de Vigo,0,0,es.1,FALSE
2023-11-25,Getafe CF,UD Almería,2,1,es.1,FALSE
2023-11-25,Club Atlético de Madrid,RCD Mallorca,1,0,es.1,FALSE
2023-11-25,US Salernitana 1919,SS Lazio,2,1,it.1,FALSE
2023-11-25,Atalanta BC,SSC Napoli,1,2,it.1,FALSE
2023-11-25,AC Milan,ACF Fiorentina,1,0,it.1,FALSE
2023-11-25,Borussia Dortmund,Borussia Mönchengladbach,4,2,de.1,FALSE
2023-11-25,1. FC Union Berlin,FC Augsburg,1,1,de.1,FALSE
2023-11-25,SC Freiburg,SV Darmstadt 98,1,1,de.1,FALSE
2023-11-25,VfL Wolfsburg,RB Leipzig,2,1,de.1,FALSE
2023-11-25,SV Werder Bremen,Bayer 04 Leverkusen,0,3,de.1,FALSE
2023-11-25,Eintracht Frankfurt,VfB Stuttgart,1,2,de.1,FALSE
2023-11-26,Tottenham Hotspur,Aston Villa,1,2,en.1,FALSE
2023-11-26,Everton,Manchester United,0,3,en.1,FALSE
2023-11-26,Villarreal CF,CA Osasuna,3,1,es.1,FALSE
2023-11-26,Real Sociedad de Fútbol,Sevilla,2,1,es.1,FALSE
2023-11-26,Cádiz CF,Real Madrid CF,0,3,es.1,FALSE
2023-11-26,Real Betis Balompié,UD Las Palmas,1,0,es.1,FALSE
2023-11-26,Cagliari Calcio,AC Monza,1,1,it.1,FALSE
2023-11-26,Empoli,US Sassuolo Calcio,3,4,it.1,FALSE
2023-11-26,Frosinone Calcio,Genoa CFC,2,1,it.1,FALSE
2023-11-26,AS Roma,Udinese Calcio,3,1,it.1,FALSE
2023-11-26,Juventus,FC Internazionale Milano,1,1,it.1,FALSE
2023-11-26,1. FC Heidenheim 1846,VfL Bochum 1848,0,0,de.1,FALSE
2023-11-26,TSG 1899 Hoffenheim,1. FSV Mainz 05,1,1,de.1,FALSE
2023-11-27,Fulham,Wolverhampton Wanderers,3,2,en.1,FALSE
2023-11-27,Girona,Athletic Club,1,1,es.1,FALSE
2023-11-27,Hellas Verona,US Lecce,2,2,it.1,FALSE
2023-11-27,Bologna FC 1909,Torino,2,0,it.1,FALSE
2023-11-29,RCD Mallorca,Cádiz CF,1,1,es.1,FALSE
2023-12-01,UD Las Palmas,Getafe CF,2,0,es.1,FALSE
2023-12-01,AC Monza,Juventus,1,2,it.1,FALSE
2023-12-01,SV Darmstadt 98,1. FC Köln,0,1,de.1,FALSE
2023-12-02,Arsenal,Wolverhampton Wanderers,2,1,en.1,FALSE
2023-12-02,Brentford,Luton Town,3,1,en.1,FALSE
2023-12-02,Burnley,Sheffield United,5,0,en.1,FALSE
2023-12-02,Nottingham Forest,Everton,0,1,en.1,FALSE
2023-12-02,Newcastle United,Manchester United,1,0,en.1,FALSE
2023-12-02,Girona,Valencia CF,2,1,es.1,FALSE
2023-12-02,Athletic Club,Rayo Vallecano de Madrid,4,0,es.1,FALSE
2023-12-02,Real Madrid CF,Granada CF,2,0,es.1,FALSE
2023-12-02,CA Osasuna,Real Sociedad de Fútbol,1,1,es.1,FALSE
2023-12-02,Genoa CFC,Empoli,1,1,it.1,FALSE
2023-12-02,SS Lazio,Cagliari Calcio,1,0,it.1,FALSE
2023-12-02,AC Milan,Frosinone Calcio,3,1,it.1,FALSE
2023-12-02,RB Leipzig,1. FC Heidenheim 1846,2,1,de.1,FALSE
2023-12-02,Borussia Mönchengladbach,TSG 1899 Hoffenheim,2,1,de.1,FALSE
2023-12-02,VfL Bochum 1848,VfL Wolfsburg,3,1,de.1,FALSE
2023-12-02,VfB Stuttgart,SV Werder Bremen,2,0,de.1,FALSE
2023-12-03,AFC Bournemouth,Aston Villa,2,2,en.1,FALSE
2023-12-03,Chelsea,Brighton & Hove Albion,3,2,en.1,FALSE
2023-12-03,Liverpool,Fulham,4,3,en.1,FALSE
2023-12-03,West Ham United,Crystal Palace,1,1,en.1,FALSE
2023-12-03,Manchester City,Tottenham Hotspur,3,3,en.1,FALSE
2023-12-03,RCD Mallorca,Deportivo Alavés,0,0,es.1,FALSE
2023-12-03,UD Almería,Real Betis Balompié,0,0,es.1,FALSE
2023-12-03,Sevilla,Villarreal CF,1,1,es.1,FALSE
2023-12-03,FC Barcelona,Club Atlético de Madrid,1,0,es.1,FALSE
2023-12-03,US Lecce,Bologna FC 1909,1,1,it.1,FALSE
2023-12-03,ACF Fiorentina,US Salernitana 1919,3,0,it.1,FALSE
2023-12-03,Udinese Calcio,Hellas Verona,3,3,it.1,FALSE
2023-12-03,US Sassuolo Calcio,AS Roma,1,2,it.1,FALSE
2023-12-03,SSC Napoli,FC Internazionale Milano,0,3,it.1,FALSE
2023-12-03,1. FSV Mainz 05,SC Freiburg,0,1,de.1,FALSE
2023-12-03,Bayer 04 Leverkusen,Borussia Dortmund,1,1,de.1,FALSE
2023-12-03,FC Augsburg,Eintracht Frankfurt,2,1,de.1,FALSE
2023-12-04,RC Celta de Vigo,Cádiz CF,1,1,es.1,FALSE
2023-12-04,Torino,Atalanta BC,3,0,it.1,FALSE
2023-12-05,Wolverhampton Wanderers,Burnley,1,0,en.1,FALSE
2023-12-05,Luton Town,Arsenal,3,4,en.1,FALSE
2023-12-06,Brighton & Hove Albion,Brentford,2,1,en.1,FALSE
2023-12-06,Fulham,Nottingham Forest,5,0,en.1,FALSE
2023-12-06,Sheffield United,Liverpool,0,2,en.1,FALSE
2023-12-06,Crystal Palace,AFC Bournemouth,0,2,en.1,FALSE
2023-12-06,Aston Villa,Manchester City,1,0,en.1,FALSE
2023-12-06,Manchester United,Chelsea,2,1,en.1,FALSE
2023-12-07,Everton,Newcastle United,3,0,en.1,FALSE
2023-12-07,Tottenham Hotspur,West Ham United,1,2,en.1,FALSE
2023-12-08,Getafe CF,Valencia CF,1,0,es.1,FALSE
2023-12-08,Juventus,SSC Napoli,1,0,it.1,FALSE
2023-12-08,TSG 1899 Hoffenheim,VfL Bochum 1848,3,1,de.1,FALSE
2023-12-09,Crystal Palace,Liverpool,1,2,en.1,FALSE
2023-12-09,Brighton & Hove Albion,Burnley,1,1,en.1,FALSE
2023-12-09,Manchester United,AFC Bournemouth,0,3,en.1,FALSE
2023-12-09,Sheffield United,Brentford,1,0,en.1,FALSE
2023-12-09,Wolverhampton Wanderers,Nottingham Forest,1,1,en.1,FALSE
2023-12-09,Aston Villa,Arsenal,1,0,en.1,FALSE
2023-12-09,Deportivo Alavés,UD Las Palmas,0,1,es.1,FALSE
2023-12-09,Real Betis Balompié,Real Madrid CF,1,1,es.1,FALSE
2023-12-09,Villarreal CF,Real Sociedad de Fútbol,0,3,es.1,FALSE
2023-12-09,RCD Mallorca,Sevilla,1,0,es.1,FALSE
2023-12-09,Hellas Verona,SS Lazio,1,1,it.1,FALSE
2023-12-09,Atalanta BC,AC Milan,3,2,it.1,FALSE
2023-12-09,FC Internazionale Milano,Udinese Calcio,4,0,it.1,FALSE
2023-12-09,1. FC Union Berlin,Borussia Mönchengladbach,3,1,de.1,FALSE
2023-12-09,Eintracht Frankfurt,FC Bayern München,5,1,de.1,FALSE
2023-12-09,VfL Wolfsburg,SC Freiburg,0,1,de.1,FALSE
2023-12-09,SV Werder Bremen,FC Augsburg,2,0,de.1,FALSE
2023-12-09,1. FC Heidenheim 1846,SV Darmstadt 98,3,2,de.1,FALSE
2023-12-09,Borussia Dortmund,RB Leipzig,2,3,de.1,FALSE
2023-12-10,Everton,Chelsea,2,0,en.1,FALSE
2023-12-10,Fulham,West Ham United,5,0,en.1,FALSE
2023-12-10,Luton Town,Manchester City,1,2,en.1,FALSE
2023-12-10,Tottenham Hotspur,Newcastle United,4,1,en.1,FALSE
2023-12-10,Club Atlético de Madrid,UD Almería,2,1,es.1,FALSE
2023-12-10,Cádiz CF,CA Osasuna,1,1,es.1,FALSE
2023-12-10,FC Barcelona,Girona,2,4,es.1,FALSE
2023-12-10,Frosinone Calcio,Torino,0,0,it.1,FALSE
2023-12-10,AC Monza,Genoa CFC,1,0,it.1,FALSE
2023-12-10,US Salernitana 1919,Bologna FC 1909,1,2,it.1,FALSE
2023-12-10,AS Roma,ACF Fiorentina,1,1,it.1,FALSE
2023-12-10,VfB Stuttgart,Bayer 04 Leverkusen,1,1,de.1,FALSE
2023-12-10,1. FC Köln,1. FSV Mainz 05,0,0,de.1,FALSE
2023-12-11,Granada CF,Athletic Club,1,1,es.1,FALSE
2023-12-11,Rayo Vallecano de Madrid,RC Celta de Vigo,0,0,es.1,FALSE
2023-12-11,Empoli,US Lecce,1,1,it.1,FALSE
2023-12-11,Cagliari Calcio,US Sassuolo Calcio,2,1,it.1,FALSE
2023-12-15,Nottingham Forest,Tottenham Hotspur,0,2,en.1,FALSE
2023-12-15,CA Osasuna,Rayo Vallecano de Madrid,1,0,es.1,FALSE
2023-12-15,Genoa CFC,Juventus,1,1,it.1,FALSE
2023-12-15,Borussia Mönchengladbach,SV Werder Bremen,2,2,de.1,FALSE
2023-12-16,Chelsea,Sheffield United,2,0,en.1,FALSE
2023-12-16,Manchester City,Crystal Palace,2,2,en.1,FALSE
2023-12-16,Newcastle United,Fulham,3,0,en.1,FALSE
2023-12-16,Burnley,Everton,0,2,en.1,FALSE
2023-12-16,RC Celta de Vigo,Granada CF,1,0,es.1,FALSE
2023-12-16,Athletic Club,Club Atlético de Madrid,2,0,es.1,FALSE
2023-12-16,Sevilla,Getafe CF,0,3,es.1,FALSE
2023-12-16,Valencia CF,FC Barcelona,1,1,es.1,FALSE
2023-12-16,US Lecce,Frosinone Calcio,2,1,it.1,FALSE
2023-12-16,SSC Napoli,Cagliari Calcio,2,1,it.1,FALSE
2023-12-16,Torino,Empoli,1,0,it.1,FALSE
2023-12-16,1. FSV Mainz 05,1. FC Heidenheim 1846,0,1,de.1,FALSE
2023-12-16,VfL Bochum 1848,1. FC Union Berlin,3,0,de.1,FALSE
2023-12-16,FC Augsburg,Borussia Dortmund,1,1,de.1,FALSE
2023-12-16,SV Darmstadt 98,VfL Wolfsburg,0,1,de.1,FALSE
2023-12-16,RB Leipzig,TSG 1899 Hoffenheim,3,1,de.1,FALSE
2023-12-17,Arsenal,Brighton & Hove Albion,2,0,en.1,FALSE
2023-12-17,Brentford,Aston Villa,1,2,en.1,FALSE
2023-12-17,West Ham United,Wolverhampton Wanderers,3,0,en.1,FALSE
2023-12-17,Liverpool,Manchester United,0,0,en.1,FALSE
2023-12-17,UD Almería,RCD Mallorca,0,0,es.1,FALSE
2023-12-17,Real Sociedad de Fútbol,Real Betis Balompié,0,0,es.1,FALSE
2023-12-17,UD Las Palmas,Cádiz CF,1,1,es.1,FALSE
2023-12-17,Real Madrid CF,Villarreal CF,4,1,es.1,FALSE
2023-12-17,AC Milan,AC Monza,3,0,it.1,FALSE
2023-12-17,ACF Fiorentina,Hellas Verona,1,0,it.1,FALSE
2023-12-17,Udinese Calcio,US Sassuolo Calcio,2,2,it.1,FALSE
2023-12-17,Bologna FC 1909,AS Roma,2,0,it.1,FALSE
2023-12-17,SS Lazio,FC Internazionale Milano,0,2,it.1,FALSE
2023-12-17,SC Freiburg,1. FC Köln,2,0,de.1,FALSE
2023-12-17,Bayer 04 Leverkusen,Eintracht Frankfurt,3,0,de.1,FALSE
2023-12-17,FC Bayern München,VfB Stuttgart,3,0,de.1,FALSE
2023-12-18,Girona,Deportivo Alavés,3,0,es.1,FALSE
2023-12-18,Atalanta BC,US Salernitana 1919,4,1,it.1,FALSE
2023-12-19,Rayo Vallecano de Madrid,Valencia CF,0,1,es.1,FALSE
2023-12-19,Club Atlético de Madrid,Getafe CF,3,3,es.1,FALSE
2023-12-19,Granada CF,Sevilla,0,3,es.1,FALSE
2023-12-19,SV Werder Bremen,RB Leipzig,1,1,de.1,FALSE
2023-12-19,Borussia Dortmund,1. FSV Mainz 05,1,1,de.1,FALSE
2023-12-19,TSG 1899 Hoffenheim,SV Darmstadt 98,3,3,de.1,FALSE
2023-12-20,FC Barcelona,UD Almería,3,2,es.1,FALSE
2023-12-20,Athletic Club,UD Las Palmas,1,0,es.1,FALSE
2023-12-20,Villarreal CF,RC Celta de Vigo,3,2,es.1,FALSE
2023-12-20,1. FC Union Berlin,1. FC Köln,2,0,de.1,FALSE
2023-12-20,Bayer 04 Leverkusen,VfL Bochum 1848,4,0,de.1,FALSE
2023-12-20,Eintracht Frankfurt,Borussia Mönchengladbach,2,1,de.1,FALSE
2023-12-20,VfL Wolfsburg,FC Bayern München,1,2,de.1,FALSE
2023-12-20,VfB Stuttgart,FC Augsburg,3,0,de.1,FALSE
2023-12-20,1. FC Heidenheim 1846,SC Freiburg,3,2,de.1,FALSE
2023-12-21,Crystal Palace,Brighton & Hove Albion,1,1,en.1,FALSE
2023-12-21,Real Betis Balompié,Girona,1,1,es.1,FALSE
2023-12-21,Cádiz CF,Real Sociedad de Fútbol,0,0,es.1,FALSE
2023-12-21,Deportivo Alavés,Real Madrid CF,0,1,es.1,FALSE
2023-12-21,RCD Mallorca,CA Osasuna,3,2,es.1,FALSE
2023-12-22,Aston Villa,Sheffield United,1,1,en.1,FALSE
2023-12-22,US Sassuolo Calcio,Genoa CFC,1,2,it.1,FALSE
2023-12-22,Empoli,SS Lazio,0,2,it.1,FALSE
2023-12-22,AC Monza,ACF Fiorentina,0,1,it.1,FALSE
2023-12-22,US Salernitana 1919,AC Milan,2,2,it.1,FALSE
2023-12-23,West Ham United,Manchester United,2,0,en.1,FALSE
2023-12-23,Fulham,Burnley,0,2,en.1,FALSE
2023-12-23,Luton Town,Newcastle United,1,0,en.1,FALSE
2023-12-23,Nottingham Forest,AFC Bournemouth,2,3,en.1,FALSE
2023-12-23,Tottenham Hotspur,Everton,2,1,en.1,FALSE
2023-12-23,Liverpool,Arsenal,1,1,en.1,FALSE
2023-12-23,Club Atlético de Madrid,Sevilla,1,0,es.1,FALSE
2023-12-23,Frosinone Calcio,Juventus,1,2,it.1,FALSE
2023-12-23,Torino,Udinese Calcio,1,1,it.1,FALSE
2023-12-23,Bologna FC 1909,Atalanta BC,1,0,it.1,FALSE
2023-12-23,Hellas Verona,Cagliari Calcio,2,0,it.1,FALSE
2023-12-23,FC Internazionale Milano,US Lecce,2,0,it.1,FALSE
2023-12-23,AS Roma,SSC Napoli,2,0,it.1,FALSE
2023-12-24,Wolverhampton Wanderers,Chelsea,2,1,en.1,FALSE
2023-12-26,Newcastle United,Nottingham Forest,1,3,en.1,FALSE
2023-12-26,AFC Bournemouth,Fulham,3,0,en.1,FALSE
2023-12-26,Sheffield United,Luton Town,2,3,en.1,FALSE
2023-12-26,Burnley,Liverpool,0,2,en.1,FALSE
2023-12-26,Manchester United,Aston Villa,3,2,en.1,FALSE
2023-12-27,Brentford,Wolverhampton Wanderers,1,4,en.1,FALSE
2023-12-27,Chelsea,Crystal Palace,2,1,en.1,FALSE
2023-12-27,Everton,Manchester City,1,3,en.1,FALSE
2023-12-28,Brighton & Hove Albion,Tottenham Hotspur,4,2,en.1,FALSE
2023-12-28,Arsenal,West Ham United,0,2,en.1,FALSE
2023-12-29,ACF Fiorentina,Torino,1,0,it.1,FALSE
2023-12-29,SSC Napoli,AC Monza,0,0,it.1,FALSE
2023-12-29,Genoa CFC,FC Internazionale Milano,1,1,it.1,FALSE
2023-12-29,SS Lazio,Frosinone Calcio,3,1,it.1,FALSE
2023-12-30,Luton Town,Chelsea,2,3,en.1,FALSE
2023-12-30,Aston Villa,Burnley,3,2,en.1,FALSE
2023-12-30,Crystal Palace,Brentford,3,1,en.1,FALSE
2023-12-30,Manchester City,Sheffield United,2,0,en.1,FALSE
2023-12-30,Wolverhampton Wanderers,Everton,3,0,en.1,FALSE
2023-12-30,Nottingham Forest,Manchester United,2,1,en.1,FALSE
2023-12-30,Atalanta BC,US Lecce,1,0,it.1,FALSE
2023-12-30,Cagliari Calcio,Empoli,0,0,it.1,FALSE
2023-12-30,Udinese Calcio,Bologna FC 1909,3,0,it.1,FALSE
2023-12-30,Hellas Verona,US Salernitana 1919,0,1,it.1,FALSE
2023-12-30,AC Milan,US Sassuolo Calcio,1,0,it.1,FALSE
2023-12-30,Juventus,AS Roma,1,0,it.1,FALSE
2023-12-31,Fulham,Arsenal,2,1,en.1,FALSE
2023-12-31,Tottenham Hotspur,AFC Bournemouth,3,1,en.1,FALSE
2024-01-01,Liverpool,Newcastle United,4,2,en.1,FALSE
2024-01-02,West Ham United,Brighton & Hove Albion,0,0,en.1,FALSE
2024-01-02,Getafe CF,Rayo Vallecano de Madrid,0,2,es.1,FALSE
2024-01-02,Real Sociedad de Fútbol,Deportivo Alavés,1,1,es.1,FALSE
2024-01-02,Valencia CF,Villarreal CF,3,1,es.1,FALSE
2024-01-03,Granada CF,Cádiz CF,2,0,es.1,FALSE
2024-01-03,RC Celta de Vigo,Real Betis Balompié,2,1,es.1,FALSE
2024-01-03,Real Madrid CF,RCD Mallorca,1,0,es.1,FALSE
2024-01-03,Girona,Club Atlético de Madrid,4,3,es.1,FALSE
2024-01-04,CA Osasuna,UD Almería,1,0,es.1,FALSE
2024-01-04,Sevilla,Athletic Club,0,2,es.1,FALSE
2024-01-04,UD Las Palmas,FC Barcelona,1,2,es.1,FALSE
2024-01-05,Bologna FC 1909,Genoa CFC,1,1,it.1,FALSE
2024-01-06,FC Internazionale Milano,Hellas Verona,2,1,it.1,FALSE
2024-01-06,Frosinone Calcio,AC Monza,2,3,it.1,FALSE
2024-01-06,US Lecce,Cagliari Calcio,1,1,it.1,FALSE
2024-01-06,US Sassuolo Calcio,ACF Fiorentina,1,0,it.1,FALSE
2024-01-07,Empoli,AC Milan,0,3,it.1,FALSE
2024-01-07,Torino,SSC Napoli,3,0,it.1,FALSE
2024-01-07,Udinese Calcio,SS Lazio,1,2,it.1,FALSE
2024-01-07,US Salernitana 1919,Juventus,1,2,it.1,FALSE
2024-01-07,AS Roma,Atalanta BC,1,1,it.1,FALSE
2024-01-12,Burnley,Luton Town,1,1,en.1,FALSE
2024-01-12,Sevilla,Deportivo Alavés,2,3,es.1,FALSE
2024-01-12,FC Bayern München,TSG 1899 Hoffenheim,3,0,de.1,FALSE
2024-01-13,Chelsea,Fulham,1,0,en.1,FALSE
2024-01-13,Newcastle United,Manchester City,2,3,en.1,FALSE
2024-01-13,UD Las Palmas,Villarreal CF,3,0,es.1,FALSE
2024-01-13,RCD Mallorca,RC Celta de Vigo,1,1,es.1,FALSE
2024-01-13,Athletic Club,Real Sociedad de Fútbol,2,1,es.1,FALSE
2024-01-13,Real Betis Balompié,Granada CF,1,0,es.1,FALSE
2024-01-13,Genoa CFC,Torino,0,0,it.1,FALSE
2024-01-13,SSC Napoli,US Salernitana 1919,2,1,it.1,FALSE
2024-01-13,Hellas Verona,Empoli,2,1,it.1,FALSE
2024-01-13,AC Monza,FC Internazionale Milano,1,5,it.1,FALSE
2024-01-13,RB Leipzig,Eintracht Frankfurt,0,1,de.1,FALSE
2024-01-13,SC Freiburg,1. FC Union Berlin,0,0,de.1,FALSE
2024-01-13,1. FSV Mainz 05,VfL Wolfsburg,1,1,de.1,FALSE
2024-01-13,1. FC Köln,1. FC Heidenheim 1846,1,1,de.1,FALSE
2024-01-13,FC Augsburg,Bayer 04 Leverkusen,0,1,de.1,FALSE
2024-01-13,SV Darmstadt 98,Borussia Dortmund,0,3,de.1,FALSE
2024-01-14,Everton,Aston Villa,0,0,en.1,FALSE
2024-01-14,Manchester United,Tottenham Hotspur,2,2,en.1,FALSE
2024-01-14,UD Almería,Girona,0,0,es.1,FALSE
2024-01-14,Cádiz CF,Valencia CF,1,4,es.1,FALSE
2024-01-14,SS Lazio,US Lecce,1,0,it.1,FALSE
2024-01-14,Cagliari Calcio,Bologna FC 1909,2,1,it.1,FALSE
2024-01-14,ACF Fiorentina,Udinese Calcio,2,2,it.1,FALSE
2024-01-14,AC Milan,AS Roma,3,1,it.1,FALSE
2024-01-14,VfL Bochum 1848,SV Werder Bremen,1,1,de.1,FALSE
2024-01-14,Borussia Mönchengladbach,VfB Stuttgart,3,1,de.1,FALSE
2024-01-15,Atalanta BC,Frosinone Calcio,5,0,it.1,FALSE
2024-01-16,Juventus,US Sassuolo Calcio,3,0,it.1,FALSE
2024-01-19,Deportivo Alavés,Cádiz CF,1,0,es.1,FALSE
2024-01-20,Arsenal,Crystal Palace,5,0,en.1,FALSE
2024-01-20,Brentford,Nottingham Forest,3,2,en.1,FALSE
2024-01-20,Rayo Vallecano de Madrid,UD Las Palmas,0,2,es.1,FALSE
2024-01-20,Villarreal CF,RCD Mallorca,1,1,es.1,FALSE
2024-01-20,Valencia CF,Athletic Club,1,0,es.1,FALSE
2024-01-20,RC Celta de Vigo,Real Sociedad de Fútbol,0,1,es.1,FALSE
2024-01-20,AS Roma,Hellas Verona,2,1,it.1,FALSE
2024-01-20,Udinese Calcio,AC Milan,2,3,it.1,FALSE
2024-01-20,1. FC Köln,Borussia Dortmund,0,4,de.1,FALSE
2024-01-20,SV Darmstadt 98,Eintracht Frankfurt,2,2,de.1,FALSE
2024-01-20,1. FC Heidenheim 1846,VfL Wolfsburg,1,1,de.1,FALSE
2024-01-20,SC Freiburg,TSG 1899 Hoffenheim,3,2,de.1,FALSE
2024-01-20,VfL Bochum 1848,VfB Stuttgart,1,0,de.1,FALSE
2024-01-20,RB Leipzig,Bayer 04 Leverkusen,2,3,de.1,FALSE
2024-01-21,Sheffield United,West Ham United,2,2,en.1,FALSE
2024-01-21,AFC Bournemouth,Liverpool,0,4,en.1,FALSE
2024-01-21,CA Osasuna,Getafe CF,3,2,es.1,FALSE
2024-01-21,Real Madrid CF,UD Almería,3,2,es.1,FALSE
2024-01-21,Real Betis Balompié,FC Barcelona,2,4,es.1,FALSE
2024-01-21,Girona,Sevilla,5,1,es.1,FALSE
2024-01-21,Frosinone Calcio,Cagliari Calcio,3,1,it.1,FALSE
2024-01-21,Empoli,AC Monza,3,0,it.1,FALSE
2024-01-21,US Salernitana 1919,Genoa CFC,1,2,it.1,FALSE
2024-01-21,US Lecce,Juventus,0,3,it.1,FALSE
2024-01-21,FC Bayern München,SV Werder Bremen,0,1,de.1,FALSE
2024-01-21,Borussia Mönchengladbach,FC Augsburg,1,2,de.1,FALSE
2024-01-22,Brighton & Hove Albion,Wolverhampton Wanderers,0,0,en.1,FALSE
2024-01-22,Granada CF,Club Atlético de Madrid,0,1,es.1,FALSE
2024-01-24,FC Bayern München,1. FC Union Berlin,1,0,de.1,FALSE
2024-01-26,UD Almería,Deportivo Alavés,0,3,es.1,FALSE
2024-01-26,Cagliari Calcio,Torino,1,2,it.1,FALSE
2024-01-26,Eintracht Frankfurt,1. FSV Mainz 05,1,0,de.1,FALSE
2024-01-27,Real Sociedad de Fútbol,Rayo Vallecano de Madrid,0,0,es.1,FALSE
2024-01-27,UD Las Palmas,Real Madrid CF,1,2,es.1,FALSE
2024-01-27,FC Barcelona,Villarreal CF,3,5,es.1,FALSE
2024-01-27,RCD Mallorca,Real Betis Balompié,0,1,es.1,FALSE
2024-01-27,Atalanta BC,Udinese Calcio,2,0,it.1,FALSE
2024-01-27,Juventus,Empoli,1,1,it.1,FALSE
2024-01-27,AC Milan,Bologna FC 1909,2,2,it.1,FALSE
2024-01-27,FC Augsburg,FC Bayern München,2,3,de.1,FALSE
2024-01-27,VfB Stuttgart,RB Leipzig,5,2,de.1,FALSE
2024-01-27,SV Werder Bremen,SC Freiburg,3,1,de.1,FALSE
2024-01-27,VfL Wolfsburg,1. FC Köln,1,1,de.1,FALSE
2024-01-27,TSG 1899 Hoffenheim,1. FC Heidenheim 1846,1,1,de.1,FALSE
2024-01-27,Bayer 04 Leverkusen,Borussia Mönchengladbach,0,0,de.1,FALSE
2024-01-28,RC Celta de Vigo,Girona,0,1,es.1,FALSE
2024-01-28,Cádiz CF,Athletic Club,0,0,es.1,FALSE
2024-01-28,Sevilla,CA Osasuna,1,1,es.1,FALSE
2024-01-28,Club Atlético de Madrid,Valencia CF,2,0,es.1,FALSE
2024-01-28,Genoa CFC,US Lecce,2,1,it.1,FALSE
2024-01-28,Hellas Verona,Frosinone Calcio,1,1,it.1,FALSE
2024-01-28,AC Monza,US Sassuolo Calcio,1,0,it.1,FALSE
2024-01-28,SS Lazio,SSC Napoli,0,0,it.1,FALSE
2024-01-28,ACF Fiorentina,FC Internazionale Milano,0,1,it.1,FALSE
2024-01-28,1. FC Union Berlin,SV Darmstadt 98,1,0,de.1,FALSE
2024-01-28,Borussia Dortmund,VfL Bochum 1848,3,1,de.1,FALSE
2024-01-29,Getafe CF,Granada CF,2,0,es.1,FALSE
2024-01-29,US Salernitana 1919,AS Roma,1,2,it.1,FALSE
2024-01-30,Nottingham Forest,Arsenal,1,2,en.1,FALSE
2024-01-30,Luton Town,Brighton & Hove Albion,4,0,en.1,FALSE
2024-01-30,Fulham,Everton,0,0,en.1,FALSE
2024-01-30,Crystal Palace,Sheffield United,3,2,en.1,FALSE
2024-01-30,Aston Villa,Newcastle United,1,3,en.1,FALSE
2024-01-31,Tottenham Hotspur,Brentford,3,2,en.1,FALSE
2024-01-31,Manchester City,Burnley,3,1,en.1,FALSE
2024-01-31,Liverpool,Chelsea,4,1,en.1,FALSE
2024-01-31,FC Barcelona,CA Osasuna,1,0,es.1,FALSE
2024-01-31,Club Atlético de Madrid,Rayo Vallecano de Madrid,2,1,es.1,FALSE
2024-02-01,West Ham United,AFC Bournemouth,1,1,en.1,FALSE
2024-02-01,Wolverhampton Wanderers,Manchester United,3,4,en.1,FALSE
2024-02-01,Getafe CF,Real Madrid CF,0,2,es.1,FALSE
2024-02-02,Athletic Club,RCD Mallorca,4,0,es.1,FALSE
2024-02-02,US Lecce,ACF Fiorentina,3,2,it.1,FALSE
2024-02-02,1. FC Heidenheim 1846,Borussia Dortmund,0,0,de.1,FALSE
2024-02-03,Everton,Tottenham Hotspur,2,2,en.1,FALSE
2024-02-03,Brighton & Hove Albion,Crystal Palace,4,1,en.1,FALSE
2024-02-03,Burnley,Fulham,2,2,en.1,FALSE
2024-02-03,Newcastle United,Luton Town,4,4,en.1,FALSE
2024-02-03,Sheffield United,Aston Villa,0,5,en.1,FALSE
2024-02-03,Valencia CF,UD Almería,2,1,es.1,FALSE
2024-02-03,Granada CF,UD Las Palmas,1,1,es.1,FALSE
2024-02-03,Deportivo Alavés,FC Barcelona,1,3,es.1,FALSE
2024-02-03,Girona,Real Sociedad de Fútbol,0,0,es.1,FALSE
2024-02-03,Empoli,Genoa CFC,0,0,it.1,FALSE
2024-02-03,Udinese Calcio,AC Monza,0,0,it.1,FALSE
2024-02-03,Frosinone Calcio,AC Milan,2,3,it.1,FALSE
2024-02-03,Bologna FC 1909,US Sassuolo Calcio,4,2,it.1,FALSE
2024-02-03,SV Darmstadt 98,Bayer 04 Leverkusen,0,2,de.1,FALSE
2024-02-03,FC Bayern München,Borussia Mönchengladbach,3,1,de.1,FALSE
2024-02-03,1. FSV Mainz 05,SV Werder Bremen,0,1,de.1,FALSE
2024-02-03,VfL Bochum 1848,FC Augsburg,1,1,de.1,FALSE
2024-02-03,SC Freiburg,VfB Stuttgart,1,3,de.1,FALSE
2024-02-03,1. FC Köln,Eintracht Frankfurt,2,0,de.1,FALSE
2024-02-04,AFC Bournemouth,Nottingham Forest,1,1,en.1,FALSE
2024-02-04,Chelsea,Wolverhampton Wanderers,2,4,en.1,FALSE
2024-02-04,Manchester United,West Ham United,3,0,en.1,FALSE
2024-02-04,Arsenal,Liverpool,3,1,en.1,FALSE
2024-02-04,Villarreal CF,Cádiz CF,0,0,es.1,FALSE
2024-02-04,CA Osasuna,RC Celta de Vigo,0,3,es.1,FALSE
2024-02-04,Real Betis Balompié,Getafe CF,1,1,es.1,FALSE
2024-02-04,Real Madrid CF,Club Atlético de Madrid,1,1,es.1,FALSE
2024-02-04,Torino,US Salernitana 1919,0,0,it.1,FALSE
2024-02-04,SSC Napoli,Hellas Verona,2,1,it.1,FALSE
2024-02-04,Atalanta BC,SS Lazio,3,1,it.1,FALSE
2024-02-04,FC Internazionale Milano,Juventus,1,0,it.1,FALSE
2024-02-04,VfL Wolfsburg,TSG 1899 Hoffenheim,2,2,de.1,FALSE
2024-02-04,RB Leipzig,1. FC Union Berlin,2,0,de.1,FALSE
2024-02-05,Brentford,Manchester City,1,3,en.1,FALSE
2024-02-05,Rayo Vallecano de Madrid,Sevilla,1,2,es.1,FALSE
2024-02-05,AS Roma,Cagliari Calcio,4,0,it.1,FALSE
2024-02-07,1. FSV Mainz 05,1. FC Union Berlin,1,1,de.1,FALSE
2024-02-09,Cádiz CF,Real Betis Balompié,0,2,es.1,FALSE
2024-02-09,US Salernitana 1919,Empoli,1,3,it.1,FALSE
2024-02-09,Borussia Dortmund,SC Freiburg,3,0,de.1,FALSE
2024-02-10,Manchester City,Everton,2,0,en.1,FALSE
2024-02-10,Fulham,AFC Bournemouth,3,1,en.1,FALSE
2024-02-10,Liverpool,Burnley,3,1,en.1,FALSE
2024-02-10,Luton Town,Sheffield United,1,3,en.1,FALSE
2024-02-10,Tottenham Hotspur,Brighton & Hove Albion,2,1,en.1,FALSE
2024-02-10,Wolverhampton Wanderers,Brentford,0,2,en.1,FALSE
2024-02-10,Nottingham Forest,Newcastle United,2,3,en.1,FALSE
2024-02-10,Deportivo Alavés,Villarreal CF,1,1,es.1,FALSE
2024-02-10,Real Sociedad de Fútbol,CA Osasuna,0,1,es.1,FALSE
2024-02-10,Real Madrid CF,Girona,4,0,es.1,FALSE
2024-02-10,UD Las Palmas,Valencia CF,2,0,es.1,FALSE
2024-02-10,Cagliari Calcio,SS Lazio,1,3,it.1,FALSE
2024-02-10,AS Roma,FC Internazionale Milano,2,4,it.1,FALSE
2024-02-10,US Sassuolo Calcio,Torino,1,1,it.1,FALSE
2024-02-10,FC Augsburg,RB Leipzig,2,2,de.1,FALSE
2024-02-10,1. FC Union Berlin,VfL Wolfsburg,1,0,de.1,FALSE
2024-02-10,Eintracht Frankfurt,VfL Bochum 1848,1,1,de.1,FALSE
2024-02-10,SV Werder Bremen,1. FC Heidenheim 1846,1,2,de.1,FALSE
2024-02-10,Borussia Mönchengladbach,SV Darmstadt 98,0,0,de.1,FALSE
2024-02-10,Bayer 04 Leverkusen,FC Bayern München,3,0,de.1,FALSE
2024-02-11,West Ham United,Arsenal,0,6,en.1,FALSE
2024-02-11,Aston Villa,Manchester United,1,2,en.1,FALSE
2024-02-11,Getafe CF,RC Celta de Vigo,3,2,es.1,FALSE
2024-02-11,RCD Mallorca,Rayo Vallecano de Madrid,2,1,es.1,FALSE
2024-02-11,Sevilla,Club Atlético de Madrid,1,0,es.1,FALSE
2024-02-11,FC Barcelona,Granada CF,3,3,es.1,FALSE
2024-02-11,ACF Fiorentina,Frosinone Calcio,5,1,it.1,FALSE
2024-02-11,Bologna FC 1909,US Lecce,4,0,it.1,FALSE
2024-02-11,AC Monza,Hellas Verona,0,0,it.1,FALSE
2024-02-11,Genoa CFC,Atalanta BC,1,4,it.1,FALSE
2024-02-11,AC Milan,SSC Napoli,1,0,it.1,FALSE
2024-02-11,VfB Stuttgart,1. FSV Mainz 05,3,1,de.1,FALSE
2024-02-11,TSG 1899 Hoffenheim,1. FC Köln,1,1,de.1,FALSE
2024-02-12,Crystal Palace,Chelsea,1,3,en.1,FALSE
2024-02-12,UD Almería,Athletic Club,0,0,es.1,FALSE
2024-02-12,Juventus,Udinese Calcio,0,1,it.1,FALSE
2024-02-14,Bologna FC 1909,ACF Fiorentina,2,0,it.1,FALSE
2024-02-16,Villarreal CF,Getafe CF,1,1,es.1,FALSE
2024-02-16,Torino,US Lecce,2,0,it.1,FALSE
2024-02-16,FC Internazionale Milano,US Salernitana 1919,4,0,it.1,FALSE
2024-02-16,1. FC Köln,SV Werder Bremen,0,1,de.1,FALSE
2024-02-17,Brentford,Liverpool,1,4,en.1,FALSE
2024-02-17,Burnley,Arsenal,0,5,en.1,FALSE
2024-02-17,Fulham,Aston Villa,1,2,en.1,FALSE
2024-02-17,Newcastle United,AFC Bournemouth,2,2,en.1,FALSE
2024-02-17,Nottingham Forest,West Ham United,2,0,en.1,FALSE
2024-02-17,Tottenham Hotspur,Wolverhampton Wanderers,1,2,en.1,FALSE
2024-02-17,Manchester City,Chelsea,1,1,en.1,FALSE
2024-02-17,Club Atlético de Madrid,UD Las Palmas,5,0,es.1,FALSE
2024-02-17,CA Osasuna,Cádiz CF,2,0,es.1,FALSE
2024-02-17,RC Celta de Vigo,FC Barcelona,1,2,es.1,FALSE
2024-02-17,Valencia CF,Sevilla,0,0,es.1,FALSE
2024-02-17,SSC Napoli,Genoa CFC,1,1,it.1,FALSE
2024-02-17,Hellas Verona,Juventus,2,2,it.1,FALSE
2024-02-17,Atalanta BC,US Sassuolo Calcio,3,0,it.1,FALSE
2024-02-17,VfL Wolfsburg,Borussia Dortmund,1,1,de.1,FALSE
2024-02-17,TSG 1899 Hoffenheim,1. FC Union Berlin,0,1,de.1,FALSE
2024-02-17,1. FC Heidenheim 1846,Bayer 04 Leverkusen,1,2,de.1,FALSE
2024-02-17,1. FSV Mainz 05,FC Augsburg,1,0,de.1,FALSE
2024-02-17,SV Darmstadt 98,VfB Stuttgart,1,2,de.1,FALSE
2024-02-17,RB Leipzig,Borussia Mönchengladbach,2,0,de.1,FALSE
2024-02-18,Sheffield United,Brighton & Hove Albion,0,5,en.1,FALSE
2024-02-18,Luton Town,Manchester United,1,2,en.1,FALSE
2024-02-18,Rayo Vallecano de Madrid,Real Madrid CF,1,1,es.1,FALSE
2024-02-18,Granada CF,UD Almería,1,1,es.1,FALSE
2024-02-18,RCD Mallorca,Real Sociedad de Fútbol,1,2,es.1,FALSE
2024-02-18,Real Betis Balompié,Deportivo Alavés,0,0,es.1,FALSE
2024-02-18,SS Lazio,Bologna FC 1909,1,2,it.1,FALSE
2024-02-18,Empoli,ACF Fiorentina,1,1,it.1,FALSE
2024-02-18,Udinese Calcio,Cagliari Calcio,1,1,it.1,FALSE
2024-02-18,Frosinone Calcio,AS Roma,0,3,it.1,FALSE
2024-02-18,AC Monza,AC Milan,4,2,it.1,FALSE
2024-02-18,SC Freiburg,Eintracht Frankfurt,3,3,de.1,FALSE
2024-02-18,VfL Bochum 1848,FC Bayern München,3,2,de.1,FALSE
2024-02-19,Everton,Crystal Palace,1,1,en.1,FALSE
2024-02-19,Athletic Club,Girona,3,2,es.1,FALSE
2024-02-20,Manchester City,Brentford,1,0,en.1,FALSE
2024-02-21,Liverpool,Luton Town,4,1,en.1,FALSE
2024-02-22,Torino,SS Lazio,0,2,it.1,FALSE
2024-02-23,Real Sociedad de Fútbol,Villarreal CF,1,3,es.1,FALSE
2024-02-23,Bologna FC 1909,Hellas Verona,2,0,it.1,FALSE
2024-02-23,Bayer 04 Leverkusen,1. FSV Mainz 05,2,1,de.1,FALSE
2024-02-24,Aston Villa,Nottingham Forest,4,2,en.1,FALSE
2024-02-24,Brighton & Hove Albion,Everton,1,1,en.1,FALSE
2024-02-24,Crystal Palace,Burnley,3,0,en.1,FALSE
2024-02-24,Manchester United,Fulham,1,2,en.1,FALSE
2024-02-24,AFC Bournemouth,Manchester City,0,1,en.1,FALSE
2024-02-24,Arsenal,Newcastle United,4,1,en.1,FALSE
2024-02-24,FC Barcelona,Getafe CF,4,0,es.1,FALSE
2024-02-24,Deportivo Alavés,RCD Mallorca,1,1,es.1,FALSE
2024-02-24,UD Almería,Club Atlético de Madrid,2,2,es.1,FALSE
2024-02-24,US Sassuolo Calcio,Empoli,2,3,it.1,FALSE
2024-02-24,US Salernitana 1919,AC Monza,0,2,it.1,FALSE
2024-02-24,Genoa CFC,Udinese Calcio,2,0,it.1,FALSE
2024-02-24,VfB Stuttgart,1. FC Köln,1,1,de.1,FALSE
2024-02-24,1. FC Union Berlin,1. FC Heidenheim 1846,2,2,de.1,FALSE
2024-02-24,SV Werder Bremen,SV Darmstadt 98,1,1,de.1,FALSE
2024-02-24,Borussia Mönchengladbach,VfL Bochum 1848,5,2,de.1,FALSE
2024-02-24,FC Bayern München,RB Leipzig,2,1,de.1,FALSE
2024-02-25,Wolverhampton Wanderers,Sheffield United,1,0,en.1,FALSE
2024-02-25,Cádiz CF,RC Celta de Vigo,2,2,es.1,FALSE
2024-02-25,Real Betis Balompié,Athletic Club,3,1,es.1,FALSE
2024-02-25,UD Las Palmas,CA Osasuna,1,1,es.1,FALSE
2024-02-25,Real Madrid CF,Sevilla,1,0,es.1,FALSE
2024-02-25,Juventus,Frosinone Calcio,3,2,it.1,FALSE
2024-02-25,Cagliari Calcio,SSC Napoli,1,1,it.1,FALSE
2024-02-25,US Lecce,FC Internazionale Milano,0,4,it.1,FALSE
2024-02-25,AC Milan,Atalanta BC,1,1,it.1,FALSE
2024-02-25,Eintracht Frankfurt,VfL Wolfsburg,2,2,de.1,FALSE
2024-02-25,Borussia Dortmund,TSG 1899 Hoffenheim,2,3,de.1,FALSE
2024-02-25,FC Augsburg,SC Freiburg,2,1,de.1,FALSE
2024-02-26,West Ham United,Brentford,4,2,en.1,FALSE
2024-02-26,Girona,Rayo Vallecano de Madrid,3,0,es.1,FALSE
2024-02-26,AS Roma,Torino,3,2,it.1,FALSE
2024-02-26,ACF Fiorentina,SS Lazio,2,1,it.1,FALSE
2024-02-28,US Sassuolo Calcio,SSC Napoli,1,6,it.1,FALSE
2024-02-28,FC Internazionale Milano,Atalanta BC,4,0,it.1,FALSE
2024-03-01,RC Celta de Vigo,UD Almería,1,0,es.1,FALSE
2024-03-01,SS Lazio,AC Milan,0,1,it.1,FALSE
2024-03-01,SC Freiburg,FC Bayern München,2,2,de.1,FALSE
2024-03-02,Brentford,Chelsea,2,2,en.1,FALSE
2024-03-02,Everton,West Ham United,1,3,en.1,FALSE
2024-03-02,Fulham,Brighton & Hove Albion,3,0,en.1,FALSE
2024-03-02,Newcastle United,Wolverhampton Wanderers,3,0,en.1,FALSE
2024-03-02,Nottingham Forest,Liverpool,0,1,en.1,FALSE
2024-03-02,Tottenham Hotspur,Crystal Palace,3,1,en.1,FALSE
2024-03-02,Luton Town,Aston Villa,2,3,en.1,FALSE
2024-03-02,Sevilla,Real Sociedad de Fútbol,3,2,es.1,FALSE
2024-03-02,Rayo Vallecano de Madrid,Cádiz CF,1,1,es.1,FALSE
2024-03-02,Getafe CF,UD Las Palmas,3,3,es.1,FALSE
2024-03-02,Valencia CF,Real Madrid CF,2,2,es.1,FALSE
2024-03-02,Udinese Calcio,US Salernitana 1919,1,1,it.1,FALSE
2024-03-02,AC Monza,AS Roma,1,4,it.1,FALSE
2024-03-02,Torino,ACF Fiorentina,0,0,it.1,FALSE
2024-03-02,1. FC Union Berlin,Borussia Dortmund,0,2,de.1,FALSE
2024-03-02,VfL Bochum 1848,RB Leipzig,1,4,de.1,FALSE
2024-03-02,1. FC Heidenheim 1846,Eintracht Frankfurt,1,2,de.1,FALSE
2024-03-02,1. FSV Mainz 05,Borussia Mönchengladbach,1,1,de.1,FALSE
2024-03-02,SV Darmstadt 98,FC Augsburg,0,6,de.1,FALSE
2024-03-02,VfL Wolfsburg,VfB Stuttgart,2,3,de.1,FALSE
2024-03-03,Burnley,AFC Bournemouth,0,2,en.1,FALSE
2024-03-03,Manchester City,Manchester United,3,1,en.1,FALSE
2024-03-03,Villarreal CF,Granada CF,5,1,es.1,FALSE
2024-03-03,Club Atlético de Madrid,Real Betis Balompié,2,1,es.1,FALSE
2024-03-03,RCD Mallorca,Girona,1,0,es.1,FALSE
2024-03-03,Athletic Club,FC Barcelona,0,0,es.1,FALSE
2024-03-03,Hellas Verona,US Sassuolo Calcio,1,0,it.1,FALSE
2024-03-03,Empoli,Cagliari Calcio,0,1,it.1,FALSE
2024-03-03,Frosinone Calcio,US Lecce,1,1,it.1,FALSE
2024-03-03,Atalanta BC,Bologna FC 1909,1,2,it.1,FALSE
2024-03-03,SSC Napoli,Juventus,2,1,it.1,FALSE
2024-03-03,1. FC Köln,Bayer 04 Leverkusen,0,2,de.1,FALSE
2024-03-03,TSG 1899 Hoffenheim,SV Werder Bremen,2,1,de.1,FALSE
2024-03-04,Sheffield United,Arsenal,0,6,en.1,FALSE
2024-03-04,CA Osasuna,Deportivo Alavés,1,0,es.1,FALSE
2024-03-04,FC Internazionale Milano,Genoa CFC,2,1,it.1,FALSE
2024-03-08,FC Barcelona,RCD Mallorca,1,0,es.1,FALSE
2024-03-08,SSC Napoli,Torino,1,1,it.1,FALSE
2024-03-08,VfB Stuttgart,1. FC Union Berlin,2,0,de.1,FALSE
2024-03-09,Manchester United,Everton,2,0,en.1,FALSE
2024-03-09,AFC Bournemouth,Sheffield United,2,2,en.1,FALSE
2024-03-09,Crystal Palace,Luton Town,1,1,en.1,FALSE
2024-03-09,Wolverhampton Wanderers,Fulham,2,1,en.1,FALSE
2024-03-09,Arsenal,Brentford,2,1,en.1,FALSE
2024-03-09,Valencia CF,Getafe CF,1,0,es.1,FALSE
2024-03-09,Cádiz CF,Club Atlético de Madrid,2,0,es.1,FALSE
2024-03-09,Granada CF,Real Sociedad de Fútbol,2,3,es.1,FALSE
2024-03-09,Girona,CA Osasuna,2,0,es.1,FALSE
2024-03-09,Cagliari Calcio,US Salernitana 1919,4,2,it.1,FALSE
2024-03-09,US Sassuolo Calcio,Frosinone Calcio,1,0,it.1,FALSE
2024-03-09,Bologna FC 1909,FC Internazionale Milano,0,1,it.1,FALSE
2024-03-09,Genoa CFC,AC Monza,2,3,it.1,FALSE
2024-03-09,FC Bayern München,1. FSV Mainz 05,8,1,de.1,FALSE
2024-03-09,Borussia Mönchengladbach,1. FC Köln,3,3,de.1,FALSE
2024-03-09,FC Augsburg,1. FC Heidenheim 1846,1,0,de.1,FALSE
2024-03-09,RB Leipzig,SV Darmstadt 98,2,0,de.1,FALSE
2024-03-09,SV Werder Bremen,Borussia Dortmund,1,2,de.1,FALSE
2024-03-10,Aston Villa,Tottenham Hotspur,0,4,en.1,FALSE
2024-03-10,Brighton & Hove Albion,Nottingham Forest,1,0,en.1,FALSE
2024-03-10,West Ham United,Burnley,2,2,en.1,FALSE
2024-03-10,Liverpool,Manchester City,1,1,en.1,FALSE
2024-03-10,Deportivo Alavés,Rayo Vallecano de Madrid,1,0,es.1,FALSE
2024-03-10,UD Las Palmas,Athletic Club,0,2,es.1,FALSE
2024-03-10,Real Madrid CF,RC Celta de Vigo,4,0,es.1,FALSE
2024-03-10,Real Betis Balompié,Villarreal CF,2,3,es.1,FALSE
2024-03-10,US Lecce,Hellas Verona,0,1,it.1,FALSE
2024-03-10,AC Milan,Empoli,1,0,it.1,FALSE
2024-03-10,Juventus,Atalanta BC,2,2,it.1,FALSE
2024-03-10,ACF Fiorentina,AS Roma,2,2,it.1,FALSE
2024-03-10,VfL Bochum 1848,SC Freiburg,1,2,de.1,FALSE
2024-03-10,Eintracht Frankfurt,TSG 1899 Hoffenheim,3,1,de.1,FALSE
2024-03-10,Bayer 04 Leverkusen,VfL Wolfsburg,2,0,de.1,FALSE
2024-03-11,Chelsea,Newcastle United,3,2,en.1,FALSE
2024-03-11,UD Almería,Sevilla,2,2,es.1,FALSE
2024-03-11,SS Lazio,Udinese Calcio,1,2,it.1,FALSE
2024-03-13,AFC Bournemouth,Luton Town,4,3,en.1,FALSE
2024-03-15,Real Sociedad de Fútbol,Cádiz CF,2,0,es.1,FALSE
2024-03-15,Empoli,Bologna FC 1909,0,1,it.1,FALSE
2024-03-15,1. FC Köln,RB Leipzig,1,5,de.1,FALSE
2024-03-16,Burnley,Brentford,2,1,en.1,FALSE
2024-03-16,Luton Town,Nottingham Forest,1,1,en.1,FALSE
2024-03-16,Fulham,Tottenham Hotspur,3,0,en.1,FALSE
2024-03-16,RCD Mallorca,Granada CF,1,0,es.1,FALSE
2024-03-16,CA Osasuna,Real Madrid CF,2,4,es.1,FALSE
2024-03-16,Getafe CF,Girona,1,0,es.1,FALSE
2024-03-16,Athletic Club,Deportivo Alavés,2,0,es.1,FALSE
2024-03-16,AC Monza,Cagliari Calcio,1,0,it.1,FALSE
2024-03-16,Udinese Calcio,Torino,0,2,it.1,FALSE
2024-03-16,US Salernitana 1919,US Lecce,0,1,it.1,FALSE
2024-03-16,Frosinone Calcio,SS Lazio,2,3,it.1,FALSE
2024-03-16,SV Darmstadt 98,FC Bayern München,2,5,de.1,FALSE
2024-03-16,1. FC Heidenheim 1846,Borussia Mönchengladbach,1,1,de.1,FALSE
2024-03-16,1. FC Union Berlin,SV Werder Bremen,2,1,de.1,FALSE
2024-03-16,1. FSV Mainz 05,VfL Bochum 1848,2,0,de.1,FALSE
2024-03-16,VfL Wolfsburg,FC Augsburg,1,3,de.1,FALSE
2024-03-16,TSG 1899 Hoffenheim,VfB Stuttgart,0,3,de.1,FALSE
2024-03-17,West Ham United,Aston Villa,1,1,en.1,FALSE
2024-03-17,Sevilla,RC Celta de Vigo,1,2,es.1,FALSE
2024-03-17,Villarreal CF,Valencia CF,1,0,es.1,FALSE
2024-03-17,UD Las Palmas,UD Almería,0,1,es.1,FALSE
2024-03-17,Rayo Vallecano de Madrid,Real Betis Balompié,2,0,es.1,FALSE
2024-03-17,Club Atlético de Madrid,FC Barcelona,0,3,es.1,FALSE
2024-03-17,Juventus,Genoa CFC,0,0,it.1,FALSE
2024-03-17,Hellas Verona,AC Milan,1,3,it.1,FALSE
2024-03-17,AS Roma,US Sassuolo Calcio,1,0,it.1,FALSE
2024-03-17,FC Internazionale Milano,SSC Napoli,1,1,it.1,FALSE
2024-03-17,SC Freiburg,Bayer 04 Leverkusen,2,3,de.1,FALSE
2024-03-17,Borussia Dortmund,Eintracht Frankfurt,3,1,de.1,FALSE
2024-03-29,Cádiz CF,Granada CF,1,0,es.1,FALSE
2024-03-30,Newcastle United,West Ham United,4,3,en.1,FALSE
2024-03-30,AFC Bournemouth,Everton,2,1,en.1,FALSE
2024-03-30,Chelsea,Burnley,2,2,en.1,FALSE
2024-03-30,Nottingham Forest,Crystal Palace,1,1,en.1,FALSE
2024-03-30,Sheffield United,Fulham,3,3,en.1,FALSE
2024-03-30,Tottenham Hotspur,Luton Town,2,1,en.1,FALSE
2024-03-30,Aston Villa,Wolverhampton Wanderers,2,0,en.1,FALSE
2024-03-30,Brentford,Manchester United,1,1,en.1,FALSE
2024-03-30,Getafe CF,Sevilla,0,1,es.1,FALSE
2024-03-30,UD Almería,CA Osasuna,0,3,es.1,FALSE
2024-03-30,Valencia CF,RCD Mallorca,0,0,es.1,FALSE
2024-03-30,FC Barcelona,UD Las Palmas,1,0,es.1,FALSE
2024-03-30,SSC Napoli,Atalanta BC,0,3,it.1,FALSE
2024-03-30,Genoa CFC,Frosinone Calcio,1,1,it.1,FALSE
2024-03-30,Torino,AC Monza,1,0,it.1,FALSE
2024-03-30,SS Lazio,Juventus,1,0,it.1,FALSE
2024-03-30,ACF Fiorentina,AC Milan,1,2,it.1,FALSE
2024-03-30,Eintracht Frankfurt,1. FC Union Berlin,0,0,de.1,FALSE
2024-03-30,Borussia Mönchengladbach,SC Freiburg,0,3,de.1,FALSE
2024-03-30,SV Werder Bremen,VfL Wolfsburg,0,2,de.1,FALSE
2024-03-30,RB Leipzig,1. FSV Mainz 05,0,0,de.1,FALSE
2024-03-30,Bayer 04 Leverkusen,TSG 1899 Hoffenheim,2,1,de.1,FALSE
2024-03-30,FC Bayern München,Borussia Dortmund,0,2,de.1,FALSE
2024-03-31,Liverpool,Brighton & Hove Albion,2,1,en.1,FALSE
2024-03-31,Manchester City,Arsenal,0,0,en.1,FALSE
2024-03-31,RC Celta de Vigo,Rayo Vallecano de Madrid,0,0,es.1,FALSE
2024-03-31,Girona,Real Betis Balompié,3,2,es.1,FALSE
2024-03-31,Deportivo Alavés,Real Sociedad de Fútbol,0,1,es.1,FALSE
2024-03-31,Real Madrid CF,Athletic Club,2,0,es.1,FALSE
2024-03-31,FC Augsburg,1. FC Köln,1,1,de.1,FALSE
2024-03-31,VfB Stuttgart,1. FC Heidenheim 1846,3,3,de.1,FALSE
2024-03-31,VfL Bochum 1848,SV Darmstadt 98,2,2,de.1,FALSE
2024-04-01,Villarreal CF,Club Atlético de Madrid,1,2,es.1,FALSE
2024-04-01,Bologna FC 1909,US Salernitana 1919,3,0,it.1,FALSE
2024-04-01,Cagliari Calcio,Hellas Verona,1,1,it.1,FALSE
2024-04-01,US Sassuolo Calcio,Udinese Calcio,1,1,it.1,FALSE
2024-04-01,US Lecce,AS Roma,0,0,it.1,FALSE
2024-04-01,FC Internazionale Milano,Empoli,2,0,it.1,FALSE
2024-04-02,Nottingham Forest,Fulham,3,1,en.1,FALSE
2024-04-02,Newcastle United,Everton,1,1,en.1,FALSE
2024-04-02,AFC Bournemouth,Crystal Palace,1,0,en.1,FALSE
2024-04-02,Burnley,Wolverhampton Wanderers,1,1,en.1,FALSE
2024-04-02,West Ham United,Tottenham Hotspur,1,1,en.1,FALSE
2024-04-03,Arsenal,Luton Town,2,0,en.1,FALSE
2024-04-03,Brentford,Brighton & Hove Albion,0,0,en.1,FALSE
2024-04-03,Manchester City,Aston Villa,4,1,en.1,FALSE
2024-04-04,Liverpool,Sheffield United,3,1,en.1,FALSE
2024-04-04,Chelsea,Manchester United,4,3,en.1,FALSE
2024-04-04,Granada CF,Valencia CF,0,1,es.1,FALSE
2024-04-05,US Salernitana 1919,US Sassuolo Calcio,2,2,it.1,FALSE
2024-04-05,Eintracht Frankfurt,SV Werder Bremen,1,1,de.1,FALSE
2024-04-06,Crystal Palace,Manchester City,2,4,en.1,FALSE
2024-04-06,Aston Villa,Brentford,3,3,en.1,FALSE
2024-04-06,Everton,Burnley,1,0,en.1,FALSE
2024-04-06,Fulham,Newcastle United,0,1,en.1,FALSE
2024-04-06,Luton Town,AFC Bournemouth,2,1,en.1,FALSE
2024-04-06,Wolverhampton Wanderers,West Ham United,1,2,en.1,FALSE
2024-04-06,Brighton & Hove Albion,Arsenal,0,3,en.1,FALSE
2024-04-06,AC Milan,US Lecce,3,0,it.1,FALSE
2024-04-06,AS Roma,SS Lazio,1,0,it.1,FALSE
2024-04-06,Empoli,Torino,3,2,it.1,FALSE
2024-04-06,1. FC Heidenheim 1846,FC Bayern München,3,2,de.1,FALSE
2024-04-06,SC Freiburg,RB Leipzig,1,4,de.1,FALSE
2024-04-06,1. FC Union Berlin,Bayer 04 Leverkusen,0,1,de.1,FALSE
2024-04-06,1. FC Köln,VfL Bochum 1848,2,1,de.1,FALSE
2024-04-06,1. FSV Mainz 05,SV Darmstadt 98,4,0,de.1,FALSE
2024-04-06,Borussia Dortmund,VfB Stuttgart,0,1,de.1,FALSE
2024-04-07,Manchester United,Liverpool,2,2,en.1,FALSE
2024-04-07,Sheffield United,Chelsea,2,2,en.1,FALSE
2024-04-07,Tottenham Hotspur,Nottingham Forest,3,1,en.1,FALSE
2024-04-07,Frosinone Calcio,Bologna FC 1909,0,0,it.1,FALSE
2024-04-07,AC Monza,SSC Napoli,2,4,it.1,FALSE
2024-04-07,Cagliari Calcio,Atalanta BC,2,1,it.1,FALSE
2024-04-07,Hellas Verona,Genoa CFC,1,2,it.1,FALSE
2024-04-07,Juventus,ACF Fiorentina,1,0,it.1,FALSE
2024-04-07,TSG 1899 Hoffenheim,FC Augsburg,3,1,de.1,FALSE
2024-04-07,VfL Wolfsburg,Borussia Mönchengladbach,1,3,de.1,FALSE
2024-04-08,Udinese Calcio,FC Internazionale Milano,1,2,it.1,FALSE
2024-04-12,Real Betis Balompié,RC Celta de Vigo,2,1,es.1,FALSE
2024-04-12,SS Lazio,US Salernitana 1919,4,1,it.1,FALSE
2024-04-12,FC Augsburg,1. FC Union Berlin,2,0,de.1,FALSE
2024-04-13,Newcastle United,Tottenham Hotspur,4,0,en.1,FALSE
2024-04-13,Brentford,Sheffield United,2,0,en.1,FALSE
2024-04-13,Burnley,Brighton & Hove Albion,1,1,en.1,FALSE
2024-04-13,Manchester City,Luton Town,5,1,en.1,FALSE
2024-04-13,Nottingham Forest,Wolverhampton Wanderers,2,2,en.1,FALSE
2024-04-13,AFC Bournemouth,Manchester United,2,2,en.1,FALSE
2024-04-13,Club Atlético de Madrid,Girona,3,1,es.1,FALSE
2024-04-13,Rayo Vallecano de Madrid,Getafe CF,0,0,es.1,FALSE
2024-04-13,RCD Mallorca,Real Madrid CF,0,1,es.1,FALSE
2024-04-13,Cádiz CF,FC Barcelona,0,1,es.1,FALSE
2024-04-13,US Lecce,Empoli,1,0,it.1,FALSE
2024-04-13,Torino,Juventus,0,0,it.1,FALSE
2024-04-13,Bologna FC 1909,AC Monza,0,0,it.1,FALSE
2024-04-13,Borussia Mönchengladbach,Borussia Dortmund,1,2,de.1,FALSE
2024-04-13,RB Leipzig,VfL Wolfsburg,3,0,de.1,FALSE
2024-04-13,FC Bayern München,1. FC Köln,2,0,de.1,FALSE
2024-04-13,1. FSV Mainz 05,TSG 1899 Hoffenheim,4,1,de.1,FALSE
2024-04-13,VfL Bochum 1848,1. FC Heidenheim 1846,1,1,de.1,FALSE
2024-04-13,VfB Stuttgart,Eintracht Frankfurt,3,0,de.1,FALSE
2024-04-14,Liverpool,Crystal Palace,0,1,en.1,FALSE
2024-04-14,West Ham United,Fulham,0,2,en.1,FALSE
2024-04-14,Arsenal,Aston Villa,0,2,en.1,FALSE
2024-04-14,UD Las Palmas,Sevilla,0,2,es.1,FALSE
2024-04-14,Granada CF,Deportivo Alavés,2,0,es.1,FALSE
2024-04-14,Athletic Club,Villarreal CF,1,1,es.1,FALSE
2024-04-14,Real Sociedad de Fútbol,UD Almería,2,2,es.1,FALSE
2024-04-14,SSC Napoli,Frosinone Calcio,2,2,it.1,FALSE
2024-04-14,US Sassuolo Calcio,AC Milan,3,3,it.1,FALSE
2024-04-14,FC Internazionale Milano,Cagliari Calcio,2,2,it.1,FALSE
2024-04-14,SV Darmstadt 98,SC Freiburg,0,1,de.1,FALSE
2024-04-14,Bayer 04 Leverkusen,SV Werder Bremen,5,0,de.1,FALSE
2024-04-15,Chelsea,Everton,6,0,en.1,FALSE
2024-04-15,CA Osasuna,Valencia CF,0,1,es.1,FALSE
2024-04-15,ACF Fiorentina,Genoa CFC,1,1,it.1,FALSE
2024-04-15,Atalanta BC,Hellas Verona,2,2,it.1,FALSE
2024-04-19,Athletic Club,Granada CF,1,1,es.1,FALSE
2024-04-19,Genoa CFC,SS Lazio,0,1,it.1,FALSE
2024-04-19,Cagliari Calcio,Juventus,2,2,it.1,FALSE
2024-04-19,Eintracht Frankfurt,FC Augsburg,3,1,de.1,FALSE
2024-04-20,Luton Town,Brentford,1,5,en.1,FALSE
2024-04-20,Sheffield United,Burnley,1,4,en.1,FALSE
2024-04-20,Wolverhampton Wanderers,Arsenal,0,2,en.1,FALSE
2024-04-20,RC Celta de Vigo,UD Las Palmas,4,1,es.1,FALSE
2024-04-20,Rayo Vallecano de Madrid,CA Osasuna,2,1,es.1,FALSE
2024-04-20,Valencia CF,Real Betis Balompié,1,2,es.1,FALSE
2024-04-20,Girona,Cádiz CF,4,1,es.1,FALSE
2024-04-20,Empoli,SSC Napoli,1,0,it.1,FALSE
2024-04-20,Hellas Verona,Udinese Calcio,1,0,it.1,FALSE
2024-04-20,1. FC Heidenheim 1846,RB Leipzig,1,2,de.1,FALSE
2024-04-20,TSG 1899 Hoffenheim,Borussia Mönchengladbach,4,3,de.1,FALSE
2024-04-20,VfL Wolfsburg,VfL Bochum 1848,1,0,de.1,FALSE
2024-04-20,1. FC Köln,SV Darmstadt 98,0,2,de.1,FALSE
2024-04-20,1. FC Union Berlin,FC Bayern München,1,5,de.1,FALSE
2024-04-21,Everton,Nottingham Forest,2,0,en.1,FALSE
2024-04-21,Aston Villa,AFC Bournemouth,3,1,en.1,FALSE
2024-04-21,Crystal Palace,West Ham United,5,2,en.1,FALSE
2024-04-21,Fulham,Liverpool,1,3,en.1,FALSE
2024-04-21,Getafe CF,Real Sociedad de Fútbol,1,1,es.1,FALSE
2024-04-21,UD Almería,Villarreal CF,1,2,es.1,FALSE
2024-04-21,Deportivo Alavés,Club Atlético de Madrid,2,0,es.1,FALSE
2024-04-21,Real Madrid CF,FC Barcelona,3,2,es.1,FALSE
2024-04-21,US Sassuolo Calcio,US Lecce,0,3,it.1,FALSE
2024-04-21,Torino,Frosinone Calcio,0,0,it.1,FALSE
2024-04-21,US Salernitana 1919,ACF Fiorentina,0,2,it.1,FALSE
2024-04-21,AC Monza,Atalanta BC,1,2,it.1,FALSE
2024-04-21,SV Werder Bremen,VfB Stuttgart,2,1,de.1,FALSE
2024-04-21,Borussia Dortmund,Bayer 04 Leverkusen,1,1,de.1,FALSE
2024-04-21,SC Freiburg,1. FSV Mainz 05,1,1,de.1,FALSE
2024-04-22,Sevilla,RCD Mallorca,2,1,es.1,FALSE
2024-04-22,AS Roma,Bologna FC 1909,1,3,it.1,FALSE
2024-04-22,AC Milan,FC Internazionale Milano,1,2,it.1,FALSE
2024-04-23,Arsenal,Chelsea,5,0,en.1,FALSE
2024-04-24,Wolverhampton Wanderers,AFC Bournemouth,0,1,en.1,FALSE
2024-04-24,Crystal Palace,Newcastle United,2,0,en.1,FALSE
2024-04-24,Everton,Liverpool,2,0,en.1,FALSE
2024-04-24,Manchester United,Sheffield United,4,2,en.1,FALSE
2024-04-25,Brighton & Hove Albion,Manchester City,0,4,en.1,FALSE
2024-04-25,Udinese Calcio,AS Roma,1,2,it.1,FALSE
2024-04-26,Real Sociedad de Fútbol,Real Madrid CF,0,1,es.1,FALSE
2024-04-26,Frosinone Calcio,US Salernitana 1919,3,0,it.1,FALSE
2024-04-26,VfL Bochum 1848,TSG 1899 Hoffenheim,3,2,de.1,FALSE
2024-04-27,West Ham United,Liverpool,2,2,en.1,FALSE
2024-04-27,Fulham,Crystal Palace,1,1,en.1,FALSE
2024-04-27,Manchester United,Burnley,1,1,en.1,FALSE
2024-04-27,Newcastle United,Sheffield United,5,1,en.1,FALSE
2024-04-27,Wolverhampton Wanderers,Luton Town,2,1,en.1,FALSE
2024-04-27,Everton,Brentford,1,0,en.1,FALSE
2024-04-27,Aston Villa,Chelsea,2,2,en.1,FALSE
2024-04-27,UD Las Palmas,Girona,0,2,es.1,FALSE
2024-04-27,UD Almería,Getafe CF,1,3,es.1,FALSE
2024-04-27,Deportivo Alavés,RC Celta de Vigo,3,0,es.1,FALSE
2024-04-27,Club Atlético de Madrid,Athletic Club,3,1,es.1,FALSE
2024-04-27,US Lecce,AC Monza,1,1,it.1,FALSE
2024-04-27,Juventus,AC Milan,0,0,it.1,FALSE
2024-04-27,SS Lazio,Hellas Verona,1,0,it.1,FALSE
2024-04-27,RB Leipzig,Borussia Dortmund,4,1,de.1,FALSE
2024-04-27,FC Bayern München,Eintracht Frankfurt,2,1,de.1,FALSE
2024-04-27,SC Freiburg,VfL Wolfsburg,1,2,de.1,FALSE
2024-04-27,FC Augsburg,SV Werder Bremen,0,3,de.1,FALSE
2024-04-27,Bayer 04 Leverkusen,VfB Stuttgart,2,2,de.1,FALSE
2024-04-28,AFC Bournemouth,Brighton & Hove Albion,3,0,en.1,FALSE
2024-04-28,Tottenham Hotspur,Arsenal,2,3,en.1,FALSE
2024-04-28,Nottingham Forest,Manchester City,0,2,en.1,FALSE
2024-04-28,Cádiz CF,RCD Mallorca,1,1,es.1,FALSE
2024-04-28,Granada CF,CA Osasuna,3,0,es.1,FALSE
2024-04-28,Villarreal CF,Rayo Vallecano de Madrid,3,0,es.1,FALSE
2024-04-28,Real Betis Balompié,Sevilla,1,1,es.1,FALSE
2024-04-28,FC Internazionale Milano,Torino,2,0,it.1,FALSE
2024-04-28,Bologna FC 1909,Udinese Calcio,1,1,it.1,FALSE
2024-04-28,Atalanta BC,Empoli,2,0,it.1,FALSE
2024-04-28,SSC Napoli,AS Roma,2,2,it.1,FALSE
2024-04-28,ACF Fiorentina,US Sassuolo Calcio,5,1,it.1,FALSE
2024-04-28,Borussia Mönchengladbach,1. FC Union Berlin,0,0,de.1,FALSE
2024-04-28,1. FSV Mainz 05,1. FC Köln,1,1,de.1,FALSE
2024-04-28,SV Darmstadt 98,1. FC Heidenheim 1846,0,1,de.1,FALSE
2024-04-29,FC Barcelona,Valencia CF,4,2,es.1,FALSE
2024-04-29,Genoa CFC,Cagliari Calcio,3,0,it.1,FALSE
2024-05-02,Chelsea,Tottenham Hotspur,2,0,en.1,FALSE
2024-05-03,Luton Town,Everton,1,1,en.1,FALSE
2024-05-03,Getafe CF,Athletic Club,0,2,es.1,FALSE
2024-05-03,Torino,Bologna FC 1909,0,0,it.1,FALSE
2024-05-03,TSG 1899 Hoffenheim,RB Leipzig,1,1,de.1,FALSE
2024-05-04,Arsenal,AFC Bournemouth,3,0,en.1,FALSE
2024-05-04,Brentford,Fulham,0,0,en.1,FALSE
2024-05-04,Burnley,Newcastle United,1,4,en.1,FALSE
2024-05-04,Sheffield United,Nottingham Forest,1,3,en.1,FALSE
2024-05-04,Manchester City,Wolverhampton Wanderers,5,1,en.1,FALSE
2024-05-04,Real Sociedad de Fútbol,UD Las Palmas,2,0,es.1,FALSE
2024-05-04,Real Madrid CF,Cádiz CF,3,0,es.1,FALSE
2024-05-04,Girona,FC Barcelona,4,2,es.1,FALSE
2024-05-04,RCD Mallorca,Club Atlético de Madrid,0,1,es.1,FALSE
2024-05-04,AC Monza,SS Lazio,2,2,it.1,FALSE
2024-05-04,US Sassuolo Calcio,FC Internazionale Milano,1,0,it.1,FALSE
2024-05-04,VfB Stuttgart,FC Bayern München,3,1,de.1,FALSE
2024-05-04,SV Werder Bremen,Borussia Mönchengladbach,2,2,de.1,FALSE
2024-05-04,Borussia Dortmund,FC Augsburg,5,1,de.1,FALSE
2024-05-04,VfL Wolfsburg,SV Darmstadt 98,3,0,de.1,FALSE
2024-05-04,1. FC Köln,SC Freiburg,0,0,de.1,FALSE
2024-05-05,Brighton & Hove Albion,Aston Villa,1,0,en.1,FALSE
2024-05-05,Chelsea,West Ham United,5,0,en.1,FALSE
2024-05-05,Liverpool,Tottenham Hotspur,4,2,en.1,FALSE
2024-05-05,CA Osasuna,Real Betis Balompié,0,2,es.1,FALSE
2024-05-05,RC Celta de Vigo,Villarreal CF,3,2,es.1,FALSE
2024-05-05,Valencia CF,Deportivo Alavés,0,1,es.1,FALSE
2024-05-05,Sevilla,Granada CF,3,0,es.1,FALSE
2024-05-05,Rayo Vallecano de Madrid,UD Almería,0,1,es.1,FALSE
2024-05-05,Cagliari Calcio,US Lecce,1,1,it.1,FALSE
2024-05-05,Empoli,Frosinone Calcio,0,0,it.1,FALSE
2024-05-05,Hellas Verona,ACF Fiorentina,2,1,it.1,FALSE
2024-05-05,AC Milan,Genoa CFC,3,3,it.1,FALSE
2024-05-05,AS Roma,Juventus,1,1,it.1,FALSE
2024-05-05,1. FC Union Berlin,VfL Bochum 1848,3,4,de.1,FALSE
2024-05-05,Eintracht Frankfurt,Bayer 04 Leverkusen,1,5,de.1,FALSE
2024-05-05,1. FC Heidenheim 1846,1. FSV Mainz 05,1,1,de.1,FALSE
2024-05-06,Crystal Palace,Manchester United,4,0,en.1,FALSE
2024-05-06,US Salernitana 1919,Atalanta BC,1,2,it.1,FALSE
2024-05-06,Udinese Calcio,SSC Napoli,1,1,it.1,FALSE
2024-05-10,Deportivo Alavés,Girona,2,2,es.1,FALSE
2024-05-10,Frosinone Calcio,FC Internazionale Milano,0,5,it.1,FALSE
2024-05-10,FC Augsburg,VfB Stuttgart,0,1,de.1,FALSE
2024-05-11,Fulham,Manchester City,0,4,en.1,FALSE
2024-05-11,AFC Bournemouth,Brentford,1,2,en.1,FALSE
2024-05-11,Everton,Sheffield United,1,0,en.1,FALSE
2024-05-11,Newcastle United,Brighton & Hove Albion,1,1,en.1,FALSE
2024-05-11,Tottenham Hotspur,Burnley,2,1,en.1,FALSE
2024-05-11,West Ham United,Luton Town,3,1,en.1,FALSE
2024-05-11,Wolverhampton Wanderers,Crystal Palace,1,3,en.1,FALSE
2024-05-11,Nottingham Forest,Chelsea,2,3,en.1,FALSE
2024-05-11,RCD Mallorca,UD Las Palmas,1,0,es.1,FALSE
2024-05-11,Villarreal CF,Sevilla,3,2,es.1,FALSE
2024-05-11,Granada CF,Real Madrid CF,0,4,es.1,FALSE
2024-05-11,Athletic Club,CA Osasuna,2,2,es.1,FALSE
2024-05-11,SSC Napoli,Bologna FC 1909,0,2,it.1,FALSE
2024-05-11,AC Milan,Cagliari Calcio,5,1,it.1,FALSE
2024-05-11,1. FC Köln,1. FC Union Berlin,3,2,de.1,FALSE
2024-05-11,Borussia Mönchengladbach,Eintracht Frankfurt,1,1,de.1,FALSE
2024-05-11,RB Leipzig,SV Werder Bremen,1,1,de.1,FALSE
2024-05-11,SC Freiburg,1. FC Heidenheim 1846,1,1,de.1,FALSE
2024-05-11,1. FSV Mainz 05,Borussia Dortmund,3,0,de.1,FALSE
2024-05-12,Manchester United,Arsenal,0,1,en.1,FALSE
2024-05-12,Cádiz CF,Getafe CF,1,0,es.1,FALSE
2024-05-12,Club Atlético de Madrid,RC Celta de Vigo,1,0,es.1,FALSE
2024-05-12,Valencia CF,Rayo Vallecano de Madrid,0,0,es.1,FALSE
2024-05-12,Real Betis Balompié,UD Almería,3,2,es.1,FALSE
2024-05-12,SS Lazio,Empoli,2,0,it.1,FALSE
2024-05-12,Genoa CFC,US Sassuolo Calcio,2,1,it.1,FALSE
2024-05-12,Hellas Verona,Torino,1,2,it.1,FALSE
2024-05-12,Juventus,US Salernitana 1919,1,1,it.1,FALSE
2024-05-12,Atalanta BC,AS Roma,2,1,it.1,FALSE
2024-05-12,SV Darmstadt 98,TSG 1899 Hoffenheim,0,6,de.1,FALSE
2024-05-12,FC Bayern München,VfL Wolfsburg,2,0,de.1,FALSE
2024-05-12,VfL Bochum 1848,Bayer 04 Leverkusen,0,5,de.1,FALSE
2024-05-13,Aston Villa,Liverpool,3,3,en.1,FALSE
2024-05-13,FC Barcelona,Real Sociedad de Fútbol,2,0,es.1,FALSE
2024-05-13,US Lecce,Udinese Calcio,0,2,it.1,FALSE
2024-05-13,ACF Fiorentina,AC Monza,2,1,it.1,FALSE
2024-05-14,Tottenham Hotspur,Manchester City,0,2,en.1,FALSE
2024-05-14,CA Osasuna,RCD Mallorca,1,1,es.1,FALSE
2024-05-14,Real Madrid CF,Deportivo Alavés,5,0,es.1,FALSE
2024-05-14,Girona,Villarreal CF,0,1,es.1,FALSE
2024-05-15,Brighton & Hove Albion,Chelsea,1,2,en.1,FALSE
2024-05-15,Manchester United,Newcastle United,3,2,en.1,FALSE
2024-05-15,Sevilla,Cádiz CF,0,1,es.1,FALSE
2024-05-15,Rayo Vallecano de Madrid,Granada CF,2,1,es.1,FALSE
2024-05-15,RC Celta de Vigo,Athletic Club,2,1,es.1,FALSE
2024-05-15,Getafe CF,Club Atlético de Madrid,0,3,es.1,FALSE
2024-05-16,UD Las Palmas,Real Betis Balompié,2,2,es.1,FALSE
2024-05-16,UD Almería,FC Barcelona,0,2,es.1,FALSE
2024-05-16,Real Sociedad de Fútbol,Valencia CF,1,0,es.1,FALSE
2024-05-17,ACF Fiorentina,SSC Napoli,2,2,it.1,FALSE
2024-05-18,Deportivo Alavés,Getafe CF,1,0,es.1,FALSE
2024-05-18,US Lecce,Atalanta BC,0,2,it.1,FALSE
2024-05-18,Torino,AC Milan,3,1,it.1,FALSE
2024-05-18,TSG 1899 Hoffenheim,FC Bayern München,4,2,de.1,FALSE
2024-05-18,Eintracht Frankfurt,RB Leipzig,2,2,de.1,FALSE
2024-05-18,1. FC Union Berlin,SC Freiburg,2,1,de.1,FALSE
2024-05-18,VfL Wolfsburg,1. FSV Mainz 05,1,3,de.1,FALSE
2024-05-18,VfB Stuttgart,Borussia Mönchengladbach,4,0,de.1,FALSE
2024-05-18,1. FC Heidenheim 1846,1. FC Köln,4,1,de.1,FALSE
2024-05-18,SV Werder Bremen,VfL Bochum 1848,4,1,de.1,FALSE
2024-05-18,Bayer 04 Leverkusen,FC Augsburg,2,1,de.1,FALSE
2024-05-18,Borussia Dortmund,SV Darmstadt 98,4,0,de.1,FALSE
2024-05-19,Arsenal,Everton,2,1,en.1,FALSE
2024-05-19,Brentford,Newcastle United,2,4,en.1,FALSE
2024-05-19,Brighton & Hove Albion,Manchester United,0,2,en.1,FALSE
2024-05-19,Burnley,Nottingham Forest,1,2,en.1,FALSE
2024-05-19,Chelsea,AFC Bournemouth,2,1,en.1,FALSE
2024-05-19,Crystal Palace,Aston Villa,5,0,en.1,FALSE
2024-05-19,Liverpool,Wolverhampton Wanderers,2,0,en.1,FALSE
2024-05-19,Luton Town,Fulham,2,4,en.1,FALSE
2024-05-19,Manchester City,West Ham United,3,1,en.1,FALSE
2024-05-19,Sheffield United,Tottenham Hotspur,0,3,en.1,FALSE
2024-05-19,Athletic Club,Sevilla,2,0,es.1,FALSE
2024-05-19,Club Atlético de Madrid,CA Osasuna,1,4,es.1,FALSE
2024-05-19,Real Betis Balompié,Real Sociedad de Fútbol,0,2,es.1,FALSE
2024-05-19,FC Barcelona,Rayo Vallecano de Madrid,3,0,es.1,FALSE
2024-05-19,Cádiz CF,UD Las Palmas,0,0,es.1,FALSE
2024-05-19,Granada CF,RC Celta de Vigo,1,2,es.1,FALSE
2024-05-19,Valencia CF,Girona,1,3,es.1,FALSE
2024-05-19,Villarreal CF,Real Madrid CF,4,4,es.1,FALSE
2024-05-19,RCD Mallorca,UD Almería,2,2,es.1,FALSE
2024-05-19,US Sassuolo Calcio,Cagliari Calcio,0,2,it.1,FALSE
2024-05-19,AC Monza,Frosinone Calcio,0,1,it.1,FALSE
2024-05-19,Udinese Calcio,Empoli,1,1,it.1,FALSE
2024-05-19,FC Internazionale Milano,SS Lazio,1,1,it.1,FALSE
2024-05-19,AS Roma,Genoa CFC,1,0,it.1,FALSE
2024-05-20,US Salernitana 1919,Hellas Verona,1,2,it.1,FALSE
2024-05-20,Bologna FC 1909,Juventus,3,3,it.1,FALSE
2024-05-23,Cagliari Calcio,ACF Fiorentina,2,3,it.1,FALSE
2024-05-24,Girona,Granada CF,7,0,es.1,FALSE
2024-05-24,Genoa CFC,Bologna FC 1909,2,0,it.1,FALSE
2024-05-25,CA Osasuna,Villarreal CF,1,1,es.1,FALSE
2024-05-25,Real Sociedad de Fútbol,Club Atlético de Madrid,0,2,es.1,FALSE
2024-05-25,Rayo Vallecano de Madrid,Athletic Club,0,1,es.1,FALSE
2024-05-25,UD Almería,Cádiz CF,6,1,es.1,FALSE
2024-05-25,Real Madrid CF,Real Betis Balompié,0,0,es.1,FALSE
2024-05-25,Juventus,AC Monza,2,0,it.1,FALSE
2024-05-25,AC Milan,US Salernitana 1919,3,3,it.1,FALSE
2024-05-26,Getafe CF,RCD Mallorca,1,2,es.1,FALSE
2024-05-26,RC Celta de Vigo,Valencia CF,2,2,es.1,FALSE
2024-05-26,UD Las Palmas,Deportivo Alavés,1,1,es.1,FALSE
2024-05-26,Sevilla,FC Barcelona,1,2,es.1,FALSE
2024-05-26,Atalanta BC,Torino,3,0,it.1,FALSE
2024-05-26,SSC Napoli,US Lecce,0,0,it.1,FALSE
2024-05-26,Empoli,AS Roma,2,1,it.1,FALSE
2024-05-26,Frosinone Calcio,Udinese Calcio,0,1,it.1,FALSE
2024-05-26,Hellas Verona,FC Internazionale Milano,2,2,it.1,FALSE
2024-05-26,SS Lazio,US Sassuolo Calcio,1,1,it.1,FALSE
2024-06-02,Atalanta BC,ACF Fiorentina,2,3,it.1,FALSE
2024-08-15,Athletic Club,Getafe CF,1,1,es.1,FALSE
2024-08-15,Real Betis Balompié,Girona,1,1,es.1,FALSE
2024-08-16,Manchester United,Fulham,1,0,en.1,FALSE
2024-08-16,RC Celta de Vigo,Deportivo Alavés,2,1,es.1,FALSE
2024-08-16,UD Las Palmas,Sevilla,2,2,es.1,FALSE
2024-08-17,Ipswich Town,Liverpool,0,2,en.1,FALSE
2024-08-17,Arsenal,Wolverhampton Wanderers,2,0,en.1,FALSE
2024-08-17,Everton,Brighton & Hove Albion,0,3,en.1,FALSE
2024-08-17,Newcastle United,Southampton,1,0,en.1,FALSE
2024-08-17,Nottingham Forest,AFC Bournemouth,1,1,en.1,FALSE
2024-08-17,West Ham United,Aston Villa,1,2,en.1,FALSE
2024-08-17,CA Osasuna,CD Leganés,1,1,es.1,FALSE
2024-08-17,Valencia CF,FC Barcelona,1,2,es.1,FALSE
2024-08-17,Genoa CFC,FC Internazionale Milano,2,2,it.1,FALSE
2024-08-17,Parma Calcio 1913,ACF Fiorentina,1,1,it.1,FALSE
2024-08-17,Empoli,AC Monza,0,0,it.1,FALSE
2024-08-17,AC Milan,Torino,2,2,it.1,FALSE
2024-08-18,Brentford,Crystal Palace,2,1,en.1,FALSE
2024-08-18,Chelsea,Manchester City,0,2,en.1,FALSE
2024-08-18,Real Sociedad de Fútbol,Rayo Vallecano de Madrid,1,2,es.1,FALSE
2024-08-18,RCD Mallorca,Real Madrid CF,1,1,es.1,FALSE
2024-08-18,Bologna FC 1909,Udinese Calcio,1,1,it.1,FALSE
2024-08-18,Hellas Verona,SSC Napoli,3,0,it.1,FALSE
2024-08-18,Cagliari Calcio,AS Roma,0,0,it.1,FALSE
2024-08-18,SS Lazio,Venezia,3,1,it.1,FALSE
2024-08-19,Leicester City,Tottenham Hotspur,1,1,en.1,FALSE
2024-08-19,Real Valladolid CF,RCD Espanyol de Barcelona,1,0,es.1,FALSE
2024-08-19,Villarreal CF,Club Atlético de Madrid,2,2,es.1,FALSE
2024-08-19,US Lecce,Atalanta BC,0,4,it.1,FALSE
2024-08-19,Juventus,Como 1907,3,0,it.1,FALSE
2024-08-23,RC Celta de Vigo,Valencia CF,3,1,es.1,FALSE
2024-08-23,Sevilla,Villarreal CF,1,2,es.1,FALSE
2024-08-23,Borussia Mönchengladbach,Bayer 04 Leverkusen,2,3,de.1,FALSE
2024-08-24,Brighton & Hove Albion,Manchester United,2,1,en.1,FALSE
2024-08-24,Crystal Palace,West Ham United,0,2,en.1,FALSE
2024-08-24,Fulham,Leicester City,2,1,en.1,FALSE
2024-08-24,Manchester City,Ipswich Town,4,1,en.1,FALSE
2024-08-24,Southampton,Nottingham Forest,0,1,en.1,FALSE
2024-08-24,Tottenham Hotspur,Everton,4,0,en.1,FALSE
2024-08-24,Aston Villa,Arsenal,0,2,en.1,FALSE
2024-08-24,CA Osasuna,RCD Mallorca,1,0,es.1,FALSE
2024-08-24,FC Barcelona,Athletic Club,2,1,es.1,FALSE
2024-08-24,Getafe CF,Rayo Vallecano de Madrid,0,0,es.1,FALSE
2024-08-24,RCD Espanyol de Barcelona,Real Sociedad de Fútbol,0,1,es.1,FALSE
2024-08-24,Parma Calcio 1913,AC Milan,2,1,it.1,FALSE
2024-08-24,Udinese Calcio,SS Lazio,2,1,it.1,FALSE
2024-08-24,FC Internazionale Milano,US Lecce,2,0,it.1,FALSE
2024-08-24,AC Monza,Genoa CFC,0,1,it.1,FALSE
2024-08-24,RB Leipzig,VfL Bochum 1848,1,0,de.1,FALSE
2024-08-24,TSG 1899 Hoffenheim,Holstein Kiel,3,2,de.1,FALSE
2024-08-24,SC Freiburg,VfB Stuttgart,3,1,de.1,FALSE
2024-08-24,FC Augsburg,SV Werder Bremen,2,2,de.1,FALSE
2024-08-24,1. FSV Mainz 05,1. FC Union Berlin,1,1,de.1,FALSE
2024-08-24,Borussia Dortmund,Eintracht Frankfurt,2,0,de.1,FALSE
2024-08-25,AFC Bournemouth,Newcastle United,1,1,en.1,FALSE
2024-08-25,Wolverhampton Wanderers,Chelsea,2,6,en.1,FALSE
2024-08-25,Liverpool,Brentford,2,0,en.1,FALSE
2024-08-25,Real Madrid CF,Real Valladolid CF,3,0,es.1,FALSE
2024-08-25,CD Leganés,UD Las Palmas,2,1,es.1,FALSE
2024-08-25,Deportivo Alavés,Real Betis Balompié,0,0,es.1,FALSE
2024-08-25,Club Atlético de Madrid,Girona,3,0,es.1,FALSE
2024-08-25,ACF Fiorentina,Venezia,0,0,it.1,FALSE
2024-08-25,Torino,Atalanta BC,2,1,it.1,FALSE
2024-08-25,SSC Napoli,Bologna FC 1909,3,0,it.1,FALSE
2024-08-25,AS Roma,Empoli,1,2,it.1,FALSE
2024-08-25,VfL Wolfsburg,FC Bayern München,2,3,de.1,FALSE
2024-08-25,FC St. Pauli 1910,1. FC Heidenheim 1846,0,2,de.1,FALSE
2024-08-26,Villarreal CF,RC Celta de Vigo,4,3,es.1,FALSE
2024-08-26,Cagliari Calcio,Como 1907,1,1,it.1,FALSE
2024-08-26,Hellas Verona,Juventus,0,3,it.1,FALSE
2024-08-27,RCD Mallorca,Sevilla,0,0,es.1,FALSE
2024-08-27,Rayo Vallecano de Madrid,FC Barcelona,1,2,es.1,FALSE
2024-08-28,Athletic Club,Valencia CF,1,0,es.1,FALSE
2024-08-28,Real Valladolid CF,CD Leganés,0,0,es.1,FALSE
2024-08-28,Real Sociedad de Fútbol,Deportivo Alavés,1,2,es.1,FALSE
2024-08-28,Club Atlético de Madrid,RCD Espanyol de Barcelona,0,0,es.1,FALSE
2024-08-29,Girona,CA Osasuna,4,0,es.1,FALSE
2024-08-29,UD Las Palmas,Real Madrid CF,1,1,es.1,FALSE
2024-08-30,Venezia,Torino,0,1,it.1,FALSE
2024-08-30,FC Internazionale Milano,Atalanta BC,4,0,it.1,FALSE
2024-08-30,1. FC Union Berlin,FC St. Pauli 1910,1,0,de.1,FALSE
2024-08-31,Arsenal,Brighton & Hove Albion,1,1,en.1,FALSE
2024-08-31,Brentford,Southampton,3,1,en.1,FALSE
2024-08-31,Everton,AFC Bournemouth,2,3,en.1,FALSE
2024-08-31,Ipswich Town,Fulham,1,1,en.1,FALSE
2024-08-31,Leicester City,Aston Villa,1,2,en.1,FALSE
2024-08-31,Nottingham Forest,Wolverhampton Wanderers,1,1,en.1,FALSE
2024-08-31,West Ham United,Manchester City,1,3,en.1,FALSE
2024-08-31,FC Barcelona,Real Valladolid CF,7,0,es.1,FALSE
2024-08-31,Athletic Club,Club Atlético de Madrid,0,1,es.1,FALSE
2024-08-31,RCD Espanyol de Barcelona,Rayo Vallecano de Madrid,2,1,es.1,FALSE
2024-08-31,CD Leganés,RCD Mallorca,0,1,es.1,FALSE
2024-08-31,Valencia CF,Villarreal CF,1,1,es.1,FALSE
2024-08-31,Bologna FC 1909,Empoli,1,1,it.1,FALSE
2024-08-31,US Lecce,Cagliari Calcio,1,0,it.1,FALSE
2024-08-31,SS Lazio,AC Milan,2,2,it.1,FALSE
2024-08-31,SSC Napoli,Parma Calcio 1913,2,1,it.1,FALSE
2024-08-31,VfB Stuttgart,1. FSV Mainz 05,3,3,de.1,FALSE
2024-08-31,Eintracht Frankfurt,TSG 1899 Hoffenheim,3,1,de.1,FALSE
2024-08-31,SV Werder Bremen,Borussia Dortmund,0,0,de.1,FALSE
2024-08-31,VfL Bochum 1848,Borussia Mönchengladbach,0,2,de.1,FALSE
2024-08-31,Holstein Kiel,VfL Wolfsburg,0,2,de.1,FALSE
2024-08-31,Bayer 04 Leverkusen,RB Leipzig,2,3,de.1,FALSE
2024-09-01,Chelsea,Crystal Palace,1,1,en.1,FALSE
2024-09-01,Newcastle United,Tottenham Hotspur,2,1,en.1,FALSE
2024-09-01,Manchester United,Liverpool,0,3,en.1,FALSE
2024-09-01,CA Osasuna,RC Celta de Vigo,3,2,es.1,FALSE
2024-09-01,Deportivo Alavés,UD Las Palmas,2,0,es.1,FALSE
2024-09-01,Sevilla,Girona,0,2,es.1,FALSE
2024-09-01,Getafe CF,Real Sociedad de Fútbol,0,0,es.1,FALSE
2024-09-01,Real Madrid CF,Real Betis Balompié,2,0,es.1,FALSE
2024-09-01,ACF Fiorentina,AC Monza,2,2,it.1,FALSE
2024-09-01,Genoa CFC,Hellas Verona,0,2,it.1,FALSE
2024-09-01,Juventus,AS Roma,0,0,it.1,FALSE
2024-09-01,Udinese Calcio,Como 1907,1,0,it.1,FALSE
2024-09-01,1. FC Heidenheim 1846,FC Augsburg,4,0,de.1,FALSE
2024-09-01,FC Bayern München,SC Freiburg,2,0,de.1,FALSE
2024-09-13,Real Betis Balompié,CD Leganés,2,0,es.1,FALSE
2024-09-13,Borussia Dortmund,1. FC Heidenheim 1846,4,2,de.1,FALSE
2024-09-14,Southampton,Manchester United,0,3,en.1,FALSE
2024-09-14,Brighton & Hove Albion,Ipswich Town,0,0,en.1,FALSE
2024-09-14,Crystal Palace,Leicester City,2,2,en.1,FALSE
2024-09-14,Fulham,West Ham United,1,1,en.1,FALSE
2024-09-14,Liverpool,Nottingham Forest,0,1,en.1,FALSE
2024-09-14,Manchester City,Brentford,2,1,en.1,FALSE
2024-09-14,Aston Villa,Everton,3,2,en.1,FALSE
2024-09-14,AFC Bournemouth,Chelsea,0,1,en.1,FALSE
2024-09-14,RCD Mallorca,Villarreal CF,1,2,es.1,FALSE
2024-09-14,RCD Espanyol de Barcelona,Deportivo Alavés,3,2,es.1,FALSE
2024-09-14,Sevilla,Getafe CF,1,0,es.1,FALSE
2024-09-14,Real Sociedad de Fútbol,Real Madrid CF,0,2,es.1,FALSE
2024-09-14,Como 1907,Bologna FC 1909,2,2,it.1,FALSE
2024-09-14,Empoli,Juventus,0,0,it.1,FALSE
2024-09-14,AC Milan,Venezia,4,0,it.1,FALSE
2024-09-14,RB Leipzig,1. FC Union Berlin,0,0,de.1,FALSE
2024-09-14,TSG 1899 Hoffenheim,Bayer 04 Leverkusen,1,4,de.1,FALSE
2024-09-14,SC Freiburg,VfL Bochum 1848,2,1,de.1,FALSE
2024-09-14,VfL Wolfsburg,Eintracht Frankfurt,1,2,de.1,FALSE
2024-09-14,Borussia Mönchengladbach,VfB Stuttgart,1,3,de.1,FALSE
2024-09-14,Holstein Kiel,FC Bayern München,1,6,de.1,FALSE
2024-09-15,Tottenham Hotspur,Arsenal,0,1,en.1,FALSE
2024-09-15,Wolverhampton Wanderers,Newcastle United,1,2,en.1,FALSE
2024-09-15,RC Celta de Vigo,Real Valladolid CF,3,1,es.1,FALSE
2024-09-15,Girona,FC Barcelona,1,4,es.1,FALSE
2024-09-15,UD Las Palmas,Athletic Club,2,3,es.1,FALSE
2024-09-15,Club Atlético de Madrid,Valencia CF,3,0,es.1,FALSE
2024-09-15,Genoa CFC,AS Roma,1,1,it.1,FALSE
2024-09-15,Atalanta BC,ACF Fiorentina,3,2,it.1,FALSE
2024-09-15,Torino,US Lecce,0,0,it.1,FALSE
2024-09-15,Cagliari Calcio,SSC Napoli,0,4,it.1,FALSE
2024-09-15,AC Monza,FC Internazionale Milano,1,1,it.1,FALSE
2024-09-15,FC Augsburg,FC St. Pauli 1910,3,1,de.1,FALSE
2024-09-15,1. FSV Mainz 05,SV Werder Bremen,1,2,de.1,FALSE
2024-09-16,Rayo Vallecano de Madrid,CA Osasuna,3,1,es.1,FALSE
2024-09-16,Parma Calcio 1913,Udinese Calcio,2,3,it.1,FALSE
2024-09-16,SS Lazio,Hellas Verona,2,1,it.1,FALSE
2024-09-17,RCD Mallorca,Real Sociedad de Fútbol,1,0,es.1,FALSE
2024-09-17,BSC Young Boys,Aston Villa,0,3,uefa.cl,FALSE
2024-09-17,Juventus,PSV,3,1,uefa.cl,FALSE
2024-09-17,Sporting Clube de Portugal,Lille OSC,2,0,uefa.cl,FALSE
2024-09-17,FC Bayern München,GNK Dinamo Zagreb,9,2,uefa.cl,FALSE
2024-09-17,Real Madrid CF,VfB Stuttgart,3,1,uefa.cl,FALSE
2024-09-17,AC Milan,Liverpool,1,3,uefa.cl,FALSE
2024-09-18,Real Betis Balompié,Getafe CF,2,1,es.1,FALSE
2024-09-18,Bologna FC 1909,FK Shakhtar Donetsk,0,0,uefa.cl,FALSE
2024-09-18,AC Sparta Praha,FC Red Bull Salzburg,3,0,uefa.cl,FALSE
2024-09-18,Manchester City,FC Internazionale Milano,0,0,uefa.cl,FALSE
2024-09-18,Paris Saint-Germain,Girona,1,0,uefa.cl,FALSE
2024-09-18,Club Brugge KV,Borussia Dortmund,0,3,uefa.cl,FALSE
2024-09-18,Celtic,ŠK Slovan Bratislava,5,1,uefa.cl,FALSE
2024-09-19,CD Leganés,Athletic Club,0,2,es.1,FALSE
2024-09-19,Feyenoord Rotterdam,Bayer 04 Leverkusen,0,4,uefa.cl,FALSE
2024-09-19,FK Crvena Zvezda,Sport Lisboa e Benfica,1,2,uefa.cl,FALSE
2024-09-19,AS Monaco,FC Barcelona,2,1,uefa.cl,FALSE
2024-09-19,Stade Brestois 29,SK Sturm Graz,2,1,uefa.cl,FALSE
2024-09-19,Atalanta BC,Arsenal,0,0,uefa.cl,FALSE
2024-09-19,Club Atlético de Madrid,RB Leipzig,2,1,uefa.cl,FALSE
2024-09-20,Deportivo Alavés,Sevilla,2,1,es.1,FALSE
2024-09-20,Cagliari Calcio,Empoli,0,2,it.1,FALSE
2024-09-20,Hellas Verona,Torino,2,3,it.1,FALSE
2024-09-20,FC Augsburg,1. FSV Mainz 05,2,3,de.1,FALSE
2024-09-21,West Ham United,Chelsea,0,3,en.1,FALSE
2024-09-21,Aston Villa,Wolverhampton Wanderers,3,1,en.1,FALSE
2024-09-21,Fulham,Newcastle United,3,1,en.1,FALSE
2024-09-21,Leicester City,Everton,1,1,en.1,FALSE
2024-09-21,Liverpool,AFC Bournemouth,3,0,en.1,FALSE
2024-09-21,Southampton,Ipswich Town,1,1,en.1,FALSE
2024-09-21,Tottenham Hotspur,Brentford,3,1,en.1,FALSE
2024-09-21,Crystal Palace,Manchester United,0,0,en.1,FALSE
2024-09-21,Real Valladolid CF,Real Sociedad de Fútbol,0,0,es.1,FALSE
2024-09-21,CA Osasuna,UD Las Palmas,2,1,es.1,FALSE
2024-09-21,Valencia CF,Girona,2,0,es.1,FALSE
2024-09-21,Real Madrid CF,RCD Espanyol de Barcelona,4,1,es.1,FALSE
2024-09-21,Venezia,Genoa CFC,2,0,it.1,FALSE
2024-09-21,Juventus,SSC Napoli,0,0,it.1,FALSE
2024-09-21,US Lecce,Parma Calcio 1913,2,2,it.1,FALSE
2024-09-21,1. FC Heidenheim 1846,SC Freiburg,0,3,de.1,FALSE
2024-09-21,SV Werder Bremen,FC Bayern München,0,5,de.1,FALSE
2024-09-21,1. FC Union Berlin,TSG 1899 Hoffenheim,2,1,de.1,FALSE
2024-09-21,VfL Bochum 1848,Holstein Kiel,2,2,de.1,FALSE
2024-09-21,Eintracht Frankfurt,Borussia Mönchengladbach,2,0,de.1,FALSE
2024-09-22,Brighton & Hove Albion,Nottingham Forest,2,2,en.1,FALSE
2024-09-22,Manchester City,Arsenal,2,2,en.1,FALSE
2024-09-22,Getafe CF,CD Leganés,1,1,es.1,FALSE
2024-09-22,Athletic Club,RC Celta de Vigo,3,1,es.1,FALSE
2024-09-22,Villarreal CF,FC Barcelona,1,5,es.1,FALSE
2024-09-22,Rayo Vallecano de Madrid,Club Atlético de Madrid,1,1,es.1,FALSE
2024-09-22,ACF Fiorentina,SS Lazio,2,1,it.1,FALSE
2024-09-22,AC Monza,Bologna FC 1909,1,2,it.1,FALSE
2024-09-22,AS Roma,Udinese Calcio,3,0,it.1,FALSE
2024-09-22,FC Internazionale Milano,AC Milan,1,2,it.1,FALSE
2024-09-22,Bayer 04 Leverkusen,VfL Wolfsburg,4,3,de.1,FALSE
2024-09-22,VfB Stuttgart,Borussia Dortmund,5,1,de.1,FALSE
2024-09-22,FC St. Pauli 1910,RB Leipzig,0,0,de.1,FALSE
2024-09-23,Real Betis Balompié,RCD Mallorca,1,2,es.1,FALSE
2024-09-24,Sevilla,Real Valladolid CF,2,1,es.1,FALSE
2024-09-24,Valencia CF,CA Osasuna,0,0,es.1,FALSE
2024-09-24,Real Madrid CF,Deportivo Alavés,3,2,es.1,FALSE
2024-09-24,Atalanta BC,Como 1907,2,3,it.1,FALSE
2024-09-25,Girona,Rayo Vallecano de Madrid,0,0,es.1,FALSE
2024-09-25,FC Barcelona,Getafe CF,1,0,es.1,FALSE
2024-09-26,UD Las Palmas,Real Betis Balompié,1,1,es.1,FALSE
2024-09-26,RCD Espanyol de Barcelona,Villarreal CF,1,2,es.1,FALSE
2024-09-26,RC Celta de Vigo,Club Atlético de Madrid,0,1,es.1,FALSE
2024-09-27,Real Valladolid CF,RCD Mallorca,1,2,es.1,FALSE
2024-09-27,AC Milan,US Lecce,3,0,it.1,FALSE
2024-09-27,Borussia Dortmund,VfL Bochum 1848,4,2,de.1,FALSE
2024-09-28,Newcastle United,Manchester City,1,1,en.1,FALSE
2024-09-28,Arsenal,Leicester City,4,2,en.1,FALSE
2024-09-28,Brentford,West Ham United,1,1,en.1,FALSE
2024-09-28,Chelsea,Brighton & Hove Albion,4,2,en.1,FALSE
2024-09-28,Everton,Crystal Palace,2,1,en.1,FALSE
2024-09-28,Nottingham Forest,Fulham,0,1,en.1,FALSE
2024-09-28,Wolverhampton Wanderers,Liverpool,1,2,en.1,FALSE
2024-09-28,Getafe CF,Deportivo Alavés,2,0,es.1,FALSE
2024-09-28,Rayo Vallecano de Madrid,CD Leganés,1,1,es.1,FALSE
2024-09-28,Real Sociedad de Fútbol,Valencia CF,3,0,es.1,FALSE
2024-09-28,CA Osasuna,FC Barcelona,4,2,es.1,FALSE
2024-09-28,Udinese Calcio,FC Internazionale Milano,2,3,it.1,FALSE
2024-09-28,Genoa CFC,Juventus,0,3,it.1,FALSE
2024-09-28,Bologna FC 1909,Atalanta BC,1,1,it.1,FALSE
2024-09-28,RB Leipzig,FC Augsburg,4,0,de.1,FALSE
2024-09-28,SC Freiburg,FC St. Pauli 1910,0,3,de.1,FALSE
2024-09-28,VfL Wolfsburg,VfB Stuttgart,2,2,de.1,FALSE
2024-09-28,1. FSV Mainz 05,1. FC Heidenheim 1846,0,2,de.1,FALSE
2024-09-28,Borussia Mönchengladbach,1. FC Union Berlin,1,0,de.1,FALSE
2024-09-28,FC Bayern München,Bayer 04 Leverkusen,1,1,de.1,FALSE
2024-09-29,Ipswich Town,Aston Villa,2,2,en.1,FALSE
2024-09-29,Manchester United,Tottenham Hotspur,0,3,en.1,FALSE
2024-09-29,RC Celta de Vigo,Girona,1,1,es.1,FALSE
2024-09-29,Athletic Club,Sevilla,1,1,es.1,FALSE
2024-09-29,Real Betis Balompié,RCD Espanyol de Barcelona,1,0,es.1,FALSE
2024-09-29,Club Atlético de Madrid,Real Madrid CF,1,1,es.1,FALSE
2024-09-29,Torino,SS Lazio,2,3,it.1,FALSE
2024-09-29,Como 1907,Hellas Verona,3,2,it.1,FALSE
2024-09-29,AS Roma,Venezia,2,1,it.1,FALSE
2024-09-29,Empoli,ACF Fiorentina,0,0,it.1,FALSE
2024-09-29,SSC Napoli,AC Monza,2,0,it.1,FALSE
2024-09-29,Holstein Kiel,Eintracht Frankfurt,2,4,de.1,FALSE
2024-09-29,TSG 1899 Hoffenheim,SV Werder Bremen,3,4,de.1,FALSE
2024-09-30,AFC Bournemouth,Southampton,3,1,en.1,FALSE
2024-09-30,Villarreal CF,UD Las Palmas,3,1,es.1,FALSE
2024-09-30,Parma Calcio 1913,Cagliari Calcio,2,3,it.1,FALSE
2024-10-01,VfB Stuttgart,AC Sparta Praha,1,1,uefa.cl,FALSE
2024-10-01,FC Red Bull Salzburg,Stade Brestois 29,0,4,uefa.cl,FALSE
2024-10-01,ŠK Slovan Bratislava,Manchester City,0,4,uefa.cl,FALSE
2024-10-01,Borussia Dortmund,Celtic,7,1,uefa.cl,FALSE
2024-10-01,FC Barcelona,BSC Young Boys,5,0,uefa.cl,FALSE
2024-10-01,FC Internazionale Milano,FK Crvena Zvezda,4,0,uefa.cl,FALSE
2024-10-01,Bayer 04 Leverkusen,AC Milan,1,0,uefa.cl,FALSE
2024-10-01,Arsenal,Paris Saint-Germain,2,0,uefa.cl,FALSE
2024-10-01,PSV,Sporting Clube de Portugal,1,1,uefa.cl,FALSE
2024-10-02,Girona,Feyenoord Rotterdam,2,3,uefa.cl,FALSE
2024-10-02,FK Shakhtar Donetsk,Atalanta BC,0,3,uefa.cl,FALSE
2024-10-02,Aston Villa,FC Bayern München,1,0,uefa.cl,FALSE
2024-10-02,SK Sturm Graz,Club Brugge KV,0,1,uefa.cl,FALSE
2024-10-02,Liverpool,Bologna FC 1909,2,0,uefa.cl,FALSE
2024-10-02,RB Leipzig,Juventus,2,3,uefa.cl,FALSE
2024-10-02,Sport Lisboa e Benfica,Club Atlético de Madrid,4,0,uefa.cl,FALSE
2024-10-02,GNK Dinamo Zagreb,AS Monaco,2,2,uefa.cl,FALSE
2024-10-02,Lille OSC,Real Madrid CF,1,0,uefa.cl,FALSE
2024-10-04,CD Leganés,Valencia CF,0,0,es.1,FALSE
2024-10-04,SSC Napoli,Como 1907,3,1,it.1,FALSE
2024-10-04,Hellas Verona,Venezia,2,1,it.1,FALSE
2024-10-04,FC Augsburg,Borussia Mönchengladbach,2,1,de.1,FALSE
2024-10-05,Crystal Palace,Liverpool,0,1,en.1,FALSE
2024-10-05,Arsenal,Southampton,3,1,en.1,FALSE
2024-10-05,Brentford,Wolverhampton Wanderers,5,3,en.1,FALSE
2024-10-05,Leicester City,AFC Bournemouth,1,0,en.1,FALSE
2024-10-05,Manchester City,Fulham,3,2,en.1,FALSE
2024-10-05,West Ham United,Ipswich Town,4,1,en.1,FALSE
2024-10-05,Everton,Newcastle United,0,0,en.1,FALSE
2024-10-05,RCD Espanyol de Barcelona,RCD Mallorca,2,1,es.1,FALSE
2024-10-05,Getafe CF,CA Osasuna,1,1,es.1,FALSE
2024-10-05,Real Valladolid CF,Rayo Vallecano de Madrid,1,2,es.1,FALSE
2024-10-05,UD Las Palmas,RC Celta de Vigo,0,1,es.1,FALSE
2024-10-05,Real Madrid CF,Villarreal CF,2,0,es.1,FALSE
2024-10-05,Udinese Calcio,US Lecce,1,0,it.1,FALSE
2024-10-05,Atalanta BC,Genoa CFC,5,1,it.1,FALSE
2024-10-05,FC Internazionale Milano,Torino,3,2,it.1,FALSE
2024-10-05,Bayer 04 Leverkusen,Holstein Kiel,2,2,de.1,FALSE
2024-10-05,SV Werder Bremen,SC Freiburg,0,1,de.1,FALSE
2024-10-05,1. FC Union Berlin,Borussia Dortmund,2,1,de.1,FALSE
2024-10-05,VfL Bochum 1848,VfL Wolfsburg,1,3,de.1,FALSE
2024-10-05,FC St. Pauli 1910,1. FSV Mainz 05,0,3,de.1,FALSE
2024-10-06,Aston Villa,Manchester United,0,0,en.1,FALSE
2024-10-06,Chelsea,Nottingham Forest,1,1,en.1,FALSE
2024-10-06,Brighton & Hove Albion,Tottenham Hotspur,3,2,en.1,FALSE
2024-10-06,Girona,Athletic Club,2,1,es.1,FALSE
2024-10-06,Deportivo Alavés,FC Barcelona,0,3,es.1,FALSE
2024-10-06,Sevilla,Real Betis Balompié,1,0,es.1,FALSE
2024-10-06,Real Sociedad de Fútbol,Club Atlético de Madrid,1,1,es.1,FALSE
2024-10-06,Juventus,Cagliari Calcio,1,1,it.1,FALSE
2024-10-06,Bologna FC 1909,Parma Calcio 1913,0,0,it.1,FALSE
2024-10-06,SS Lazio,Empoli,2,1,it.1,FALSE
2024-10-06,AC Monza,AS Roma,1,1,it.1,FALSE
2024-10-06,ACF Fiorentina,AC Milan,2,1,it.1,FALSE
2024-10-06,1. FC Heidenheim 1846,RB Leipzig,0,1,de.1,FALSE
2024-10-06,Eintracht Frankfurt,FC Bayern München,3,3,de.1,FALSE
2024-10-06,VfB Stuttgart,TSG 1899 Hoffenheim,1,1,de.1,FALSE
2024-10-18,Deportivo Alavés,Real Valladolid CF,2,3,es.1,FALSE
2024-10-18,Borussia Dortmund,FC St. Pauli 1910,2,1,de.1,FALSE
2024-10-19,Tottenham Hotspur,West Ham United,4,1,en.1,FALSE
2024-10-19,Fulham,Aston Villa,1,3,en.1,FALSE
2024-10-19,Ipswich Town,Everton,0,2,en.1,FALSE
2024-10-19,Manchester United,Brentford,2,1,en.1,FALSE
2024-10-19,Newcastle United,Brighton & Hove Albion,0,1,en.1,FALSE
2024-10-19,Southampton,Leicester City,2,3,en.1,FALSE
2024-10-19,AFC Bournemouth,Arsenal,2,0,en.1,FALSE
2024-10-19,Athletic Club,RCD Espanyol de Barcelona,4,1,es.1,FALSE
2024-10-19,CA Osasuna,Real Betis Balompié,1,2,es.1,FALSE
2024-10-19,Girona,Real Sociedad de Fútbol,0,1,es.1,FALSE
2024-10-19,RC Celta de Vigo,Real Madrid CF,1,2,es.1,FALSE
2024-10-19,Como 1907,Parma Calcio 1913,1,1,it.1,FALSE
2024-10-19,Genoa CFC,Bologna FC 1909,2,2,it.1,FALSE
2024-10-19,AC Milan,Udinese Calcio,1,0,it.1,FALSE
2024-10-19,Juventus,SS Lazio,1,0,it.1,FALSE
2024-10-19,Bayer 04 Leverkusen,Eintracht Frankfurt,2,1,de.1,FALSE
2024-10-19,TSG 1899 Hoffenheim,VfL Bochum 1848,3,1,de.1,FALSE
2024-10-19,SC Freiburg,FC Augsburg,3,1,de.1,FALSE
2024-10-19,1. FSV Mainz 05,RB Leipzig,0,2,de.1,FALSE
2024-10-19,Borussia Mönchengladbach,1. FC Heidenheim 1846,3,2,de.1,FALSE
2024-10-19,FC Bayern München,VfB Stuttgart,4,0,de.1,FALSE
2024-10-20,Wolverhampton Wanderers,Manchester City,1,2,en.1,FALSE
2024-10-20,Liverpool,Chelsea,2,1,en.1,FALSE
2024-10-20,RCD Mallorca,Rayo Vallecano de Madrid,1,0,es.1,FALSE
2024-10-20,Club Atlético de Madrid,CD Leganés,3,1,es.1,FALSE
2024-10-20,Villarreal CF,Getafe CF,1,1,es.1,FALSE
2024-10-20,FC Barcelona,Sevilla,5,1,es.1,FALSE
2024-10-20,Empoli,SSC Napoli,0,1,it.1,FALSE
2024-10-20,US Lecce,ACF Fiorentina,0,6,it.1,FALSE
2024-10-20,Venezia,Atalanta BC,0,2,it.1,FALSE
2024-10-20,Cagliari Calcio,Torino,3,2,it.1,FALSE
2024-10-20,AS Roma,FC Internazionale Milano,0,1,it.1,FALSE
2024-10-20,Holstein Kiel,1. FC Union Berlin,0,2,de.1,FALSE
2024-10-20,VfL Wolfsburg,SV Werder Bremen,2,4,de.1,FALSE
2024-10-21,Nottingham Forest,Crystal Palace,1,0,en.1,FALSE
2024-10-21,Valencia CF,UD Las Palmas,2,3,es.1,FALSE
2024-10-21,Hellas Verona,AC Monza,0,3,it.1,FALSE
2024-10-22,AS Monaco,FK Crvena Zvezda,5,1,uefa.cl,FALSE
2024-10-22,AC Milan,Club Brugge KV,3,1,uefa.cl,FALSE
2024-10-22,Aston Villa,Bologna FC 1909,2,0,uefa.cl,FALSE
2024-10-22,Girona,ŠK Slovan Bratislava,2,0,uefa.cl,FALSE
2024-10-22,SK Sturm Graz,Sporting Clube de Portugal,0,2,uefa.cl,FALSE
2024-10-22,Paris Saint-Germain,PSV,1,1,uefa.cl,FALSE
2024-10-22,Real Madrid CF,Borussia Dortmund,5,2,uefa.cl,FALSE
2024-10-22,Arsenal,FK Shakhtar Donetsk,1,0,uefa.cl,FALSE
2024-10-22,Juventus,VfB Stuttgart,0,1,uefa.cl,FALSE
2024-10-23,Stade Brestois 29,Bayer 04 Leverkusen,1,1,uefa.cl,FALSE
2024-10-23,Atalanta BC,Celtic,0,0,uefa.cl,FALSE
2024-10-23,BSC Young Boys,FC Internazionale Milano,0,1,uefa.cl,FALSE
2024-10-23,FC Barcelona,FC Bayern München,4,1,uefa.cl,FALSE
2024-10-23,Manchester City,AC Sparta Praha,5,0,uefa.cl,FALSE
2024-10-23,RB Leipzig,Liverpool,0,1,uefa.cl,FALSE
2024-10-23,Club Atlético de Madrid,Lille OSC,1,3,uefa.cl,FALSE
2024-10-23,Sport Lisboa e Benfica,Feyenoord Rotterdam,1,3,uefa.cl,FALSE
2024-10-23,FC Red Bull Salzburg,GNK Dinamo Zagreb,0,2,uefa.cl,FALSE
2024-10-25,Leicester City,Nottingham Forest,1,3,en.1,FALSE
2024-10-25,RCD Espanyol de Barcelona,Sevilla,0,2,es.1,FALSE
2024-10-25,Udinese Calcio,Cagliari Calcio,2,0,it.1,FALSE
2024-10-25,Torino,Como 1907,1,0,it.1,FALSE
2024-10-25,1. FSV Mainz 05,Borussia Mönchengladbach,1,1,de.1,FALSE
2024-10-26,Aston Villa,AFC Bournemouth,1,1,en.1,FALSE
2024-10-26,Brentford,Ipswich Town,4,3,en.1,FALSE
2024-10-26,Brighton & Hove Albion,Wolverhampton Wanderers,2,2,en.1,FALSE
2024-10-26,Manchester City,Southampton,1,0,en.1,FALSE
2024-10-26,Everton,Fulham,1,1,en.1,FALSE
2024-10-26,Real Valladolid CF,Villarreal CF,1,2,es.1,FALSE
2024-10-26,Rayo Vallecano de Madrid,Deportivo Alavés,1,0,es.1,FALSE
2024-10-26,UD Las Palmas,Girona,1,0,es.1,FALSE
2024-10-26,Real Madrid CF,FC Barcelona,0,4,es.1,FALSE
2024-10-26,SSC Napoli,US Lecce,1,0,it.1,FALSE
2024-10-26,Atalanta BC,Hellas Verona,6,1,it.1,FALSE
2024-10-26,VfB Stuttgart,Holstein Kiel,2,1,de.1,FALSE
2024-10-26,RB Leipzig,SC Freiburg,3,1,de.1,FALSE
2024-10-26,FC Augsburg,Borussia Dortmund,2,1,de.1,FALSE
2024-10-26,FC St. Pauli 1910,VfL Wolfsburg,0,0,de.1,FALSE
2024-10-26,SV Werder Bremen,Bayer 04 Leverkusen,2,2,de.1,FALSE
2024-10-27,Chelsea,Newcastle United,2,1,en.1,FALSE
2024-10-27,Crystal Palace,Tottenham Hotspur,1,0,en.1,FALSE
2024-10-27,West Ham United,Manchester United,2,1,en.1,FALSE
2024-10-27,Arsenal,Liverpool,2,2,en.1,FALSE
2024-10-27,CD Leganés,RC Celta de Vigo,3,0,es.1,FALSE
2024-10-27,Getafe CF,Valencia CF,1,1,es.1,FALSE
2024-10-27,Real Betis Balompié,Club Atlético de Madrid,1,0,es.1,FALSE
2024-10-27,Real Sociedad de Fútbol,CA Osasuna,0,2,es.1,FALSE
2024-10-27,Parma Calcio 1913,Empoli,1,1,it.1,FALSE
2024-10-27,SS Lazio,Genoa CFC,3,0,it.1,FALSE
2024-10-27,AC Monza,Venezia,2,2,it.1,FALSE
2024-10-27,FC Internazionale Milano,Juventus,4,4,it.1,FALSE
2024-10-27,ACF Fiorentina,AS Roma,5,1,it.1,FALSE
2024-10-27,VfL Bochum 1848,FC Bayern München,0,5,de.1,FALSE
2024-10-27,1. FC Union Berlin,Eintracht Frankfurt,1,1,de.1,FALSE
2024-10-27,1. FC Heidenheim 1846,TSG 1899 Hoffenheim,0,0,de.1,FALSE
2024-10-28,RCD Mallorca,Athletic Club,0,0,es.1,FALSE
2024-10-29,Cagliari Calcio,Bologna FC 1909,0,2,it.1,FALSE
2024-10-29,US Lecce,Hellas Verona,1,0,it.1,FALSE
2024-10-29,AC Milan,SSC Napoli,0,2,it.1,FALSE
2024-10-30,Empoli,FC Internazionale Milano,0,3,it.1,FALSE
2024-10-30,Venezia,Udinese Calcio,3,2,it.1,FALSE
2024-10-30,Atalanta BC,AC Monza,2,0,it.1,FALSE
2024-10-30,Juventus,Parma Calcio 1913,2,2,it.1,FALSE
2024-10-31,Genoa CFC,ACF Fiorentina,0,1,it.1,FALSE
2024-10-31,Como 1907,SS Lazio,1,5,it.1,FALSE
2024-10-31,AS Roma,Torino,1,0,it.1,FALSE
2024-11-01,Deportivo Alavés,RCD Mallorca,1,0,es.1,FALSE
2024-11-01,Bayer 04 Leverkusen,VfB Stuttgart,0,0,de.1,FALSE
2024-11-02,Newcastle United,Arsenal,1,0,en.1,FALSE
2024-11-02,AFC Bournemouth,Manchester City,2,1,en.1,FALSE
2024-11-02,Ipswich Town,Leicester City,1,1,en.1,FALSE
2024-11-02,Liverpool,Brighton & Hove Albion,2,1,en.1,FALSE
2024-11-02,Nottingham Forest,West Ham United,3,0,en.1,FALSE
2024-11-02,Southampton,Everton,1,0,en.1,FALSE
2024-11-02,Wolverhampton Wanderers,Crystal Palace,2,2,en.1,FALSE
2024-11-02,CA Osasuna,Real Valladolid CF,1,0,es.1,FALSE
2024-11-02,Girona,CD Leganés,4,3,es.1,FALSE
2024-11-02,Bologna FC 1909,US Lecce,1,0,it.1,FALSE
2024-11-02,Udinese Calcio,Juventus,0,2,it.1,FALSE
2024-11-02,AC Monza,AC Milan,0,1,it.1,FALSE
2024-11-02,FC Bayern München,1. FC Union Berlin,3,0,de.1,FALSE
2024-11-02,Eintracht Frankfurt,VfL Bochum 1848,7,2,de.1,FALSE
2024-11-02,TSG 1899 Hoffenheim,FC St. Pauli 1910,0,2,de.1,FALSE
2024-11-02,VfL Wolfsburg,FC Augsburg,1,1,de.1,FALSE
2024-11-02,Holstein Kiel,1. FC Heidenheim 1846,1,0,de.1,FALSE
2024-11-02,Borussia Dortmund,RB Leipzig,2,1,de.1,FALSE
2024-11-03,Tottenham Hotspur,Aston Villa,4,1,en.1,FALSE
2024-11-03,Manchester United,Chelsea,1,1,en.1,FALSE
2024-11-03,Club Atlético de Madrid,UD Las Palmas,2,0,es.1,FALSE
2024-11-03,FC Barcelona,RCD Espanyol de Barcelona,3,1,es.1,FALSE
2024-11-03,Sevilla,Real Sociedad de Fútbol,0,2,es.1,FALSE
2024-11-03,Athletic Club,Real Betis Balompié,1,1,es.1,FALSE
2024-11-03,SSC Napoli,Atalanta BC,0,3,it.1,FALSE
2024-11-03,Torino,ACF Fiorentina,0,1,it.1,FALSE
2024-11-03,Hellas Verona,AS Roma,3,2,it.1,FALSE
2024-11-03,FC Internazionale Milano,Venezia,1,0,it.1,FALSE
2024-11-03,SC Freiburg,1. FSV Mainz 05,0,0,de.1,FALSE
2024-11-03,Borussia Mönchengladbach,SV Werder Bremen,4,1,de.1,FALSE
2024-11-04,Fulham,Brentford,2,1,en.1,FALSE
2024-11-04,RC Celta de Vigo,Getafe CF,1,0,es.1,FALSE
2024-11-04,Empoli,Como 1907,1,0,it.1,FALSE
2024-11-04,Parma Calcio 1913,Genoa CFC,0,1,it.1,FALSE
2024-11-04,SS Lazio,Cagliari Calcio,2,1,it.1,FALSE
2024-11-05,ŠK Slovan Bratislava,GNK Dinamo Zagreb,1,4,uefa.cl,FALSE
2024-11-05,PSV,Girona,4,0,uefa.cl,FALSE
2024-11-05,Sporting Clube de Portugal,Manchester City,4,1,uefa.cl,FALSE
2024-11-05,Bologna FC 1909,AS Monaco,0,1,uefa.cl,FALSE
2024-11-05,Borussia Dortmund,SK Sturm Graz,1,0,uefa.cl,FALSE
2024-11-05,Liverpool,Bayer 04 Leverkusen,4,0,uefa.cl,FALSE
2024-11-05,Real Madrid CF,AC Milan,1,3,uefa.cl,FALSE
2024-11-05,Celtic,RB Leipzig,3,1,uefa.cl,FALSE
2024-11-05,Lille OSC,Juventus,1,1,uefa.cl,FALSE
2024-11-06,Club Brugge KV,Aston Villa,1,0,uefa.cl,FALSE
2024-11-06,FK Shakhtar Donetsk,BSC Young Boys,2,1,uefa.cl,FALSE
2024-11-06,AC Sparta Praha,Stade Brestois 29,1,2,uefa.cl,FALSE
2024-11-06,VfB Stuttgart,Atalanta BC,0,2,uefa.cl,FALSE
2024-11-06,FC Internazionale Milano,Arsenal,1,0,uefa.cl,FALSE
2024-11-06,Paris Saint-Germain,Club Atlético de Madrid,1,2,uefa.cl,FALSE
2024-11-06,Feyenoord Rotterdam,FC Red Bull Salzburg,1,3,uefa.cl,FALSE
2024-11-06,FK Crvena Zvezda,FC Barcelona,2,5,uefa.cl,FALSE
2024-11-06,FC Bayern München,Sport Lisboa e Benfica,1,0,uefa.cl,FALSE
2024-11-07,Genoa CFC,Como 1907,1,1,it.1,FALSE
2024-11-08,Rayo Vallecano de Madrid,UD Las Palmas,1,3,es.1,FALSE
2024-11-08,US Lecce,Empoli,1,1,it.1,FALSE
2024-11-08,1. FC Union Berlin,SC Freiburg,0,0,de.1,FALSE
2024-11-09,Brentford,AFC Bournemouth,3,2,en.1,FALSE
2024-11-09,Crystal Palace,Fulham,0,2,en.1,FALSE
2024-11-09,West Ham United,Everton,0,0,en.1,FALSE
2024-11-09,Wolverhampton Wanderers,Southampton,2,0,en.1,FALSE
2024-11-09,Brighton & Hove Albion,Manchester City,2,1,en.1,FALSE
2024-11-09,Liverpool,Aston Villa,2,0,en.1,FALSE
2024-11-09,Real Madrid CF,CA Osasuna,4,0,es.1,FALSE
2024-11-09,Villarreal CF,Deportivo Alavés,3,0,es.1,FALSE
2024-11-09,CD Leganés,Sevilla,1,0,es.1,FALSE
2024-11-09,Venezia,Parma Calcio 1913,1,2,it.1,FALSE
2024-11-09,Cagliari Calcio,AC Milan,3,3,it.1,FALSE
2024-11-09,Juventus,Torino,2,0,it.1,FALSE
2024-11-09,SV Werder Bremen,Holstein Kiel,2,1,de.1,FALSE
2024-11-09,1. FSV Mainz 05,Borussia Dortmund,3,1,de.1,FALSE
2024-11-09,VfL Bochum 1848,Bayer 04 Leverkusen,1,1,de.1,FALSE
2024-11-09,FC St. Pauli 1910,FC Bayern München,0,1,de.1,FALSE
2024-11-09,RB Leipzig,Borussia Mönchengladbach,0,0,de.1,FALSE
2024-11-10,Manchester United,Leicester City,3,0,en.1,FALSE
2024-11-10,Nottingham Forest,Newcastle United,1,3,en.1,FALSE
2024-11-10,Tottenham Hotspur,Ipswich Town,1,2,en.1,FALSE
2024-11-10,Chelsea,Arsenal,1,1,en.1,FALSE
2024-11-10,Real Betis Balompié,RC Celta de Vigo,2,2,es.1,FALSE
2024-11-10,RCD Mallorca,Club Atlético de Madrid,0,1,es.1,FALSE
2024-11-10,Getafe CF,Girona,0,1,es.1,FALSE
2024-11-10,Real Valladolid CF,Athletic Club,1,1,es.1,FALSE
2024-11-10,Real Sociedad de Fútbol,FC Barcelona,1,0,es.1,FALSE
2024-11-10,Atalanta BC,Udinese Calcio,2,1,it.1,FALSE
2024-11-10,ACF Fiorentina,Hellas Verona,3,1,it.1,FALSE
2024-11-10,AS Roma,Bologna FC 1909,2,3,it.1,FALSE
2024-11-10,AC Monza,SS Lazio,0,1,it.1,FALSE
2024-11-10,FC Internazionale Milano,SSC Napoli,1,1,it.1,FALSE
2024-11-10,FC Augsburg,TSG 1899 Hoffenheim,0,0,de.1,FALSE
2024-11-10,VfB Stuttgart,Eintracht Frankfurt,2,3,de.1,FALSE
2024-11-10,1. FC Heidenheim 1846,VfL Wolfsburg,1,3,de.1,FALSE
2024-11-22,Getafe CF,Real Valladolid CF,2,0,es.1,FALSE
2024-11-22,FC Bayern München,FC Augsburg,3,0,de.1,FALSE
2024-11-23,Leicester City,Chelsea,1,2,en.1,FALSE
2024-11-23,AFC Bournemouth,Brighton & Hove Albion,1,2,en.1,FALSE
2024-11-23,Arsenal,Nottingham Forest,3,0,en.1,FALSE
2024-11-23,Aston Villa,Crystal Palace,2,2,en.1,FALSE
2024-11-23,Everton,Brentford,0,0,en.1,FALSE
2024-11-23,Fulham,Wolverhampton Wanderers,1,4,en.1,FALSE
2024-11-23,Manchester City,Tottenham Hotspur,0,4,en.1,FALSE
2024-11-23,Valencia CF,Real Betis Balompié,4,2,es.1,FALSE
2024-11-23,Club Atlético de Madrid,Deportivo Alavés,2,1,es.1,FALSE
2024-11-23,UD Las Palmas,RCD Mallorca,2,3,es.1,FALSE
2024-11-23,Girona,RCD Espanyol de Barcelona,4,1,es.1,FALSE
2024-11-23,RC Celta de Vigo,FC Barcelona,2,2,es.1,FALSE
2024-11-23,Hellas Verona,FC Internazionale Milano,0,5,it.1,FALSE
2024-11-23,AC Milan,Juventus,0,0,it.1,FALSE
2024-11-23,Parma Calcio 1913,Atalanta BC,1,3,it.1,FALSE
2024-11-23,Bayer 04 Leverkusen,1. FC Heidenheim 1846,5,2,de.1,FALSE
2024-11-23,VfB Stuttgart,VfL Bochum 1848,2,0,de.1,FALSE
2024-11-23,Borussia Dortmund,SC Freiburg,4,0,de.1,FALSE
2024-11-23,TSG 1899 Hoffenheim,RB Leipzig,4,3,de.1,FALSE
2024-11-23,VfL Wolfsburg,1. FC Union Berlin,1,0,de.1,FALSE
2024-11-23,Eintracht Frankfurt,SV Werder Bremen,1,0,de.1,FALSE
2024-11-24,Southampton,Liverpool,2,3,en.1,FALSE
2024-11-24,Ipswich Town,Manchester United,1,1,en.1,FALSE
2024-11-24,CA Osasuna,Villarreal CF,2,2,es.1,FALSE
2024-11-24,Sevilla,Rayo Vallecano de Madrid,1,0,es.1,FALSE
2024-11-24,CD Leganés,Real Madrid CF,0,3,es.1,FALSE
2024-11-24,Athletic Club,Real Sociedad de Fútbol,1,0,es.1,FALSE
2024-11-24,Genoa CFC,Cagliari Calcio,2,2,it.1,FALSE
2024-11-24,Como 1907,ACF Fiorentina,0,2,it.1,FALSE
2024-11-24,Torino,AC Monza,1,1,it.1,FALSE
2024-11-24,SSC Napoli,AS Roma,1,0,it.1,FALSE
2024-11-24,SS Lazio,Bologna FC 1909,3,0,it.1,FALSE
2024-11-24,Holstein Kiel,1. FSV Mainz 05,0,3,de.1,FALSE
2024-11-24,Borussia Mönchengladbach,FC St. Pauli 1910,2,0,de.1,FALSE
2024-11-25,Newcastle United,West Ham United,0,2,en.1,FALSE
2024-11-25,Empoli,Udinese Calcio,1,1,it.1,FALSE
2024-11-25,Venezia,US Lecce,0,1,it.1,FALSE
2024-11-26,ŠK Slovan Bratislava,AC Milan,2,3,uefa.cl,FALSE
2024-11-26,AC Sparta Praha,Club Atlético de Madrid,0,6,uefa.cl,FALSE
2024-11-26,Sporting Clube de Portugal,Arsenal,1,5,uefa.cl,FALSE
2024-11-26,BSC Young Boys,Atalanta BC,1,6,uefa.cl,FALSE
2024-11-26,FC Bayern München,Paris Saint-Germain,1,0,uefa.cl,FALSE
2024-11-26,FC Barcelona,Stade Brestois 29,3,0,uefa.cl,FALSE
2024-11-26,FC Internazionale Milano,RB Leipzig,1,0,uefa.cl,FALSE
2024-11-26,Manchester City,Feyenoord Rotterdam,3,3,uefa.cl,FALSE
2024-11-26,Bayer 04 Leverkusen,FC Red Bull Salzburg,5,0,uefa.cl,FALSE
2024-11-27,SK Sturm Graz,Girona,1,0,uefa.cl,FALSE
2024-11-27,FK Crvena Zvezda,VfB Stuttgart,5,1,uefa.cl,FALSE
2024-11-27,AS Monaco,Sport Lisboa e Benfica,2,3,uefa.cl,FALSE
2024-11-27,Aston Villa,Juventus,0,0,uefa.cl,FALSE
2024-11-27,Bologna FC 1909,Lille OSC,1,2,uefa.cl,FALSE
2024-11-27,Liverpool,Real Madrid CF,2,0,uefa.cl,FALSE
2024-11-27,Celtic,Club Brugge KV,1,1,uefa.cl,FALSE
2024-11-27,GNK Dinamo Zagreb,Borussia Dortmund,0,3,uefa.cl,FALSE
2024-11-27,PSV,FK Shakhtar Donetsk,3,2,uefa.cl,FALSE
2024-11-29,Brighton & Hove Albion,Southampton,1,1,en.1,FALSE
2024-11-29,RCD Mallorca,Valencia CF,2,1,es.1,FALSE
2024-11-29,Cagliari Calcio,Hellas Verona,1,0,it.1,FALSE
2024-11-29,FC St. Pauli 1910,Holstein Kiel,3,1,de.1,FALSE
2024-11-30,Brentford,Leicester City,4,1,en.1,FALSE
2024-11-30,Crystal Palace,Newcastle United,1,1,en.1,FALSE
2024-11-30,Nottingham Forest,Ipswich Town,1,0,en.1,FALSE
2024-11-30,Wolverhampton Wanderers,AFC Bournemouth,2,4,en.1,FALSE
2024-11-30,West Ham United,Arsenal,2,5,en.1,FALSE
2024-11-30,FC Barcelona,UD Las Palmas,1,2,es.1,FALSE
2024-11-30,Deportivo Alavés,CD Leganés,1,1,es.1,FALSE
2024-11-30,RCD Espanyol de Barcelona,RC Celta de Vigo,3,1,es.1,FALSE
2024-11-30,Real Valladolid CF,Club Atlético de Madrid,0,5,es.1,FALSE
2024-11-30,Como 1907,AC Monza,1,1,it.1,FALSE
2024-11-30,AC Milan,Empoli,3,0,it.1,FALSE
2024-11-30,Bologna FC 1909,Venezia,3,0,it.1,FALSE
2024-11-30,RB Leipzig,VfL Wolfsburg,1,5,de.1,FALSE
2024-11-30,SV Werder Bremen,VfB Stuttgart,2,2,de.1,FALSE
2024-11-30,SC Freiburg,Borussia Mönchengladbach,3,1,de.1,FALSE
2024-11-30,FC Augsburg,VfL Bochum 1848,1,0,de.1,FALSE
2024-11-30,1. FC Union Berlin,Bayer 04 Leverkusen,1,2,de.1,FALSE
2024-11-30,Borussia Dortmund,FC Bayern München,1,1,de.1,FALSE
2024-12-01,Chelsea,Aston Villa,3,0,en.1,FALSE
2024-12-01,Manchester United,Everton,4,0,en.1,FALSE
2024-12-01,Tottenham Hotspur,Fulham,1,1,en.1,FALSE
2024-12-01,Liverpool,Manchester City,2,0,en.1,FALSE
2024-12-01,Villarreal CF,Girona,2,2,es.1,FALSE
2024-12-01,Real Madrid CF,Getafe CF,2,0,es.1,FALSE
2024-12-01,Rayo Vallecano de Madrid,Athletic Club,1,2,es.1,FALSE
2024-12-01,Real Sociedad de Fútbol,Real Betis Balompié,2,0,es.1,FALSE
2024-12-01,Udinese Calcio,Genoa CFC,0,2,it.1,FALSE
2024-12-01,Parma Calcio 1913,SS Lazio,3,1,it.1,FALSE
2024-12-01,Torino,SSC Napoli,0,1,it.1,FALSE
2024-12-01,US Lecce,Juventus,1,1,it.1,FALSE
2024-12-01,1. FSV Mainz 05,TSG 1899 Hoffenheim,2,0,de.1,FALSE
2024-12-01,1. FC Heidenheim 1846,Eintracht Frankfurt,0,4,de.1,FALSE
2024-12-02,Sevilla,CA Osasuna,1,1,es.1,FALSE
2024-12-02,AS Roma,Atalanta BC,0,2,it.1,FALSE
2024-12-03,Ipswich Town,Crystal Palace,0,1,en.1,FALSE
2024-12-03,Leicester City,West Ham United,3,1,en.1,FALSE
2024-12-03,RCD Mallorca,FC Barcelona,1,5,es.1,FALSE
2024-12-04,Everton,Wolverhampton Wanderers,4,0,en.1,FALSE
2024-12-04,Manchester City,Nottingham Forest,3,0,en.1,FALSE
2024-12-04,Newcastle United,Liverpool,3,3,en.1,FALSE
2024-12-04,Southampton,Chelsea,1,5,en.1,FALSE
2024-12-04,Arsenal,Manchester United,2,0,en.1,FALSE
2024-12-04,Aston Villa,Brentford,3,1,en.1,FALSE
2024-12-04,Athletic Club,Real Madrid CF,2,1,es.1,FALSE
2024-12-05,Fulham,Brighton & Hove Albion,3,1,en.1,FALSE
2024-12-05,AFC Bournemouth,Tottenham Hotspur,1,0,en.1,FALSE
2024-12-06,RC Celta de Vigo,RCD Mallorca,2,0,es.1,FALSE
2024-12-06,FC Internazionale Milano,Parma Calcio 1913,3,1,it.1,FALSE
2024-12-06,Atalanta BC,AC Milan,2,1,it.1,FALSE
2024-12-06,VfB Stuttgart,1. FC Union Berlin,3,2,de.1,FALSE
2024-12-07,Aston Villa,Southampton,1,0,en.1,FALSE
2024-12-07,Brentford,Newcastle United,4,2,en.1,FALSE
2024-12-07,Crystal Palace,Manchester City,2,2,en.1,FALSE
2024-12-07,Manchester United,Nottingham Forest,2,3,en.1,FALSE
2024-12-07,UD Las Palmas,Real Valladolid CF,2,1,es.1,FALSE
2024-12-07,Real Betis Balompié,FC Barcelona,2,2,es.1,FALSE
2024-12-07,Valencia CF,Rayo Vallecano de Madrid,0,1,es.1,FALSE
2024-12-07,Girona,Real Madrid CF,0,3,es.1,FALSE
2024-12-07,Genoa CFC,Torino,0,0,it.1,FALSE
2024-12-07,Juventus,Bologna FC 1909,2,2,it.1,FALSE
2024-12-07,AS Roma,US Lecce,4,1,it.1,FALSE
2024-12-07,Bayer 04 Leverkusen,FC St. Pauli 1910,2,1,de.1,FALSE
2024-12-07,FC Bayern München,1. FC Heidenheim 1846,4,2,de.1,FALSE
2024-12-07,Eintracht Frankfurt,FC Augsburg,2,2,de.1,FALSE
2024-12-07,VfL Bochum 1848,SV Werder Bremen,0,1,de.1,FALSE
2024-12-07,Holstein Kiel,RB Leipzig,0,2,de.1,FALSE
2024-12-07,Borussia Mönchengladbach,Borussia Dortmund,1,1,de.1,FALSE
2024-12-08,Fulham,Arsenal,1,1,en.1,FALSE
2024-12-08,Ipswich Town,AFC Bournemouth,1,2,en.1,FALSE
2024-12-08,Leicester City,Brighton & Hove Albion,2,2,en.1,FALSE
2024-12-08,Tottenham Hotspur,Chelsea,3,4,en.1,FALSE
2024-12-08,CD Leganés,Real Sociedad de Fútbol,0,3,es.1,FALSE
2024-12-08,Athletic Club,Villarreal CF,2,0,es.1,FALSE
2024-12-08,CA Osasuna,Deportivo Alavés,2,2,es.1,FALSE
2024-12-08,Club Atlético de Madrid,Sevilla,4,3,es.1,FALSE
2024-12-08,ACF Fiorentina,Cagliari Calcio,1,0,it.1,FALSE
2024-12-08,Hellas Verona,Empoli,1,4,it.1,FALSE
2024-12-08,Venezia,Como 1907,2,2,it.1,FALSE
2024-12-08,SSC Napoli,SS Lazio,0,1,it.1,FALSE
2024-12-08,VfL Wolfsburg,1. FSV Mainz 05,4,3,de.1,FALSE
2024-12-08,TSG 1899 Hoffenheim,SC Freiburg,1,1,de.1,FALSE
2024-12-09,West Ham United,Wolverhampton Wanderers,2,1,en.1,FALSE
2024-12-09,Getafe CF,RCD Espanyol de Barcelona,1,0,es.1,FALSE
2024-12-09,AC Monza,Udinese Calcio,1,2,it.1,FALSE
2024-12-10,Girona,Liverpool,0,1,uefa.cl,FALSE
2024-12-10,GNK Dinamo Zagreb,Celtic,0,0,uefa.cl,FALSE
2024-12-10,Stade Brestois 29,PSV,1,0,uefa.cl,FALSE
2024-12-10,RB Leipzig,Aston Villa,2,3,uefa.cl,FALSE
2024-12-10,Atalanta BC,Real Madrid CF,2,3,uefa.cl,FALSE
2024-12-10,Bayer 04 Leverkusen,FC Internazionale Milano,1,0,uefa.cl,FALSE
2024-12-10,Club Brugge KV,Sporting Clube de Portugal,2,1,uefa.cl,FALSE
2024-12-10,FK Shakhtar Donetsk,FC Bayern München,1,5,uefa.cl,FALSE
2024-12-10,FC Red Bull Salzburg,Paris Saint-Germain,0,3,uefa.cl,FALSE
2024-12-11,Club Atlético de Madrid,ŠK Slovan Bratislava,3,1,uefa.cl,FALSE
2024-12-11,Lille OSC,SK Sturm Graz,3,2,uefa.cl,FALSE
2024-12-11,VfB Stuttgart,BSC Young Boys,5,1,uefa.cl,FALSE
2024-12-11,Borussia Dortmund,FC Barcelona,2,3,uefa.cl,FALSE
2024-12-11,AC Milan,FK Crvena Zvezda,2,1,uefa.cl,FALSE
2024-12-11,Sport Lisboa e Benfica,Bologna FC 1909,0,0,uefa.cl,FALSE
2024-12-11,Arsenal,AS Monaco,3,0,uefa.cl,FALSE
2024-12-11,Juventus,Manchester City,2,0,uefa.cl,FALSE
2024-12-11,Feyenoord Rotterdam,AC Sparta Praha,4,2,uefa.cl,FALSE
2024-12-13,Real Valladolid CF,Valencia CF,1,0,es.1,FALSE
2024-12-13,Empoli,Torino,0,1,it.1,FALSE
2024-12-13,SC Freiburg,VfL Wolfsburg,3,2,de.1,FALSE
2024-12-14,Arsenal,Everton,0,0,en.1,FALSE
2024-12-14,Liverpool,Fulham,2,2,en.1,FALSE
2024-12-14,Newcastle United,Leicester City,4,0,en.1,FALSE
2024-12-14,Wolverhampton Wanderers,Ipswich Town,1,2,en.1,FALSE
2024-12-14,Nottingham Forest,Aston Villa,2,1,en.1,FALSE
2024-12-14,RCD Espanyol de Barcelona,CA Osasuna,0,0,es.1,FALSE
2024-12-14,RCD Mallorca,Girona,2,1,es.1,FALSE
2024-12-14,Sevilla,RC Celta de Vigo,1,0,es.1,FALSE
2024-12-14,Rayo Vallecano de Madrid,Real Madrid CF,3,3,es.1,FALSE
2024-12-14,Cagliari Calcio,Atalanta BC,0,1,it.1,FALSE
2024-12-14,Udinese Calcio,SSC Napoli,1,3,it.1,FALSE
2024-12-14,Juventus,Venezia,2,2,it.1,FALSE
2024-12-14,1. FSV Mainz 05,FC Bayern München,2,1,de.1,FALSE
2024-12-14,Borussia Mönchengladbach,Holstein Kiel,4,1,de.1,FALSE
2024-12-14,1. FC Union Berlin,VfL Bochum 1848,0,2,de.1,FALSE
2024-12-14,FC Augsburg,Bayer 04 Leverkusen,0,2,de.1,FALSE
2024-12-14,FC St. Pauli 1910,SV Werder Bremen,0,2,de.1,FALSE
2024-12-15,Brighton & Hove Albion,Crystal Palace,1,3,en.1,FALSE
2024-12-15,Manchester City,Manchester United,1,2,en.1,FALSE
2024-12-15,Chelsea,Brentford,2,1,en.1,FALSE
2024-12-15,Southampton,Tottenham Hotspur,0,5,en.1,FALSE
2024-12-15,Club Atlético de Madrid,Getafe CF,1,0,es.1,FALSE
2024-12-15,Deportivo Alavés,Athletic Club,1,1,es.1,FALSE
2024-12-15,Villarreal CF,Real Betis Balompié,1,2,es.1,FALSE
2024-12-15,Real Sociedad de Fútbol,UD Las Palmas,0,0,es.1,FALSE
2024-12-15,FC Barcelona,CD Leganés,0,1,es.1,FALSE
2024-12-15,US Lecce,AC Monza,2,1,it.1,FALSE
2024-12-15,Bologna FC 1909,ACF Fiorentina,1,0,it.1,FALSE
2024-12-15,Parma Calcio 1913,Hellas Verona,2,3,it.1,FALSE
2024-12-15,Como 1907,AS Roma,2,0,it.1,FALSE
2024-12-15,AC Milan,Genoa CFC,0,0,it.1,FALSE
2024-12-15,1. FC Heidenheim 1846,VfB Stuttgart,1,3,de.1,FALSE
2024-12-15,Borussia Dortmund,TSG 1899 Hoffenheim,1,1,de.1,FALSE
2024-12-15,RB Leipzig,Eintracht Frankfurt,2,1,de.1,FALSE
2024-12-16,AFC Bournemouth,West Ham United,1,1,en.1,FALSE
2024-12-16,SS Lazio,FC Internazionale Milano,0,6,it.1,FALSE
2024-12-18,Villarreal CF,Rayo Vallecano de Madrid,1,1,es.1,FALSE
2024-12-18,RCD Espanyol de Barcelona,Valencia CF,1,1,es.1,FALSE
2024-12-20,Girona,Real Valladolid CF,3,0,es.1,FALSE
2024-12-20,Hellas Verona,AC Milan,0,1,it.1,FALSE
2024-12-20,FC Bayern München,RB Leipzig,5,1,de.1,FALSE
2024-12-21,Aston Villa,Manchester City,2,1,en.1,FALSE
2024-12-21,Brentford,Nottingham Forest,0,2,en.1,FALSE
2024-12-21,Ipswich Town,Newcastle United,0,4,en.1,FALSE
2024-12-21,West Ham United,Brighton & Hove Albion,1,1,en.1,FALSE
2024-12-21,Crystal Palace,Arsenal,1,5,en.1,FALSE
2024-12-21,Getafe CF,RCD Mallorca,0,1,es.1,FALSE
2024-12-21,RC Celta de Vigo,Real Sociedad de Fútbol,2,0,es.1,FALSE
2024-12-21,CA Osasuna,Athletic Club,1,2,es.1,FALSE
2024-12-21,FC Barcelona,Club Atlético de Madrid,1,2,es.1,FALSE
2024-12-21,Torino,Bologna FC 1909,0,2,it.1,FALSE
2024-12-21,Genoa CFC,SSC Napoli,1,2,it.1,FALSE
2024-12-21,US Lecce,SS Lazio,1,2,it.1,FALSE
2024-12-21,VfB Stuttgart,FC St. Pauli 1910,0,1,de.1,FALSE
2024-12-21,Eintracht Frankfurt,1. FSV Mainz 05,1,3,de.1,FALSE
2024-12-21,TSG 1899 Hoffenheim,Borussia Mönchengladbach,1,2,de.1,FALSE
2024-12-21,SV Werder Bremen,1. FC Union Berlin,4,1,de.1,FALSE
2024-12-21,Holstein Kiel,FC Augsburg,5,1,de.1,FALSE
2024-12-21,Bayer 04 Leverkusen,SC Freiburg,5,1,de.1,FALSE
2024-12-22,Everton,Chelsea,0,0,en.1,FALSE
2024-12-22,Fulham,Southampton,0,0,en.1,FALSE
2024-12-22,Leicester City,Wolverhampton Wanderers,0,3,en.1,FALSE
2024-12-22,Manchester United,AFC Bournemouth,0,3,en.1,FALSE
2024-12-22,Tottenham Hotspur,Liverpool,3,6,en.1,FALSE
2024-12-22,Valencia CF,Deportivo Alavés,2,2,es.1,FALSE
2024-12-22,Real Madrid CF,Sevilla,4,2,es.1,FALSE
2024-12-22,CD Leganés,Villarreal CF,2,5,es.1,FALSE
2024-12-22,UD Las Palmas,RCD Espanyol de Barcelona,1,0,es.1,FALSE
2024-12-22,Real Betis Balompié,Rayo Vallecano de Madrid,1,1,es.1,FALSE
2024-12-22,AS Roma,Parma Calcio 1913,5,0,it.1,FALSE
2024-12-22,Venezia,Cagliari Calcio,2,1,it.1,FALSE
2024-12-22,Atalanta BC,Empoli,3,2,it.1,FALSE
2024-12-22,AC Monza,Juventus,1,2,it.1,FALSE
2024-12-22,VfL Bochum 1848,1. FC Heidenheim 1846,2,0,de.1,FALSE
2024-12-22,VfL Wolfsburg,Borussia Dortmund,1,3,de.1,FALSE
2024-12-23,ACF Fiorentina,Udinese Calcio,1,2,it.1,FALSE
2024-12-23,FC Internazionale Milano,Como 1907,2,0,it.1,FALSE
2024-12-26,Manchester City,Everton,1,1,en.1,FALSE
2024-12-26,AFC Bournemouth,Crystal Palace,0,0,en.1,FALSE
2024-12-26,Chelsea,Fulham,1,2,en.1,FALSE
2024-12-26,Newcastle United,Aston Villa,3,0,en.1,FALSE
2024-12-26,Nottingham Forest,Tottenham Hotspur,1,0,en.1,FALSE
2024-12-26,Southampton,West Ham United,0,1,en.1,FALSE
2024-12-26,Wolverhampton Wanderers,Manchester United,2,0,en.1,FALSE
2024-12-26,Liverpool,Leicester City,3,1,en.1,FALSE
2024-12-27,Brighton & Hove Albion,Brentford,0,0,en.1,FALSE
2024-12-27,Arsenal,Ipswich Town,1,0,en.1,FALSE
2024-12-28,Empoli,Genoa CFC,1,2,it.1,FALSE
2024-12-28,Parma Calcio 1913,AC Monza,2,1,it.1,FALSE
2024-12-28,Cagliari Calcio,FC Internazionale Milano,0,3,it.1,FALSE
2024-12-28,SS Lazio,Atalanta BC,1,1,it.1,FALSE
2024-12-29,Leicester City,Manchester City,0,2,en.1,FALSE
2024-12-29,Crystal Palace,Southampton,2,1,en.1,FALSE
2024-12-29,Everton,Nottingham Forest,0,2,en.1,FALSE
2024-12-29,Fulham,AFC Bournemouth,2,2,en.1,FALSE
2024-12-29,Tottenham Hotspur,Wolverhampton Wanderers,2,2,en.1,FALSE
2024-12-29,West Ham United,Liverpool,0,5,en.1,FALSE
2024-12-29,Udinese Calcio,Torino,2,2,it.1,FALSE
2024-12-29,SSC Napoli,Venezia,1,0,it.1,FALSE
2024-12-29,Juventus,ACF Fiorentina,2,2,it.1,FALSE
2024-12-29,AC Milan,AS Roma,1,1,it.1,FALSE
2024-12-30,Aston Villa,Brighton & Hove Albion,2,2,en.1,FALSE
2024-12-30,Ipswich Town,Chelsea,2,0,en.1,FALSE
2024-12-30,Manchester United,Newcastle United,0,2,en.1,FALSE
2024-12-30,Como 1907,US Lecce,2,0,it.1,FALSE
2024-12-30,Bologna FC 1909,Hellas Verona,2,3,it.1,FALSE
2025-01-01,Brentford,Arsenal,1,3,en.1,FALSE
2025-01-03,Valencia CF,Real Madrid CF,1,2,es.1,FALSE
2025-01-04,Tottenham Hotspur,Newcastle United,1,2,en.1,FALSE
2025-01-04,Southampton,Brentford,0,5,en.1,FALSE
2025-01-04,Crystal Palace,Chelsea,1,1,en.1,FALSE
2025-01-04,AFC Bournemouth,Everton,1,0,en.1,FALSE
2025-01-04,Aston Villa,Leicester City,2,1,en.1,FALSE
2025-01-04,Manchester City,West Ham United,4,1,en.1,FALSE
2025-01-04,Brighton & Hove Albion,Arsenal,1,1,en.1,FALSE
2025-01-04,Venezia,Empoli,1,1,it.1,FALSE
2025-01-04,ACF Fiorentina,SSC Napoli,0,3,it.1,FALSE
2025-01-04,Hellas Verona,Udinese Calcio,0,0,it.1,FALSE
2025-01-05,Fulham,Ipswich Town,2,2,en.1,FALSE
2025-01-05,Liverpool,Manchester United,2,2,en.1,FALSE
2025-01-05,AC Monza,Cagliari Calcio,1,2,it.1,FALSE
2025-01-05,US Lecce,Genoa CFC,0,0,it.1,FALSE
2025-01-05,Torino,Parma Calcio 1913,0,0,it.1,FALSE
2025-01-05,AS Roma,SS Lazio,2,0,it.1,FALSE
2025-01-06,Wolverhampton Wanderers,Nottingham Forest,0,3,en.1,FALSE
2025-01-10,Rayo Vallecano de Madrid,RC Celta de Vigo,2,1,es.1,FALSE
2025-01-10,SS Lazio,Como 1907,1,1,it.1,FALSE
2025-01-10,Borussia Dortmund,Bayer 04 Leverkusen,2,3,de.1,FALSE
2025-01-11,Deportivo Alavés,Girona,0,1,es.1,FALSE
2025-01-11,Real Valladolid CF,Real Betis Balompié,1,0,es.1,FALSE
2025-01-11,RCD Espanyol de Barcelona,CD Leganés,1,1,es.1,FALSE
2025-01-11,Sevilla,Valencia CF,1,1,es.1,FALSE
2025-01-11,Empoli,US Lecce,1,3,it.1,FALSE
2025-01-11,Udinese Calcio,Atalanta BC,0,0,it.1,FALSE
2025-01-11,Torino,Juventus,1,1,it.1,FALSE
2025-01-11,AC Milan,Cagliari Calcio,1,1,it.1,FALSE
2025-01-11,TSG 1899 Hoffenheim,VfL Wolfsburg,0,1,de.1,FALSE
2025-01-11,1. FC Heidenheim 1846,1. FC Union Berlin,2,0,de.1,FALSE
2025-01-11,SC Freiburg,Holstein Kiel,3,2,de.1,FALSE
2025-01-11,1. FSV Mainz 05,VfL Bochum 1848,2,0,de.1,FALSE
2025-01-11,FC St. Pauli 1910,Eintracht Frankfurt,0,1,de.1,FALSE
2025-01-11,Borussia Mönchengladbach,FC Bayern München,0,1,de.1,FALSE
2025-01-12,UD Las Palmas,Getafe CF,1,2,es.1,FALSE
2025-01-12,Club Atlético de Madrid,CA Osasuna,1,0,es.1,FALSE
2025-01-12,Genoa CFC,Parma Calcio 1913,1,0,it.1,FALSE
2025-01-12,Venezia,FC Internazionale Milano,0,1,it.1,FALSE
2025-01-12,Bologna FC 1909,AS Roma,2,2,it.1,FALSE
2025-01-12,SSC Napoli,Hellas Verona,2,0,it.1,FALSE
2025-01-12,RB Leipzig,SV Werder Bremen,4,2,de.1,FALSE
2025-01-12,FC Augsburg,VfB Stuttgart,0,1,de.1,FALSE
2025-01-13,Real Sociedad de Fútbol,Villarreal CF,1,0,es.1,FALSE
2025-01-13,AC Monza,ACF Fiorentina,2,1,it.1,FALSE
2025-01-14,West Ham United,Fulham,3,2,en.1,FALSE
2025-01-14,Brentford,Manchester City,2,2,en.1,FALSE
2025-01-14,Chelsea,AFC Bournemouth,2,2,en.1,FALSE
2025-01-14,Nottingham Forest,Liverpool,1,1,en.1,FALSE
2025-01-14,Como 1907,AC Milan,1,2,it.1,FALSE
2025-01-14,Atalanta BC,Juventus,1,1,it.1,FALSE
2025-01-14,Holstein Kiel,Borussia Dortmund,4,2,de.1,FALSE
2025-01-14,Bayer 04 Leverkusen,1. FSV Mainz 05,1,0,de.1,FALSE
2025-01-14,Eintracht Frankfurt,SC Freiburg,4,1,de.1,FALSE
2025-01-14,VfL Wolfsburg,Borussia Mönchengladbach,5,1,de.1,FALSE
2025-01-15,Everton,Aston Villa,0,1,en.1,FALSE
2025-01-15,Leicester City,Crystal Palace,0,2,en.1,FALSE
2025-01-15,Newcastle United,Wolverhampton Wanderers,3,0,en.1,FALSE
2025-01-15,Arsenal,Tottenham Hotspur,2,1,en.1,FALSE
2025-01-15,FC Internazionale Milano,Bologna FC 1909,2,2,it.1,FALSE
2025-01-15,VfL Bochum 1848,FC St. Pauli 1910,1,0,de.1,FALSE
2025-01-15,VfB Stuttgart,RB Leipzig,2,1,de.1,FALSE
2025-01-15,FC Bayern München,TSG 1899 Hoffenheim,5,0,de.1,FALSE
2025-01-15,SV Werder Bremen,1. FC Heidenheim 1846,3,3,de.1,FALSE
2025-01-15,1. FC Union Berlin,FC Augsburg,0,2,de.1,FALSE
2025-01-16,Ipswich Town,Brighton & Hove Albion,0,2,en.1,FALSE
2025-01-16,Manchester United,Southampton,3,1,en.1,FALSE
2025-01-17,RCD Espanyol de Barcelona,Real Valladolid CF,2,1,es.1,FALSE
2025-01-17,AS Roma,Genoa CFC,3,1,it.1,FALSE
2025-01-17,Eintracht Frankfurt,Borussia Dortmund,2,0,de.1,FALSE
2025-01-18,Newcastle United,AFC Bournemouth,1,4,en.1,FALSE
2025-01-18,West Ham United,Crystal Palace,0,2,en.1,FALSE
2025-01-18,Leicester City,Fulham,0,2,en.1,FALSE
2025-01-18,Brentford,Liverpool,0,2,en.1,FALSE
2025-01-18,Arsenal,Aston Villa,2,2,en.1,FALSE
2025-01-18,Girona,Sevilla,1,2,es.1,FALSE
2025-01-18,CD Leganés,Club Atlético de Madrid,1,0,es.1,FALSE
2025-01-18,Real Betis Balompié,Deportivo Alavés,1,3,es.1,FALSE
2025-01-18,Getafe CF,FC Barcelona,1,1,es.1,FALSE
2025-01-18,Bologna FC 1909,AC Monza,3,1,it.1,FALSE
2025-01-18,Juventus,AC Milan,2,0,it.1,FALSE
2025-01-18,Atalanta BC,SSC Napoli,2,3,it.1,FALSE
2025-01-18,VfB Stuttgart,SC Freiburg,4,0,de.1,FALSE
2025-01-18,FC Bayern München,VfL Wolfsburg,3,2,de.1,FALSE
2025-01-18,1. FC Heidenheim 1846,FC St. Pauli 1910,0,2,de.1,FALSE
2025-01-18,VfL Bochum 1848,RB Leipzig,3,3,de.1,FALSE
2025-01-18,Holstein Kiel,TSG 1899 Hoffenheim,1,3,de.1,FALSE
2025-01-18,Bayer 04 Leverkusen,Borussia Mönchengladbach,3,1,de.1,FALSE
2025-01-19,Manchester United,Brighton & Hove Albion,1,3,en.1,FALSE
2025-01-19,Nottingham Forest,Southampton,3,2,en.1,FALSE
2025-01-19,Everton,Tottenham Hotspur,3,2,en.1,FALSE
2025-01-19,Ipswich Town,Manchester City,0,6,en.1,FALSE
2025-01-19,RC Celta de Vigo,Athletic Club,1,2,es.1,FALSE
2025-01-19,Real Madrid CF,UD Las Palmas,4,1,es.1,FALSE
2025-01-19,CA Osasuna,Rayo Vallecano de Madrid,1,1,es.1,FALSE
2025-01-19,Valencia CF,Real Sociedad de Fútbol,1,0,es.1,FALSE
2025-01-19,ACF Fiorentina,Torino,1,1,it.1,FALSE
2025-01-19,Cagliari Calcio,US Lecce,4,1,it.1,FALSE
2025-01-19,Parma Calcio 1913,Venezia,1,1,it.1,FALSE
2025-01-19,Hellas Verona,SS Lazio,0,3,it.1,FALSE
2025-01-19,FC Internazionale Milano,Empoli,3,1,it.1,FALSE
2025-01-19,1. FC Union Berlin,1. FSV Mainz 05,2,1,de.1,FALSE
2025-01-19,SV Werder Bremen,FC Augsburg,0,2,de.1,FALSE
2025-01-20,Chelsea,Wolverhampton Wanderers,3,1,en.1,FALSE
2025-01-20,Villarreal CF,RCD Mallorca,4,0,es.1,FALSE
2025-01-20,Como 1907,Udinese Calcio,4,1,it.1,FALSE
2025-01-21,AS Monaco,Aston Villa,1,0,uefa.cl,FALSE
2025-01-21,Atalanta BC,SK Sturm Graz,5,0,uefa.cl,FALSE
2025-01-21,Bologna FC 1909,Borussia Dortmund,2,1,uefa.cl,FALSE
2025-01-21,ŠK Slovan Bratislava,VfB Stuttgart,1,3,uefa.cl,FALSE
2025-01-21,Liverpool,Lille OSC,2,1,uefa.cl,FALSE
2025-01-21,Club Atlético de Madrid,Bayer 04 Leverkusen,2,1,uefa.cl,FALSE
2025-01-21,Sport Lisboa e Benfica,FC Barcelona,4,5,uefa.cl,FALSE
2025-01-21,Club Brugge KV,Juventus,0,0,uefa.cl,FALSE
2025-01-21,FK Crvena Zvezda,PSV,2,3,uefa.cl,FALSE
2025-01-22,RB Leipzig,Sporting Clube de Portugal,2,1,uefa.cl,FALSE
2025-01-22,FK Shakhtar Donetsk,Stade Brestois 29,2,0,uefa.cl,FALSE
2025-01-22,AC Sparta Praha,FC Internazionale Milano,0,1,uefa.cl,FALSE
2025-01-22,Paris Saint-Germain,Manchester City,4,2,uefa.cl,FALSE
2025-01-22,Real Madrid CF,FC Red Bull Salzburg,5,1,uefa.cl,FALSE
2025-01-22,AC Milan,Girona,1,0,uefa.cl,FALSE
2025-01-22,Arsenal,GNK Dinamo Zagreb,3,0,uefa.cl,FALSE
2025-01-22,Celtic,BSC Young Boys,1,0,uefa.cl,FALSE
2025-01-22,Feyenoord Rotterdam,FC Bayern München,3,0,uefa.cl,FALSE
2025-01-24,UD Las Palmas,CA Osasuna,1,1,es.1,FALSE
2025-01-24,Torino,Cagliari Calcio,2,0,it.1,FALSE
2025-01-24,VfL Wolfsburg,Holstein Kiel,2,2,de.1,FALSE
2025-01-25,Liverpool,Ipswich Town,4,1,en.1,FALSE
2025-01-25,Wolverhampton Wanderers,Arsenal,0,1,en.1,FALSE
2025-01-25,Brighton & Hove Albion,Everton,0,1,en.1,FALSE
2025-01-25,Southampton,Newcastle United,1,3,en.1,FALSE
2025-01-25,AFC Bournemouth,Nottingham Forest,5,0,en.1,FALSE
2025-01-25,Manchester City,Chelsea,3,1,en.1,FALSE
2025-01-25,RCD Mallorca,Real Betis Balompié,0,1,es.1,FALSE
2025-01-25,Club Atlético de Madrid,Villarreal CF,1,1,es.1,FALSE
2025-01-25,Sevilla,RCD Espanyol de Barcelona,1,1,es.1,FALSE
2025-01-25,Real Valladolid CF,Real Madrid CF,0,3,es.1,FALSE
2025-01-25,Como 1907,Atalanta BC,1,2,it.1,FALSE
2025-01-25,SSC Napoli,Juventus,2,1,it.1,FALSE
2025-01-25,Empoli,Bologna FC 1909,1,1,it.1,FALSE
2025-01-25,RB Leipzig,Bayer 04 Leverkusen,2,2,de.1,FALSE
2025-01-25,1. FSV Mainz 05,VfB Stuttgart,2,0,de.1,FALSE
2025-01-25,SC Freiburg,FC Bayern München,1,2,de.1,FALSE
2025-01-25,FC Augsburg,1. FC Heidenheim 1846,2,1,de.1,FALSE
2025-01-25,Borussia Dortmund,SV Werder Bremen,2,2,de.1,FALSE
2025-01-25,Borussia Mönchengladbach,VfL Bochum 1848,3,0,de.1,FALSE
2025-01-26,Crystal Palace,Brentford,1,2,en.1,FALSE
2025-01-26,Tottenham Hotspur,Leicester City,1,2,en.1,FALSE
2025-01-26,Aston Villa,West Ham United,1,1,en.1,FALSE
2025-01-26,Fulham,Manchester United,0,1,en.1,FALSE
2025-01-26,Rayo Vallecano de Madrid,Girona,2,1,es.1,FALSE
2025-01-26,Real Sociedad de Fútbol,Getafe CF,0,3,es.1,FALSE
2025-01-26,Athletic Club,CD Leganés,0,0,es.1,FALSE
2025-01-26,FC Barcelona,Valencia CF,7,1,es.1,FALSE
2025-01-26,AC Milan,Parma Calcio 1913,3,2,it.1,FALSE
2025-01-26,Udinese Calcio,AS Roma,1,2,it.1,FALSE
2025-01-26,US Lecce,FC Internazionale Milano,0,4,it.1,FALSE
2025-01-26,SS Lazio,ACF Fiorentina,1,2,it.1,FALSE
2025-01-26,TSG 1899 Hoffenheim,Eintracht Frankfurt,2,2,de.1,FALSE
2025-01-26,FC St. Pauli 1910,1. FC Union Berlin,3,0,de.1,FALSE
2025-01-27,Deportivo Alavés,RC Celta de Vigo,1,1,es.1,FALSE
2025-01-27,Venezia,Hellas Verona,1,1,it.1,FALSE
2025-01-27,Genoa CFC,AC Monza,2,0,it.1,FALSE
2025-01-29,Sporting Clube de Portugal,Bologna FC 1909,1,1,uefa.cl,FALSE
2025-01-29,BSC Young Boys,FK Crvena Zvezda,0,1,uefa.cl,FALSE
2025-01-29,Aston Villa,Celtic,4,2,uefa.cl,FALSE
2025-01-29,Girona,Arsenal,1,2,uefa.cl,FALSE
2025-01-29,Stade Brestois 29,Real Madrid CF,0,3,uefa.cl,FALSE
2025-01-29,SK Sturm Graz,RB Leipzig,1,0,uefa.cl,FALSE
2025-01-29,VfB Stuttgart,Paris Saint-Germain,1,4,uefa.cl,FALSE
2025-01-29,FC Bayern München,ŠK Slovan Bratislava,3,1,uefa.cl,FALSE
2025-01-29,Borussia Dortmund,FK Shakhtar Donetsk,3,1,uefa.cl,FALSE
2025-01-29,FC Barcelona,Atalanta BC,2,2,uefa.cl,FALSE
2025-01-29,FC Internazionale Milano,AS Monaco,3,0,uefa.cl,FALSE
2025-01-29,Manchester City,Club Brugge KV,3,1,uefa.cl,FALSE
2025-01-29,Bayer 04 Leverkusen,AC Sparta Praha,2,0,uefa.cl,FALSE
2025-01-29,Juventus,Sport Lisboa e Benfica,0,2,uefa.cl,FALSE
2025-01-29,GNK Dinamo Zagreb,AC Milan,2,1,uefa.cl,FALSE
2025-01-29,Lille OSC,Feyenoord Rotterdam,6,1,uefa.cl,FALSE
2025-01-29,PSV,Liverpool,3,2,uefa.cl,FALSE
2025-01-29,FC Red Bull Salzburg,Club Atlético de Madrid,1,4,uefa.cl,FALSE
2025-01-31,CD Leganés,Rayo Vallecano de Madrid,0,1,es.1,FALSE
2025-01-31,Parma Calcio 1913,US Lecce,1,3,it.1,FALSE
2025-01-31,SV Werder Bremen,1. FSV Mainz 05,1,0,de.1,FALSE
2025-02-01,Nottingham Forest,Brighton & Hove Albion,7,0,en.1,FALSE
2025-02-01,Newcastle United,Fulham,1,2,en.1,FALSE
2025-02-01,Everton,Leicester City,4,0,en.1,FALSE
2025-02-01,AFC Bournemouth,Liverpool,0,2,en.1,FALSE
2025-02-01,Ipswich Town,Southampton,1,2,en.1,FALSE
2025-02-01,Wolverhampton Wanderers,Aston Villa,2,0,en.1,FALSE
2025-02-01,Getafe CF,Sevilla,0,0,es.1,FALSE
2025-02-01,Villarreal CF,Real Valladolid CF,5,1,es.1,FALSE
2025-02-01,Club Atlético de Madrid,RCD Mallorca,2,0,es.1,FALSE
2025-02-01,RCD Espanyol de Barcelona,Real Madrid CF,1,0,es.1,FALSE
2025-02-01,AC Monza,Hellas Verona,0,1,it.1,FALSE
2025-02-01,Udinese Calcio,Venezia,3,2,it.1,FALSE
2025-02-01,Atalanta BC,Torino,1,1,it.1,FALSE
2025-02-01,Bologna FC 1909,Como 1907,2,0,it.1,FALSE
2025-02-01,1. FC Heidenheim 1846,Borussia Dortmund,1,2,de.1,FALSE
2025-02-01,VfL Bochum 1848,SC Freiburg,0,1,de.1,FALSE
2025-02-01,FC St. Pauli 1910,FC Augsburg,1,1,de.1,FALSE
2025-02-01,VfB Stuttgart,Borussia Mönchengladbach,1,2,de.1,FALSE
2025-02-01,FC Bayern München,Holstein Kiel,4,3,de.1,FALSE
2025-02-01,1. FC Union Berlin,RB Leipzig,0,0,de.1,FALSE
2025-02-02,Manchester United,Crystal Palace,0,2,en.1,FALSE
2025-02-02,Brentford,Tottenham Hotspur,0,2,en.1,FALSE
2025-02-02,Arsenal,Manchester City,5,1,en.1,FALSE
2025-02-02,FC Barcelona,Deportivo Alavés,1,0,es.1,FALSE
2025-02-02,Valencia CF,RC Celta de Vigo,2,1,es.1,FALSE
2025-02-02,CA Osasuna,Real Sociedad de Fútbol,2,1,es.1,FALSE
2025-02-02,Real Betis Balompié,Athletic Club,2,2,es.1,FALSE
2025-02-02,Juventus,Empoli,4,1,it.1,FALSE
2025-02-02,ACF Fiorentina,Genoa CFC,2,1,it.1,FALSE
2025-02-02,AC Milan,FC Internazionale Milano,1,1,it.1,FALSE
2025-02-02,AS Roma,SSC Napoli,1,1,it.1,FALSE
2025-02-02,Eintracht Frankfurt,VfL Wolfsburg,1,1,de.1,FALSE
2025-02-02,Bayer 04 Leverkusen,TSG 1899 Hoffenheim,3,1,de.1,FALSE
2025-02-03,Chelsea,West Ham United,2,1,en.1,FALSE
2025-02-03,Girona,UD Las Palmas,2,1,es.1,FALSE
2025-02-03,Cagliari Calcio,SS Lazio,1,2,it.1,FALSE
2025-02-06,ACF Fiorentina,FC Internazionale Milano,3,0,it.1,FALSE
2025-02-07,Rayo Vallecano de Madrid,Real Valladolid CF,1,0,es.1,FALSE
2025-02-07,Como 1907,Juventus,1,2,it.1,FALSE
2025-02-07,FC Bayern München,SV Werder Bremen,3,0,de.1,FALSE
2025-02-08,RC Celta de Vigo,Real Betis Balompié,3,2,es.1,FALSE
2025-02-08,Athletic Club,Girona,3,0,es.1,FALSE
2025-02-08,UD Las Palmas,Villarreal CF,1,2,es.1,FALSE
2025-02-08,Real Madrid CF,Club Atlético de Madrid,1,1,es.1,FALSE
2025-02-08,Hellas Verona,Atalanta BC,0,5,it.1,FALSE
2025-02-08,Empoli,AC Milan,0,2,it.1,FALSE
2025-02-08,Torino,Genoa CFC,1,1,it.1,FALSE
2025-02-08,VfL Wolfsburg,Bayer 04 Leverkusen,0,0,de.1,FALSE
2025-02-08,Borussia Dortmund,VfB Stuttgart,1,2,de.1,FALSE
2025-02-08,SC Freiburg,1. FC Heidenheim 1846,1,0,de.1,FALSE
2025-02-08,1. FSV Mainz 05,FC Augsburg,0,0,de.1,FALSE
2025-02-08,TSG 1899 Hoffenheim,1. FC Union Berlin,0,4,de.1,FALSE
2025-02-08,Borussia Mönchengladbach,Eintracht Frankfurt,1,1,de.1,FALSE
2025-02-09,Deportivo Alavés,Getafe CF,0,1,es.1,FALSE
2025-02-09,Valencia CF,CD Leganés,2,0,es.1,FALSE
2025-02-09,Real Sociedad de Fútbol,RCD Espanyol de Barcelona,2,1,es.1,FALSE
2025-02-09,Sevilla,FC Barcelona,1,4,es.1,FALSE
2025-02-09,Venezia,AS Roma,0,1,it.1,FALSE
2025-02-09,Cagliari Calcio,Parma Calcio 1913,2,1,it.1,FALSE
2025-02-09,SS Lazio,AC Monza,5,1,it.1,FALSE
2025-02-09,US Lecce,Bologna FC 1909,0,0,it.1,FALSE
2025-02-09,SSC Napoli,Udinese Calcio,1,1,it.1,FALSE
2025-02-09,Holstein Kiel,VfL Bochum 1848,2,2,de.1,FALSE
2025-02-09,RB Leipzig,FC St. Pauli 1910,2,0,de.1,FALSE
2025-02-10,RCD Mallorca,CA Osasuna,1,1,es.1,FALSE
2025-02-10,FC Internazionale Milano,ACF Fiorentina,2,1,it.1,FALSE
2025-02-11,Stade Brestois 29,Paris Saint-Germain,0,3,uefa.cl,FALSE
2025-02-11,Manchester City,Real Madrid CF,2,3,uefa.cl,FALSE
2025-02-11,Juventus,PSV,2,1,uefa.cl,FALSE
2025-02-11,Sporting Clube de Portugal,Borussia Dortmund,0,3,uefa.cl,FALSE
2025-02-12,Everton,Liverpool,2,2,en.1,FALSE
2025-02-12,Club Brugge KV,Atalanta BC,2,1,uefa.cl,FALSE
2025-02-12,AS Monaco,Sport Lisboa e Benfica,0,1,uefa.cl,FALSE
2025-02-12,Celtic,FC Bayern München,1,2,uefa.cl,FALSE
2025-02-12,Feyenoord Rotterdam,AC Milan,1,0,uefa.cl,FALSE
2025-02-14,Brighton & Hove Albion,Chelsea,3,0,en.1,FALSE
2025-02-14,Girona,Getafe CF,1,2,es.1,FALSE
2025-02-14,Bologna FC 1909,Torino,3,2,it.1,FALSE
2025-02-14,FC Augsburg,RB Leipzig,0,0,de.1,FALSE
2025-02-15,Leicester City,Arsenal,0,2,en.1,FALSE
2025-02-15,Southampton,AFC Bournemouth,1,3,en.1,FALSE
2025-02-15,West Ham United,Brentford,0,1,en.1,FALSE
2025-02-15,Aston Villa,Ipswich Town,1,1,en.1,FALSE
2025-02-15,Manchester City,Newcastle United,4,0,en.1,FALSE
2025-02-15,Fulham,Nottingham Forest,2,1,en.1,FALSE
2025-02-15,Crystal Palace,Everton,1,2,en.1,FALSE
2025-02-15,CD Leganés,Deportivo Alavés,3,3,es.1,FALSE
2025-02-15,CA Osasuna,Real Madrid CF,1,1,es.1,FALSE
2025-02-15,Club Atlético de Madrid,RC Celta de Vigo,1,1,es.1,FALSE
2025-02-15,Villarreal CF,Valencia CF,1,1,es.1,FALSE
2025-02-15,Atalanta BC,Cagliari Calcio,0,0,it.1,FALSE
2025-02-15,SS Lazio,SSC Napoli,2,2,it.1,FALSE
2025-02-15,AC Milan,Hellas Verona,1,0,it.1,FALSE
2025-02-15,VfL Bochum 1848,Borussia Dortmund,2,0,de.1,FALSE
2025-02-15,FC St. Pauli 1910,SC Freiburg,0,1,de.1,FALSE
2025-02-15,VfB Stuttgart,VfL Wolfsburg,1,2,de.1,FALSE
2025-02-15,1. FC Union Berlin,Borussia Mönchengladbach,1,2,de.1,FALSE
2025-02-15,Bayer 04 Leverkusen,FC Bayern München,0,0,de.1,FALSE
2025-02-16,Liverpool,Wolverhampton Wanderers,2,1,en.1,FALSE
2025-02-16,Tottenham Hotspur,Manchester United,1,0,en.1,FALSE
2025-02-16,RCD Espanyol de Barcelona,Athletic Club,1,1,es.1,FALSE
2025-02-16,Real Valladolid CF,Sevilla,0,4,es.1,FALSE
2025-02-16,RCD Mallorca,UD Las Palmas,3,1,es.1,FALSE
2025-02-16,Real Betis Balompié,Real Sociedad de Fútbol,3,0,es.1,FALSE
2025-02-16,ACF Fiorentina,Como 1907,0,2,it.1,FALSE
2025-02-16,AC Monza,US Lecce,0,0,it.1,FALSE
2025-02-16,Udinese Calcio,Empoli,3,0,it.1,FALSE
2025-02-16,Parma Calcio 1913,AS Roma,0,1,it.1,FALSE
2025-02-16,Juventus,FC Internazionale Milano,1,0,it.1,FALSE
2025-02-16,SV Werder Bremen,TSG 1899 Hoffenheim,1,3,de.1,FALSE
2025-02-16,Eintracht Frankfurt,Holstein Kiel,3,1,de.1,FALSE
2025-02-16,1. FC Heidenheim 1846,1. FSV Mainz 05,0,2,de.1,FALSE
2025-02-17,FC Barcelona,Rayo Vallecano de Madrid,1,0,es.1,FALSE
2025-02-17,Genoa CFC,Venezia,2,0,it.1,FALSE
2025-02-18,AC Milan,Feyenoord Rotterdam,1,1,uefa.cl,FALSE
2025-02-18,Sport Lisboa e Benfica,AS Monaco,3,3,uefa.cl,FALSE
2025-02-18,FC Bayern München,Celtic,1,1,uefa.cl,FALSE
2025-02-18,Atalanta BC,Club Brugge KV,1,3,uefa.cl,FALSE
2025-02-19,Aston Villa,Liverpool,2,2,en.1,FALSE
2025-02-19,Borussia Dortmund,Sporting Clube de Portugal,0,0,uefa.cl,FALSE
2025-02-19,Paris Saint-Germain,Stade Brestois 29,7,0,uefa.cl,FALSE
2025-02-19,Real Madrid CF,Manchester City,3,1,uefa.cl,FALSE
2025-02-19,PSV,Juventus,3,1,uefa.cl,FALSE
2025-02-21,Leicester City,Brentford,0,4,en.1,FALSE
2025-02-21,RC Celta de Vigo,CA Osasuna,1,0,es.1,FALSE
2025-02-21,US Lecce,Udinese Calcio,0,1,it.1,FALSE
2025-02-21,SC Freiburg,SV Werder Bremen,5,0,de.1,FALSE
2025-02-22,Everton,Manchester United,2,2,en.1,FALSE
2025-02-22,Ipswich Town,Tottenham Hotspur,1,4,en.1,FALSE
2025-02-22,Fulham,Crystal Palace,0,2,en.1,FALSE
2025-02-22,Arsenal,West Ham United,0,1,en.1,FALSE
2025-02-22,AFC Bournemouth,Wolverhampton Wanderers,0,1,en.1,FALSE
2025-02-22,Southampton,Brighton & Hove Albion,0,4,en.1,FALSE
2025-02-22,Aston Villa,Chelsea,2,1,en.1,FALSE
2025-02-22,Deportivo Alavés,RCD Espanyol de Barcelona,0,1,es.1,FALSE
2025-02-22,Rayo Vallecano de Madrid,Villarreal CF,0,1,es.1,FALSE
2025-02-22,Valencia CF,Club Atlético de Madrid,0,3,es.1,FALSE
2025-02-22,UD Las Palmas,FC Barcelona,0,2,es.1,FALSE
2025-02-22,Parma Calcio 1913,Bologna FC 1909,2,0,it.1,FALSE
2025-02-22,Venezia,SS Lazio,0,0,it.1,FALSE
2025-02-22,Torino,AC Milan,2,1,it.1,FALSE
2025-02-22,FC Internazionale Milano,Genoa CFC,1,0,it.1,FALSE
2025-02-22,Holstein Kiel,Bayer 04 Leverkusen,0,2,de.1,FALSE
2025-02-22,Borussia Mönchengladbach,FC Augsburg,0,3,de.1,FALSE
2025-02-22,VfL Wolfsburg,VfL Bochum 1848,1,1,de.1,FALSE
2025-02-22,1. FSV Mainz 05,FC St. Pauli 1910,2,0,de.1,FALSE
2025-02-22,Borussia Dortmund,1. FC Union Berlin,6,0,de.1,FALSE
2025-02-23,Newcastle United,Nottingham Forest,4,3,en.1,FALSE
2025-02-23,Manchester City,Liverpool,0,2,en.1,FALSE
2025-02-23,Athletic Club,Real Valladolid CF,7,1,es.1,FALSE
2025-02-23,Real Madrid CF,Girona,2,0,es.1,FALSE
2025-02-23,Getafe CF,Real Betis Balompié,1,2,es.1,FALSE
2025-02-23,Real Sociedad de Fútbol,CD Leganés,3,0,es.1,FALSE
2025-02-23,Como 1907,SSC Napoli,2,1,it.1,FALSE
2025-02-23,Hellas Verona,ACF Fiorentina,1,0,it.1,FALSE
2025-02-23,Empoli,Atalanta BC,0,5,it.1,FALSE
2025-02-23,Cagliari Calcio,Juventus,0,1,it.1,FALSE
2025-02-23,RB Leipzig,1. FC Heidenheim 1846,2,2,de.1,FALSE
2025-02-23,FC Bayern München,Eintracht Frankfurt,4,0,de.1,FALSE
2025-02-23,TSG 1899 Hoffenheim,VfB Stuttgart,1,1,de.1,FALSE
2025-02-24,Sevilla,RCD Mallorca,1,1,es.1,FALSE
2025-02-24,AS Roma,AC Monza,4,0,it.1,FALSE
2025-02-25,Brighton & Hove Albion,AFC Bournemouth,2,1,en.1,FALSE
2025-02-25,Crystal Palace,Aston Villa,4,1,en.1,FALSE
2025-02-25,Wolverhampton Wanderers,Fulham,1,2,en.1,FALSE
2025-02-25,Chelsea,Southampton,4,0,en.1,FALSE
2025-02-26,Nottingham Forest,Arsenal,0,0,en.1,FALSE
2025-02-26,Brentford,Everton,1,1,en.1,FALSE
2025-02-26,Tottenham Hotspur,Manchester City,0,1,en.1,FALSE
2025-02-26,Manchester United,Ipswich Town,3,2,en.1,FALSE
2025-02-26,Liverpool,Newcastle United,2,0,en.1,FALSE
2025-02-27,West Ham United,Leicester City,2,0,en.1,FALSE
2025-02-27,Bologna FC 1909,AC Milan,2,1,it.1,FALSE
2025-02-28,Real Valladolid CF,UD Las Palmas,1,1,es.1,FALSE
2025-02-28,ACF Fiorentina,US Lecce,1,0,it.1,FALSE
2025-02-28,VfB Stuttgart,FC Bayern München,1,3,de.1,FALSE
2025-03-01,Girona,RC Celta de Vigo,2,2,es.1,FALSE
2025-03-01,Rayo Vallecano de Madrid,Sevilla,1,1,es.1,FALSE
2025-03-01,Real Betis Balompié,Real Madrid CF,2,1,es.1,FALSE
2025-03-01,Club Atlético de Madrid,Athletic Club,1,0,es.1,FALSE
2025-03-01,Atalanta BC,Venezia,0,0,it.1,FALSE
2025-03-01,SSC Napoli,FC Internazionale Milano,1,1,it.1,FALSE
2025-03-01,Udinese Calcio,Parma Calcio 1913,1,0,it.1,FALSE
2025-03-01,FC St. Pauli 1910,Borussia Dortmund,0,2,de.1,FALSE
2025-03-01,VfL Bochum 1848,TSG 1899 Hoffenheim,0,1,de.1,FALSE
2025-03-01,SV Werder Bremen,VfL Wolfsburg,1,2,de.1,FALSE
2025-03-01,RB Leipzig,1. FSV Mainz 05,1,2,de.1,FALSE
2025-03-01,1. FC Heidenheim 1846,Borussia Mönchengladbach,0,3,de.1,FALSE
2025-03-01,Eintracht Frankfurt,Bayer 04 Leverkusen,1,4,de.1,FALSE
2025-03-02,CD Leganés,Getafe CF,1,0,es.1,FALSE
2025-03-02,FC Barcelona,Real Sociedad de Fútbol,4,0,es.1,FALSE
2025-03-02,RCD Mallorca,Deportivo Alavés,1,1,es.1,FALSE
2025-03-02,CA Osasuna,Valencia CF,3,3,es.1,FALSE
2025-03-02,AC Monza,Torino,0,2,it.1,FALSE
2025-03-02,Bologna FC 1909,Cagliari Calcio,2,1,it.1,FALSE
2025-03-02,Genoa CFC,Empoli,1,1,it.1,FALSE
2025-03-02,AS Roma,Como 1907,2,1,it.1,FALSE
2025-03-02,AC Milan,SS Lazio,1,2,it.1,FALSE
2025-03-02,1. FC Union Berlin,Holstein Kiel,0,1,de.1,FALSE
2025-03-02,FC Augsburg,SC Freiburg,0,0,de.1,FALSE
2025-03-03,Juventus,Hellas Verona,2,0,it.1,FALSE
2025-03-04,Club Brugge KV,Aston Villa,1,3,uefa.cl,TRUE
2025-03-04,Real Madrid CF,Club Atlético de Madrid,2,1,uefa.cl,TRUE
2025-03-04,PSV,Arsenal,1,7,uefa.cl,TRUE
2025-03-04,Borussia Dortmund,Lille OSC,1,1,uefa.cl,TRUE
2025-03-05,Feyenoord Rotterdam,FC Internazionale Milano,0,2,uefa.cl,TRUE
2025-03-05,Paris Saint-Germain,Liverpool,0,1,uefa.cl,TRUE
2025-03-05,FC Bayern München,Bayer 04 Leverkusen,3,0,uefa.cl,TRUE
2025-03-05,Sport Lisboa e Benfica,FC Barcelona,0,1,uefa.cl,TRUE
2025-03-07,Cagliari Calcio,Genoa CFC,1,1,it.1,FALSE
2025-03-07,Borussia Mönchengladbach,1. FSV Mainz 05,1,3,de.1,FALSE
2025-03-08,Nottingham Forest,Manchester City,1,0,en.1,FALSE
2025-03-08,Brighton & Hove Albion,Fulham,2,1,en.1,FALSE
2025-03-08,Crystal Palace,Ipswich Town,1,0,en.1,FALSE
2025-03-08,Liverpool,Southampton,3,1,en.1,FALSE
2025-03-08,Brentford,Aston Villa,0,1,en.1,FALSE
2025-03-08,Wolverhampton Wanderers,Everton,1,1,en.1,FALSE
2025-03-08,RC Celta de Vigo,CD Leganés,2,1,es.1,FALSE
2025-03-08,Deportivo Alavés,Villarreal CF,1,0,es.1,FALSE
2025-03-08,Valencia CF,Real Valladolid CF,2,1,es.1,FALSE
2025-03-08,Como 1907,Venezia,1,1,it.1,FALSE
2025-03-08,Parma Calcio 1913,Torino,2,2,it.1,FALSE
2025-03-08,US Lecce,AC Milan,2,3,it.1,FALSE
2025-03-08,FC Internazionale Milano,AC Monza,3,2,it.1,FALSE
2025-03-08,Holstein Kiel,VfB Stuttgart,2,2,de.1,FALSE
2025-03-08,Bayer 04 Leverkusen,SV Werder Bremen,0,2,de.1,FALSE
2025-03-08,Borussia Dortmund,FC Augsburg,0,1,de.1,FALSE
2025-03-08,FC Bayern München,VfL Bochum 1848,2,3,de.1,FALSE
2025-03-08,VfL Wolfsburg,FC St. Pauli 1910,1,1,de.1,FALSE
2025-03-08,SC Freiburg,RB Leipzig,0,0,de.1,FALSE
2025-03-09,Tottenham Hotspur,AFC Bournemouth,2,2,en.1,FALSE
2025-03-09,Chelsea,Leicester City,1,0,en.1,FALSE
2025-03-09,Manchester United,Arsenal,1,1,en.1,FALSE
2025-03-09,Getafe CF,Club Atlético de Madrid,2,1,es.1,FALSE
2025-03-09,Real Madrid CF,Rayo Vallecano de Madrid,2,1,es.1,FALSE
2025-03-09,Athletic Club,RCD Mallorca,1,1,es.1,FALSE
2025-03-09,Real Betis Balompié,UD Las Palmas,1,0,es.1,FALSE
2025-03-09,Real Sociedad de Fútbol,Sevilla,0,1,es.1,FALSE
2025-03-09,Hellas Verona,Bologna FC 1909,1,2,it.1,FALSE
2025-03-09,SSC Napoli,ACF Fiorentina,2,1,it.1,FALSE
2025-03-09,Empoli,AS Roma,0,1,it.1,FALSE
2025-03-09,Juventus,Atalanta BC,0,4,it.1,FALSE
2025-03-09,Eintracht Frankfurt,1. FC Union Berlin,1,2,de.1,FALSE
2025-03-09,TSG 1899 Hoffenheim,1. FC Heidenheim 1846,1,1,de.1,FALSE
2025-03-10,West Ham United,Newcastle United,0,1,en.1,FALSE
2025-03-10,RCD Espanyol de Barcelona,Girona,1,1,es.1,FALSE
2025-03-10,SS Lazio,Udinese Calcio,1,1,it.1,FALSE
2025-03-11,FC Barcelona,Sport Lisboa e Benfica,3,1,uefa.cl,TRUE
2025-03-11,Liverpool,Paris Saint-Germain,0,1,uefa.cl,TRUE
2025-03-11,FC Internazionale Milano,Feyenoord Rotterdam,2,1,uefa.cl,TRUE
2025-03-11,Bayer 04 Leverkusen,FC Bayern München,0,2,uefa.cl,TRUE
2025-03-12,Lille OSC,Borussia Dortmund,1,2,uefa.cl,TRUE
2025-03-12,Aston Villa,Club Brugge KV,3,0,uefa.cl,TRUE
2025-03-12,Club Atlético de Madrid,Real Madrid CF,1,0,uefa.cl,TRUE
2025-03-12,Arsenal,PSV,2,2,uefa.cl,TRUE
2025-03-14,UD Las Palmas,Deportivo Alavés,2,2,es.1,FALSE
2025-03-14,Genoa CFC,US Lecce,2,1,it.1,FALSE
2025-03-14,FC St. Pauli 1910,TSG 1899 Hoffenheim,1,0,de.1,FALSE
2025-03-15,Everton,West Ham United,1,1,en.1,FALSE
2025-03-15,Ipswich Town,Nottingham Forest,2,4,en.1,FALSE
2025-03-15,Manchester City,Brighton & Hove Albion,2,2,en.1,FALSE
2025-03-15,Southampton,Wolverhampton Wanderers,1,2,en.1,FALSE
2025-03-15,AFC Bournemouth,Brentford,1,2,en.1,FALSE
2025-03-15,Real Valladolid CF,RC Celta de Vigo,0,1,es.1,FALSE
2025-03-15,RCD Mallorca,RCD Espanyol de Barcelona,2,1,es.1,FALSE
2025-03-15,Villarreal CF,Real Madrid CF,1,2,es.1,FALSE
2025-03-15,Girona,Valencia CF,1,1,es.1,FALSE
2025-03-15,AC Monza,Parma Calcio 1913,1,1,it.1,FALSE
2025-03-15,Udinese Calcio,Hellas Verona,0,1,it.1,FALSE
2025-03-15,AC Milan,Como 1907,2,1,it.1,FALSE
2025-03-15,Torino,Empoli,1,0,it.1,FALSE
2025-03-15,1. FC Union Berlin,FC Bayern München,1,1,de.1,FALSE
2025-03-15,1. FSV Mainz 05,SC Freiburg,2,2,de.1,FALSE
2025-03-15,FC Augsburg,VfL Wolfsburg,1,0,de.1,FALSE
2025-03-15,SV Werder Bremen,Borussia Mönchengladbach,2,4,de.1,FALSE
2025-03-15,RB Leipzig,Borussia Dortmund,2,0,de.1,FALSE
2025-03-16,Arsenal,Chelsea,1,0,en.1,FALSE
2025-03-16,Fulham,Tottenham Hotspur,2,0,en.1,FALSE
2025-03-16,Leicester City,Manchester United,0,3,en.1,FALSE
2025-03-16,CD Leganés,Real Betis Balompié,2,3,es.1,FALSE
2025-03-16,Sevilla,Athletic Club,0,1,es.1,FALSE
2025-03-16,CA Osasuna,Getafe CF,1,2,es.1,FALSE
2025-03-16,Rayo Vallecano de Madrid,Real Sociedad de Fútbol,2,2,es.1,FALSE
2025-03-16,Club Atlético de Madrid,FC Barcelona,2,4,es.1,FALSE
2025-03-16,Venezia,SSC Napoli,0,0,it.1,FALSE
2025-03-16,Bologna FC 1909,SS Lazio,5,0,it.1,FALSE
2025-03-16,AS Roma,Cagliari Calcio,1,0,it.1,FALSE
2025-03-16,ACF Fiorentina,Juventus,3,0,it.1,FALSE
2025-03-16,Atalanta BC,FC Internazionale Milano,0,2,it.1,FALSE
2025-03-16,VfL Bochum 1848,Eintracht Frankfurt,1,3,de.1,FALSE
2025-03-16,1. FC Heidenheim 1846,Holstein Kiel,3,1,de.1,FALSE
2025-03-16,VfB Stuttgart,Bayer 04 Leverkusen,3,4,de.1,FALSE
2025-03-27,FC Barcelona,CA Osasuna,3,0,es.1,FALSE
2025-03-28,Bayer 04 Leverkusen,VfL Bochum 1848,3,1,de.1,FALSE
2025-03-29,Real Sociedad de Fútbol,Real Valladolid CF,2,1,es.1,FALSE
2025-03-29,RCD Espanyol de Barcelona,Club Atlético de Madrid,1,1,es.1,FALSE
2025-03-29,Deportivo Alavés,Rayo Vallecano de Madrid,0,2,es.1,FALSE
2025-03-29,Real Madrid CF,CD Leganés,3,2,es.1,FALSE
2025-03-29,Como 1907,Empoli,1,1,it.1,FALSE
2025-03-29,Venezia,Bologna FC 1909,0,1,it.1,FALSE
2025-03-29,Juventus,Genoa CFC,1,0,it.1,FALSE
2025-03-29,US Lecce,AS Roma,0,1,it.1,FALSE
2025-03-29,Borussia Mönchengladbach,RB Leipzig,1,0,de.1,FALSE
2025-03-29,VfL Wolfsburg,1. FC Heidenheim 1846,0,1,de.1,FALSE
2025-03-29,Holstein Kiel,SV Werder Bremen,0,3,de.1,FALSE
2025-03-29,TSG 1899 Hoffenheim,FC Augsburg,1,1,de.1,FALSE
2025-03-29,FC Bayern München,FC St. Pauli 1910,3,2,de.1,FALSE
2025-03-29,Eintracht Frankfurt,VfB Stuttgart,1,0,de.1,FALSE
2025-03-30,Getafe CF,Villarreal CF,1,2,es.1,FALSE
2025-03-30,FC Barcelona,Girona,4,1,es.1,FALSE
2025-03-30,Athletic Club,CA Osasuna,0,0,es.1,FALSE
2025-03-30,Valencia CF,RCD Mallorca,1,0,es.1,FALSE
2025-03-30,Real Betis Balompié,Sevilla,2,1,es.1,FALSE
2025-03-30,Cagliari Calcio,AC Monza,3,0,it.1,FALSE
2025-03-30,ACF Fiorentina,Atalanta BC,1,0,it.1,FALSE
2025-03-30,FC Internazionale Milano,Udinese Calcio,2,1,it.1,FALSE
2025-03-30,SSC Napoli,AC Milan,2,1,it.1,FALSE
2025-03-30,SC Freiburg,1. FC Union Berlin,1,2,de.1,FALSE
2025-03-30,Borussia Dortmund,1. FSV Mainz 05,3,1,de.1,FALSE
2025-03-31,RC Celta de Vigo,UD Las Palmas,1,1,es.1,FALSE
2025-03-31,Hellas Verona,Parma Calcio 1913,0,0,it.1,FALSE
2025-03-31,SS Lazio,Torino,1,1,it.1,FALSE
2025-04-01,Arsenal,Fulham,2,1,en.1,FALSE
2025-04-01,Wolverhampton Wanderers,West Ham United,1,0,en.1,FALSE
2025-04-01,Nottingham Forest,Manchester United,1,0,en.1,FALSE
2025-04-02,AFC Bournemouth,Ipswich Town,1,2,en.1,FALSE
2025-04-02,Brighton & Hove Albion,Aston Villa,0,3,en.1,FALSE
2025-04-02,Manchester City,Leicester City,2,0,en.1,FALSE
2025-04-02,Newcastle United,Brentford,2,1,en.1,FALSE
2025-04-02,Southampton,Crystal Palace,1,1,en.1,FALSE
2025-04-02,Liverpool,Everton,1,0,en.1,FALSE
2025-04-03,Chelsea,Tottenham Hotspur,1,0,en.1,FALSE
2025-04-04,Rayo Vallecano de Madrid,RCD Espanyol de Barcelona,0,4,es.1,FALSE
2025-04-04,Genoa CFC,Udinese Calcio,1,0,it.1,FALSE
2025-04-04,FC Augsburg,FC Bayern München,1,3,de.1,FALSE
2025-04-05,Everton,Arsenal,1,1,en.1,FALSE
2025-04-05,Crystal Palace,Brighton & Hove Albion,2,1,en.1,FALSE
2025-04-05,Ipswich Town,Wolverhampton Wanderers,1,2,en.1,FALSE
2025-04-05,West Ham United,AFC Bournemouth,2,2,en.1,FALSE
2025-04-05,Aston Villa,Nottingham Forest,2,1,en.1,FALSE
2025-04-05,Girona,Deportivo Alavés,0,1,es.1,FALSE
2025-04-05,Real Madrid CF,Valencia CF,1,2,es.1,FALSE
2025-04-05,RCD Mallorca,RC Celta de Vigo,1,2,es.1,FALSE
2025-04-05,FC Barcelona,Real Betis Balompié,1,1,es.1,FALSE
2025-04-05,AC Monza,Como 1907,1,3,it.1,FALSE
2025-04-05,Parma Calcio 1913,FC Internazionale Milano,2,2,it.1,FALSE
2025-04-05,AC Milan,ACF Fiorentina,2,2,it.1,FALSE
2025-04-05,1. FC Heidenheim 1846,Bayer 04 Leverkusen,0,1,de.1,FALSE
2025-04-05,VfL Bochum 1848,VfB Stuttgart,0,4,de.1,FALSE
2025-04-05,SC Freiburg,Borussia Dortmund,1,4,de.1,FALSE
2025-04-05,RB Leipzig,TSG 1899 Hoffenheim,3,1,de.1,FALSE
2025-04-05,1. FSV Mainz 05,Holstein Kiel,1,1,de.1,FALSE
2025-04-05,SV Werder Bremen,Eintracht Frankfurt,2,0,de.1,FALSE
2025-04-06,Brentford,Chelsea,0,0,en.1,FALSE
2025-04-06,Fulham,Liverpool,3,2,en.1,FALSE
2025-04-06,Tottenham Hotspur,Southampton,3,1,en.1,FALSE
2025-04-06,Manchester United,Manchester City,0,0,en.1,FALSE
2025-04-06,UD Las Palmas,Real Sociedad de Fútbol,1,3,es.1,FALSE
2025-04-06,Sevilla,Club Atlético de Madrid,1,2,es.1,FALSE
2025-04-06,Real Valladolid CF,Getafe CF,0,4,es.1,FALSE
2025-04-06,Villarreal CF,Athletic Club,0,0,es.1,FALSE
2025-04-06,US Lecce,Venezia,1,1,it.1,FALSE
2025-04-06,Empoli,Cagliari Calcio,0,0,it.1,FALSE
2025-04-06,Torino,Hellas Verona,1,1,it.1,FALSE
2025-04-06,Atalanta BC,SS Lazio,0,1,it.1,FALSE
2025-04-06,AS Roma,Juventus,1,1,it.1,FALSE
2025-04-06,FC St. Pauli 1910,Borussia Mönchengladbach,1,1,de.1,FALSE
2025-04-06,1. FC Union Berlin,VfL Wolfsburg,1,0,de.1,FALSE
2025-04-07,Leicester City,Newcastle United,0,3,en.1,FALSE
2025-04-07,CD Leganés,CA Osasuna,1,1,es.1,FALSE
2025-04-07,Bologna FC 1909,SSC Napoli,1,1,it.1,FALSE
2025-04-08,Arsenal,Real Madrid CF,3,0,uefa.cl,FALSE
2025-04-08,FC Bayern München,FC Internazionale Milano,1,2,uefa.cl,FALSE
2025-04-09,Paris Saint-Germain,Aston Villa,3,1,uefa.cl,FALSE
2025-04-09,FC Barcelona,Borussia Dortmund,4,0,uefa.cl,FALSE
2025-04-11,Valencia CF,Sevilla,1,0,es.1,FALSE
2025-04-11,Udinese Calcio,AC Milan,0,4,it.1,FALSE
2025-04-11,VfL Wolfsburg,RB Leipzig,2,3,de.1,FALSE
2025-04-12,Manchester City,Crystal Palace,5,2,en.1,FALSE
2025-04-12,Brighton & Hove Albion,Leicester City,2,2,en.1,FALSE
2025-04-12,Nottingham Forest,Everton,0,1,en.1,FALSE
2025-04-12,Southampton,Aston Villa,0,3,en.1,FALSE
2025-04-12,Arsenal,Brentford,1,1,en.1,FALSE
2025-04-12,Real Sociedad de Fútbol,RCD Mallorca,0,2,es.1,FALSE
2025-04-12,Getafe CF,UD Las Palmas,1,3,es.1,FALSE
2025-04-12,RC Celta de Vigo,RCD Espanyol de Barcelona,0,2,es.1,FALSE
2025-04-12,CD Leganés,FC Barcelona,0,1,es.1,FALSE
2025-04-12,Venezia,AC Monza,1,0,it.1,FALSE
2025-04-12,FC Internazionale Milano,Cagliari Calcio,3,1,it.1,FALSE
2025-04-12,Juventus,US Lecce,2,1,it.1,FALSE
2025-04-12,Borussia Mönchengladbach,SC Freiburg,1,2,de.1,FALSE
2025-04-12,VfL Bochum 1848,FC Augsburg,1,2,de.1,FALSE
2025-04-12,TSG 1899 Hoffenheim,1. FSV Mainz 05,2,0,de.1,FALSE
2025-04-12,Bayer 04 Leverkusen,1. FC Union Berlin,0,0,de.1,FALSE
2025-04-12,Holstein Kiel,FC St. Pauli 1910,1,2,de.1,FALSE
2025-04-12,FC Bayern München,Borussia Dortmund,2,2,de.1,FALSE
2025-04-13,Chelsea,Ipswich Town,2,2,en.1,FALSE
2025-04-13,Liverpool,West Ham United,2,1,en.1,FALSE
2025-04-13,Wolverhampton Wanderers,Tottenham Hotspur,4,2,en.1,FALSE
2025-04-13,Newcastle United,Manchester United,4,1,en.1,FALSE
2025-04-13,CA Osasuna,Girona,2,1,es.1,FALSE
2025-04-13,Deportivo Alavés,Real Madrid CF,0,1,es.1,FALSE
2025-04-13,Real Betis Balompié,Villarreal CF,1,2,es.1,FALSE
2025-04-13,Athletic Club,Rayo Vallecano de Madrid,3,1,es.1,FALSE
2025-04-13,Atalanta BC,Bologna FC 1909,2,0,it.1,FALSE
2025-04-13,ACF Fiorentina,Parma Calcio 1913,0,0,it.1,FALSE
2025-04-13,Hellas Verona,Genoa CFC,0,0,it.1,FALSE
2025-04-13,Como 1907,Torino,1,0,it.1,FALSE
2025-04-13,SS Lazio,AS Roma,1,1,it.1,FALSE
2025-04-13,VfB Stuttgart,SV Werder Bremen,1,2,de.1,FALSE
2025-04-13,Eintracht Frankfurt,1. FC Heidenheim 1846,3,0,de.1,FALSE
2025-04-14,AFC Bournemouth,Fulham,1,0,en.1,FALSE
2025-04-14,Club Atlético de Madrid,Real Valladolid CF,4,2,es.1,FALSE
2025-04-14,SSC Napoli,Empoli,3,0,it.1,FALSE
2025-04-15,Aston Villa,Paris Saint-Germain,3,2,uefa.cl,FALSE
2025-04-15,Borussia Dortmund,FC Barcelona,3,1,uefa.cl,FALSE
2025-04-16,Newcastle United,Crystal Palace,5,0,en.1,FALSE
2025-04-16,Real Madrid CF,Arsenal,1,2,uefa.cl,FALSE
2025-04-16,FC Internazionale Milano,FC Bayern München,2,2,uefa.cl,FALSE
2025-04-18,RCD Espanyol de Barcelona,Getafe CF,1,0,es.1,FALSE
2025-04-19,Brentford,Brighton & Hove Albion,4,2,en.1,FALSE
2025-04-19,Crystal Palace,AFC Bournemouth,0,0,en.1,FALSE
2025-04-19,Everton,Manchester City,0,2,en.1,FALSE
2025-04-19,West Ham United,Southampton,1,1,en.1,FALSE
2025-04-19,Aston Villa,Newcastle United,4,1,en.1,FALSE
2025-04-19,Rayo Vallecano de Madrid,Valencia CF,1,1,es.1,FALSE
2025-04-19,FC Barcelona,RC Celta de Vigo,4,3,es.1,FALSE
2025-04-19,RCD Mallorca,CD Leganés,0,0,es.1,FALSE
2025-04-19,UD Las Palmas,Club Atlético de Madrid,1,0,es.1,FALSE
2025-04-19,US Lecce,Como 1907,0,3,it.1,FALSE
2025-04-19,AC Monza,SSC Napoli,0,1,it.1,FALSE
2025-04-19,AS Roma,Hellas Verona,1,0,it.1,FALSE
2025-04-19,1. FC Heidenheim 1846,FC Bayern München,0,4,de.1,FALSE
2025-04-19,SC Freiburg,TSG 1899 Hoffenheim,3,2,de.1,FALSE
2025-04-19,1. FSV Mainz 05,VfL Wolfsburg,2,2,de.1,FALSE
2025-04-19,SV Werder Bremen,VfL Bochum 1848,1,0,de.1,FALSE
2025-04-19,RB Leipzig,Holstein Kiel,1,1,de.1,FALSE
2025-04-19,1. FC Union Berlin,VfB Stuttgart,4,4,de.1,FALSE
2025-04-20,Fulham,Chelsea,1,2,en.1,FALSE
2025-04-20,Ipswich Town,Arsenal,0,4,en.1,FALSE
2025-04-20,Manchester United,Wolverhampton Wanderers,0,1,en.1,FALSE
2025-04-20,Leicester City,Liverpool,0,1,en.1,FALSE
2025-04-20,Real Valladolid CF,CA Osasuna,2,3,es.1,FALSE
2025-04-20,Villarreal CF,Real Sociedad de Fútbol,2,2,es.1,FALSE
2025-04-20,Sevilla,Deportivo Alavés,1,1,es.1,FALSE
2025-04-20,Real Madrid CF,Athletic Club,1,0,es.1,FALSE
2025-04-20,Empoli,Venezia,2,2,it.1,FALSE
2025-04-20,Bologna FC 1909,FC Internazionale Milano,1,0,it.1,FALSE
2025-04-20,AC Milan,Atalanta BC,0,1,it.1,FALSE
2025-04-20,FC Augsburg,Eintracht Frankfurt,0,0,de.1,FALSE
2025-04-20,Borussia Dortmund,Borussia Mönchengladbach,3,2,de.1,FALSE
2025-04-20,FC St. Pauli 1910,Bayer 04 Leverkusen,1,1,de.1,FALSE
2025-04-21,Tottenham Hotspur,Nottingham Forest,1,2,en.1,FALSE
2025-04-21,Girona,Real Betis Balompié,1,3,es.1,FALSE
2025-04-22,Manchester City,Aston Villa,2,1,en.1,FALSE
2025-04-22,Valencia CF,RCD Espanyol de Barcelona,1,1,es.1,FALSE
2025-04-22,FC Barcelona,RCD Mallorca,1,0,es.1,FALSE
2025-04-23,Arsenal,Crystal Palace,2,2,en.1,FALSE
2025-04-23,Athletic Club,UD Las Palmas,1,0,es.1,FALSE
2025-04-23,RC Celta de Vigo,Villarreal CF,3,0,es.1,FALSE
2025-04-23,Deportivo Alavés,Real Sociedad de Fútbol,1,0,es.1,FALSE
2025-04-23,Getafe CF,Real Madrid CF,0,1,es.1,FALSE
2025-04-23,Cagliari Calcio,ACF Fiorentina,1,2,it.1,FALSE
2025-04-23,Genoa CFC,SS Lazio,0,2,it.1,FALSE
2025-04-23,Parma Calcio 1913,Juventus,1,0,it.1,FALSE
2025-04-23,Torino,Udinese Calcio,2,0,it.1,FALSE
2025-04-24,CA Osasuna,Sevilla,1,0,es.1,FALSE
2025-04-24,CD Leganés,Girona,1,1,es.1,FALSE
2025-04-24,Club Atlético de Madrid,Rayo Vallecano de Madrid,3,0,es.1,FALSE
2025-04-24,Real Betis Balompié,Real Valladolid CF,5,1,es.1,FALSE
2025-04-25,VfB Stuttgart,1. FC Heidenheim 1846,0,1,de.1,FALSE
2025-04-26,Chelsea,Everton,1,0,en.1,FALSE
2025-04-26,Brighton & Hove Albion,West Ham United,3,2,en.1,FALSE
2025-04-26,Newcastle United,Ipswich Town,3,0,en.1,FALSE
2025-04-26,Southampton,Fulham,1,2,en.1,FALSE
2025-04-26,Wolverhampton Wanderers,Leicester City,3,0,en.1,FALSE
2025-04-26,TSG 1899 Hoffenheim,Borussia Dortmund,2,3,de.1,FALSE
2025-04-26,VfL Wolfsburg,SC Freiburg,0,1,de.1,FALSE
2025-04-26,FC Bayern München,1. FSV Mainz 05,3,0,de.1,FALSE
2025-04-26,Holstein Kiel,Borussia Mönchengladbach,4,3,de.1,FALSE
2025-04-26,Bayer 04 Leverkusen,FC Augsburg,2,0,de.1,FALSE
2025-04-26,Eintracht Frankfurt,RB Leipzig,4,0,de.1,FALSE
2025-04-27,AFC Bournemouth,Manchester United,1,1,en.1,FALSE
2025-04-27,Liverpool,Tottenham Hotspur,5,1,en.1,FALSE
2025-04-27,Villarreal CF,RCD Espanyol de Barcelona,1,0,es.1,FALSE
2025-04-27,Como 1907,Genoa CFC,1,0,it.1,FALSE
2025-04-27,Venezia,AC Milan,0,2,it.1,FALSE
2025-04-27,ACF Fiorentina,Empoli,2,1,it.1,FALSE
2025-04-27,FC Internazionale Milano,AS Roma,0,1,it.1,FALSE
2025-04-27,Juventus,AC Monza,2,0,it.1,FALSE
2025-04-27,Atalanta BC,US Lecce,1,1,it.1,FALSE
2025-04-27,SSC Napoli,Torino,2,0,it.1,FALSE
2025-04-27,VfL Bochum 1848,1. FC Union Berlin,1,1,de.1,FALSE
2025-04-27,SV Werder Bremen,FC St. Pauli 1910,0,0,de.1,FALSE
2025-04-28,Udinese Calcio,Bologna FC 1909,0,0,it.1,FALSE
2025-04-28,Hellas Verona,Cagliari Calcio,0,2,it.1,FALSE
2025-04-28,SS Lazio,Parma Calcio 1913,2,2,it.1,FALSE
2025-04-29,Arsenal,Paris Saint-Germain,0,1,uefa.cl,FALSE
2025-04-30,FC Barcelona,FC Internazionale Milano,3,3,uefa.cl,FALSE
2025-05-01,Nottingham Forest,Brentford,0,2,en.1,FALSE
2025-05-02,Manchester City,Wolverhampton Wanderers,1,0,en.1,FALSE
2025-05-02,Rayo Vallecano de Madrid,Getafe CF,1,0,es.1,FALSE
2025-05-02,Torino,Venezia,1,1,it.1,FALSE
2025-05-02,1. FC Heidenheim 1846,VfL Bochum 1848,0,0,de.1,FALSE
2025-05-03,Aston Villa,Fulham,1,0,en.1,FALSE
2025-05-03,Everton,Ipswich Town,2,2,en.1,FALSE
2025-05-03,Leicester City,Southampton,2,0,en.1,FALSE
2025-05-03,Arsenal,AFC Bournemouth,1,2,en.1,FALSE
2025-05-03,Deportivo Alavés,Club Atlético de Madrid,0,0,es.1,FALSE
2025-05-03,Villarreal CF,CA Osasuna,4,2,es.1,FALSE
2025-05-03,UD Las Palmas,Valencia CF,2,3,es.1,FALSE
2025-05-03,Real Valladolid CF,FC Barcelona,1,2,es.1,FALSE
2025-05-03,Cagliari Calcio,Udinese Calcio,1,2,it.1,FALSE
2025-05-03,Parma Calcio 1913,Como 1907,0,1,it.1,FALSE
2025-05-03,US Lecce,SSC Napoli,0,1,it.1,FALSE
2025-05-03,FC Internazionale Milano,Hellas Verona,1,0,it.1,FALSE
2025-05-03,FC St. Pauli 1910,VfB Stuttgart,0,1,de.1,FALSE
2025-05-03,RB Leipzig,FC Bayern München,3,3,de.1,FALSE
2025-05-03,Borussia Mönchengladbach,TSG 1899 Hoffenheim,4,4,de.1,FALSE
2025-05-03,1. FC Union Berlin,SV Werder Bremen,2,2,de.1,FALSE
2025-05-03,Borussia Dortmund,VfL Wolfsburg,4,0,de.1,FALSE
2025-05-04,Brentford,Manchester United,4,3,en.1,FALSE
2025-05-04,Brighton & Hove Albion,Newcastle United,1,1,en.1,FALSE
2025-05-04,West Ham United,Tottenham Hotspur,1,1,en.1,FALSE
2025-05-04,Chelsea,Liverpool,3,1,en.1,FALSE
2025-05-04,Real Madrid CF,RC Celta de Vigo,3,2,es.1,FALSE
2025-05-04,Sevilla,CD Leganés,2,2,es.1,FALSE
2025-05-04,RCD Espanyol de Barcelona,Real Betis Balompié,1,2,es.1,FALSE
2025-05-04,Real Sociedad de Fútbol,Athletic Club,0,0,es.1,FALSE
2025-05-04,Empoli,SS Lazio,0,1,it.1,FALSE
2025-05-04,AC Monza,Atalanta BC,0,4,it.1,FALSE
2025-05-04,AS Roma,ACF Fiorentina,1,0,it.1,FALSE
2025-05-04,Bologna FC 1909,Juventus,1,1,it.1,FALSE
2025-05-04,FC Augsburg,Holstein Kiel,1,3,de.1,FALSE
2025-05-04,SC Freiburg,Bayer 04 Leverkusen,2,2,de.1,FALSE
2025-05-04,1. FSV Mainz 05,Eintracht Frankfurt,1,1,de.1,FALSE
2025-05-05,Crystal Palace,Nottingham Forest,1,1,en.1,FALSE
2025-05-05,Girona,RCD Mallorca,1,0,es.1,FALSE
2025-05-05,Genoa CFC,AC Milan,1,2,it.1,FALSE
2025-05-06,FC Internazionale Milano,FC Barcelona,4,3,uefa.cl,FALSE
2025-05-07,Paris Saint-Germain,Arsenal,2,1,uefa.cl,FALSE
2025-05-09,UD Las Palmas,Rayo Vallecano de Madrid,0,1,es.1,FALSE
2025-05-09,AC Milan,Bologna FC 1909,3,1,it.1,FALSE
2025-05-09,VfL Wolfsburg,TSG 1899 Hoffenheim,2,2,de.1,FALSE
2025-05-10,Fulham,Everton,1,3,en.1,FALSE
2025-05-10,Ipswich Town,Brentford,0,1,en.1,FALSE
2025-05-10,Southampton,Manchester City,0,0,en.1,FALSE
2025-05-10,Wolverhampton Wanderers,Brighton & Hove Albion,0,2,en.1,FALSE
2025-05-10,AFC Bournemouth,Aston Villa,0,1,en.1,FALSE
2025-05-10,Valencia CF,Getafe CF,3,0,es.1,FALSE
2025-05-10,RC Celta de Vigo,Sevilla,3,2,es.1,FALSE
2025-05-10,Girona,Villarreal CF,0,1,es.1,FALSE
2025-05-10,RCD Mallorca,Real Valladolid CF,2,1,es.1,FALSE
2025-05-10,Club Atlético de Madrid,Real Sociedad de Fútbol,4,0,es.1,FALSE
2025-05-10,Como 1907,Cagliari Calcio,3,1,it.1,FALSE
2025-05-10,SS Lazio,Juventus,1,1,it.1,FALSE
2025-05-10,Empoli,Parma Calcio 1913,2,1,it.1,FALSE
2025-05-10,SV Werder Bremen,RB Leipzig,0,0,de.1,FALSE
2025-05-10,1. FC Union Berlin,1. FC Heidenheim 1846,0,3,de.1,FALSE
2025-05-10,Holstein Kiel,SC Freiburg,1,2,de.1,FALSE
2025-05-10,VfL Bochum 1848,1. FSV Mainz 05,1,4,de.1,FALSE
2025-05-10,FC Bayern München,Borussia Mönchengladbach,2,0,de.1,FALSE
2025-05-11,Newcastle United,Chelsea,2,0,en.1,FALSE
2025-05-11,Manchester United,West Ham United,0,2,en.1,FALSE
2025-05-11,Nottingham Forest,Leicester City,2,2,en.1,FALSE
2025-05-11,Tottenham Hotspur,Crystal Palace,0,2,en.1,FALSE
2025-05-11,Liverpool,Arsenal,2,2,en.1,FALSE
2025-05-11,CD Leganés,RCD Espanyol de Barcelona,3,2,es.1,FALSE
2025-05-11,FC Barcelona,Real Madrid CF,4,3,es.1,FALSE
2025-05-11,Athletic Club,Deportivo Alavés,1,0,es.1,FALSE
2025-05-11,Real Betis Balompié,CA Osasuna,1,1,es.1,FALSE
2025-05-11,Udinese Calcio,AC Monza,1,2,it.1,FALSE
2025-05-11,Hellas Verona,US Lecce,1,1,it.1,FALSE
2025-05-11,Torino,FC Internazionale Milano,0,2,it.1,FALSE
2025-05-11,SSC Napoli,Genoa CFC,2,2,it.1,FALSE
2025-05-11,Bayer 04 Leverkusen,Borussia Dortmund,2,4,de.1,FALSE
2025-05-11,Eintracht Frankfurt,FC St. Pauli 1910,2,2,de.1,FALSE
2025-05-11,VfB Stuttgart,FC Augsburg,4,0,de.1,FALSE
2025-05-12,Venezia,ACF Fiorentina,2,1,it.1,FALSE
2025-05-12,Atalanta BC,AS Roma,2,1,it.1,FALSE
2025-05-13,Real Valladolid CF,Girona,0,1,es.1,FALSE
2025-05-13,Real Sociedad de Fútbol,RC Celta de Vigo,0,1,es.1,FALSE
2025-05-13,Sevilla,UD Las Palmas,1,0,es.1,FALSE
2025-05-14,Deportivo Alavés,Valencia CF,1,0,es.1,FALSE
2025-05-14,Villarreal CF,CD Leganés,3,0,es.1,FALSE
2025-05-14,Real Madrid CF,RCD Mallorca,2,1,es.1,FALSE
2025-05-15,CA Osasuna,Club Atlético de Madrid,2,0,es.1,FALSE
2025-05-15,Rayo Vallecano de Madrid,Real Betis Balompié,2,2,es.1,FALSE
2025-05-15,Getafe CF,Athletic Club,0,2,es.1,FALSE
2025-05-15,RCD Espanyol de Barcelona,FC Barcelona,0,2,es.1,FALSE
2025-05-16,Aston Villa,Tottenham Hotspur,2,0,en.1,FALSE
2025-05-16,Chelsea,Manchester United,1,0,en.1,FALSE
2025-05-17,Genoa CFC,Atalanta BC,2,3,it.1,FALSE
2025-05-17,1. FSV Mainz 05,Bayer 04 Leverkusen,2,2,de.1,FALSE
2025-05-17,RB Leipzig,VfB Stuttgart,2,3,de.1,FALSE
2025-05-17,TSG 1899 Hoffenheim,FC Bayern München,0,4,de.1,FALSE
2025-05-17,SC Freiburg,Eintracht Frankfurt,1,3,de.1,FALSE
2025-05-17,1. FC Heidenheim 1846,SV Werder Bremen,1,4,de.1,FALSE
2025-05-17,Borussia Mönchengladbach,VfL Wolfsburg,0,1,de.1,FALSE
2025-05-17,FC Augsburg,1. FC Union Berlin,1,2,de.1,FALSE
2025-05-17,FC St. Pauli 1910,VfL Bochum 1848,0,2,de.1,FALSE
2025-05-17,Borussia Dortmund,Holstein Kiel,3,0,de.1,FALSE
2025-05-18,Everton,Southampton,2,0,en.1,FALSE
2025-05-18,West Ham United,Nottingham Forest,1,2,en.1,FALSE
2025-05-18,Brentford,Fulham,2,3,en.1,FALSE
2025-05-18,Leicester City,Ipswich Town,2,0,en.1,FALSE
2025-05-18,Arsenal,Newcastle United,1,0,en.1,FALSE
2025-05-18,Club Atlético de Madrid,Real Betis Balompié,4,1,es.1,FALSE
2025-05-18,RC Celta de Vigo,Rayo Vallecano de Madrid,1,2,es.1,FALSE
2025-05-18,FC Barcelona,Villarreal CF,2,3,es.1,FALSE
2025-05-18,Sevilla,Real Madrid CF,0,2,es.1,FALSE
2025-05-18,Valencia CF,Athletic Club,0,1,es.1,FALSE
2025-05-18,RCD Mallorca,Getafe CF,1,2,es.1,FALSE
2025-05-18,Real Sociedad de Fútbol,Girona,3,2,es.1,FALSE
2025-05-18,Real Valladolid CF,Deportivo Alavés,0,1,es.1,FALSE
2025-05-18,UD Las Palmas,CD Leganés,0,1,es.1,FALSE
2025-05-18,CA Osasuna,RCD Espanyol de Barcelona,2,0,es.1,FALSE
2025-05-18,Cagliari Calcio,Venezia,3,0,it.1,FALSE
2025-05-18,ACF Fiorentina,Bologna FC 1909,3,2,it.1,FALSE
2025-05-18,Hellas Verona,Como 1907,1,1,it.1,FALSE
2025-05-18,FC Internazionale Milano,SS Lazio,2,2,it.1,FALSE
2025-05-18,Juventus,Udinese Calcio,2,0,it.1,FALSE
2025-05-18,US Lecce,Torino,1,0,it.1,FALSE
2025-05-18,AC Monza,Empoli,1,3,it.1,FALSE
2025-05-18,Parma Calcio 1913,SSC Napoli,0,0,it.1,FALSE
2025-05-18,AS Roma,AC Milan,3,1,it.1,FALSE
2025-05-19,Brighton & Hove Albion,Liverpool,3,2,en.1,FALSE
2025-05-20,Crystal Palace,Wolverhampton Wanderers,4,2,en.1,FALSE
2025-05-20,Manchester City,AFC Bournemouth,3,1,en.1,FALSE
2025-05-25,AFC Bournemouth,Leicester City,2,0,en.1,FALSE
2025-05-25,Fulham,Manchester City,0,2,en.1,FALSE
2025-05-25,Ipswich Town,West Ham United,1,3,en.1,FALSE
2025-05-25,Liverpool,Crystal Palace,1,1,en.1,FALSE
2025-05-25,Manchester United,Aston Villa,2,0,en.1,FALSE
2025-05-25,Newcastle United,Everton,0,1,en.1,FALSE
2025-05-25,Nottingham Forest,Chelsea,0,1,en.1,FALSE
2025-05-25,Southampton,Arsenal,1,2,en.1,FALSE
2025-05-25,Tottenham Hotspur,Brighton & Hove Albion,1,4,en.1,FALSE
2025-05-25,Wolverhampton Wanderers,Brentford,1,1,en.1,FALSE
2025-08-15,Liverpool,AFC Bournemouth,4,2,en.1,FALSE
2025-08-15,Girona,Rayo Vallecano de Madrid,1,3,es.1,FALSE
2025-08-15,Villarreal CF,Real Oviedo,2,0,es.1,FALSE
2025-08-16,Aston Villa,Newcastle United,0,0,en.1,FALSE
2025-08-16,Brighton & Hove Albion,Fulham,1,1,en.1,FALSE
2025-08-16,Sunderland,West Ham United,3,0,en.1,FALSE
2025-08-16,Tottenham Hotspur,Burnley,3,0,en.1,FALSE
2025-08-16,Wolverhampton Wanderers,Manchester City,0,4,en.1,FALSE
2025-08-16,RCD Mallorca,FC Barcelona,0,3,es.1,FALSE
2025-08-16,Deportivo Alavés,Levante UD,2,1,es.1,FALSE
2025-08-16,Valencia CF,Real Sociedad de Fútbol,1,1,es.1,FALSE
2025-08-17,Nottingham Forest,Brentford,3,1,en.1,FALSE
2025-08-17,Chelsea,Crystal Palace,0,0,en.1,FALSE
2025-08-17,Manchester United,Arsenal,0,1,en.1,FALSE
2025-08-17,RC Celta de Vigo,Getafe CF,0,2,es.1,FALSE
2025-08-17,Athletic Club,Sevilla,3,2,es.1,FALSE
2025-08-17,RCD Espanyol de Barcelona,Club Atlético de Madrid,2,1,es.1,FALSE
2025-08-18,Leeds United,Everton,1,0,en.1,FALSE
2025-08-18,Elche CF,Real Betis Balompié,1,1,es.1,FALSE
2025-08-19,Real Madrid CF,CA Osasuna,1,0,es.1,FALSE
2025-08-22,West Ham United,Chelsea,1,5,en.1,FALSE
2025-08-22,Real Betis Balompié,Deportivo Alavés,1,0,es.1,FALSE
2025-08-22,FC Bayern München,RB Leipzig,6,0,de.1,FALSE
2025-08-23,Manchester City,Tottenham Hotspur,0,2,en.1,FALSE
2025-08-23,AFC Bournemouth,Wolverhampton Wanderers,1,0,en.1,FALSE
2025-08-23,Brentford,Aston Villa,1,0,en.1,FALSE
2025-08-23,Burnley,Sunderland,2,0,en.1,FALSE
2025-08-23,Arsenal,Leeds United,5,0,en.1,FALSE
2025-08-23,RCD Mallorca,RC Celta de Vigo,1,1,es.1,FALSE
2025-08-23,Club Atlético de Madrid,Elche CF,1,1,es.1,FALSE
2025-08-23,Levante UD,FC Barcelona,2,3,es.1,FALSE
2025-08-23,Genoa CFC,US Lecce,0,0,it.1,FALSE
2025-08-23,US Sassuolo Calcio,SSC Napoli,0,2,it.1,FALSE
2025-08-23,AC Milan,US Cremonese,1,2,it.1,FALSE
2025-08-23,AS Roma,Bologna FC 1909,1,0,it.1,FALSE
2025-08-23,Eintracht Frankfurt,SV Werder Bremen,4,1,de.1,FALSE
2025-08-23,Bayer 04 Leverkusen,TSG 1899 Hoffenheim,1,2,de.1,FALSE
2025-08-23,SC Freiburg,FC Augsburg,1,3,de.1,FALSE
2025-08-23,1. FC Union Berlin,VfB Stuttgart,2,1,de.1,FALSE
2025-08-23,1. FC Heidenheim 1846,VfL Wolfsburg,1,3,de.1,FALSE
2025-08-23,FC St. Pauli 1910,Borussia Dortmund,3,3,de.1,FALSE
2025-08-24,Crystal Palace,Nottingham Forest,1,1,en.1,FALSE
2025-08-24,Everton,Brighton & Hove Albion,2,0,en.1,FALSE
2025-08-24,Fulham,Manchester United,1,1,en.1,FALSE
2025-08-24,CA Osasuna,Valencia CF,1,0,es.1,FALSE
2025-08-24,Real Sociedad de Fútbol,RCD Espanyol de Barcelona,2,2,es.1,FALSE
2025-08-24,Villarreal CF,Girona,5,0,es.1,FALSE
2025-08-24,Real Oviedo,Real Madrid CF,0,3,es.1,FALSE
2025-08-24,Cagliari Calcio,ACF Fiorentina,1,1,it.1,FALSE
2025-08-24,Como 1907,SS Lazio,2,0,it.1,FALSE
2025-08-24,Atalanta BC,AC Pisa 1909,1,1,it.1,FALSE
2025-08-24,Juventus,Parma Calcio 1913,2,0,it.1,FALSE
2025-08-24,1. FSV Mainz 05,1. FC Köln,0,1,de.1,FALSE
2025-08-24,Borussia Mönchengladbach,Hamburger SV,0,0,de.1,FALSE
2025-08-25,Newcastle United,Liverpool,2,3,en.1,FALSE
2025-08-25,Athletic Club,Rayo Vallecano de Madrid,1,0,es.1,FALSE
2025-08-25,Sevilla,Getafe CF,1,2,es.1,FALSE
2025-08-25,Udinese Calcio,Hellas Verona,1,1,it.1,FALSE
2025-08-25,FC Internazionale Milano,Torino,5,0,it.1,FALSE
2025-08-27,RC Celta de Vigo,Real Betis Balompié,1,1,es.1,FALSE
2025-08-29,Elche CF,Levante UD,2,0,es.1,FALSE
2025-08-29,Valencia CF,Getafe CF,3,0,es.1,FALSE
2025-08-29,US Cremonese,US Sassuolo Calcio,3,2,it.1,FALSE
2025-08-29,US Lecce,AC Milan,0,2,it.1,FALSE
2025-08-29,Hamburger SV,FC St. Pauli 1910,0,2,de.1,FALSE
2025-08-30,Chelsea,Fulham,2,0,en.1,FALSE
2025-08-30,Sunderland,Brentford,2,1,en.1,FALSE
2025-08-30,Manchester United,Burnley,3,2,en.1,FALSE
2025-08-30,Tottenham Hotspur,AFC Bournemouth,0,1,en.1,FALSE
2025-08-30,Wolverhampton Wanderers,Everton,2,3,en.1,FALSE
2025-08-30,Leeds United,Newcastle United,0,0,en.1,FALSE
2025-08-30,Deportivo Alavés,Club Atlético de Madrid,1,1,es.1,FALSE
2025-08-30,Real Oviedo,Real Sociedad de Fútbol,1,0,es.1,FALSE
2025-08-30,Girona,Sevilla,0,2,es.1,FALSE
2025-08-30,Real Madrid CF,RCD Mallorca,2,1,es.1,FALSE
2025-08-30,Bologna FC 1909,Como 1907,1,0,it.1,FALSE
2025-08-30,Parma Calcio 1913,Atalanta BC,1,1,it.1,FALSE
2025-08-30,SSC Napoli,Cagliari Calcio,1,0,it.1,FALSE
2025-08-30,AC Pisa 1909,AS Roma,0,1,it.1,FALSE
2025-08-30,RB Leipzig,1. FC Heidenheim 1846,2,0,de.1,FALSE
2025-08-30,SV Werder Bremen,Bayer 04 Leverkusen,3,3,de.1,FALSE
2025-08-30,VfB Stuttgart,Borussia Mönchengladbach,1,0,de.1,FALSE
2025-08-30,TSG 1899 Hoffenheim,Eintracht Frankfurt,1,3,de.1,FALSE
2025-08-30,FC Augsburg,FC Bayern München,2,3,de.1,FALSE
2025-08-31,Brighton & Hove Albion,Manchester City,2,1,en.1,FALSE
2025-08-31,Nottingham Forest,West Ham United,0,3,en.1,FALSE
2025-08-31,Liverpool,Arsenal,1,0,en.1,FALSE
2025-08-31,Aston Villa,Crystal Palace,0,3,en.1,FALSE
2025-08-31,RC Celta de Vigo,Villarreal CF,1,1,es.1,FALSE
2025-08-31,Real Betis Balompié,Athletic Club,1,2,es.1,FALSE
2025-08-31,RCD Espanyol de Barcelona,CA Osasuna,1,0,es.1,FALSE
2025-08-31,Rayo Vallecano de Madrid,FC Barcelona,1,1,es.1,FALSE
2025-08-31,Genoa CFC,Juventus,0,1,it.1,FALSE
2025-08-31,Torino,ACF Fiorentina,0,0,it.1,FALSE
2025-08-31,FC Internazionale Milano,Udinese Calcio,1,2,it.1,FALSE
2025-08-31,SS Lazio,Hellas Verona,4,0,it.1,FALSE
2025-08-31,VfL Wolfsburg,1. FSV Mainz 05,1,1,de.1,FALSE
2025-08-31,Borussia Dortmund,1. FC Union Berlin,3,0,de.1,FALSE
2025-08-31,1. FC Köln,SC Freiburg,4,1,de.1,FALSE
2025-09-12,Sevilla,Elche CF,2,2,es.1,FALSE
2025-09-12,Bayer 04 Leverkusen,Eintracht Frankfurt,3,1,de.1,FALSE
2025-09-13,Arsenal,Nottingham Forest,3,0,en.1,FALSE
2025-09-13,AFC Bournemouth,Brighton & Hove Albion,2,1,en.1,FALSE
2025-09-13,Crystal Palace,Sunderland,0,0,en.1,FALSE
2025-09-13,Everton,Aston Villa,0,0,en.1,FALSE
2025-09-13,Fulham,Leeds United,1,0,en.1,FALSE
2025-09-13,Newcastle United,Wolverhampton Wanderers,1,0,en.1,FALSE
2025-09-13,West Ham United,Tottenham Hotspur,0,3,en.1,FALSE
2025-09-13,Brentford,Chelsea,2,2,en.1,FALSE
2025-09-13,Getafe CF,Real Oviedo,2,0,es.1,FALSE
2025-09-13,Real Sociedad de Fútbol,Real Madrid CF,1,2,es.1,FALSE
2025-09-13,Athletic Club,Deportivo Alavés,0,1,es.1,FALSE
2025-09-13,Club Atlético de Madrid,Villarreal CF,2,0,es.1,FALSE
2025-09-13,Cagliari Calcio,Parma Calcio 1913,2,0,it.1,FALSE
2025-09-13,Juventus,FC Internazionale Milano,4,3,it.1,FALSE
2025-09-13,ACF Fiorentina,SSC Napoli,1,3,it.1,FALSE
2025-09-13,SC Freiburg,VfB Stuttgart,3,1,de.1,FALSE
2025-09-13,1. FSV Mainz 05,RB Leipzig,0,1,de.1,FALSE
2025-09-13,VfL Wolfsburg,1. FC Köln,3,3,de.1,FALSE
2025-09-13,1. FC Union Berlin,TSG 1899 Hoffenheim,2,4,de.1,FALSE
2025-09-13,1. FC Heidenheim 1846,Borussia Dortmund,0,2,de.1,FALSE
2025-09-13,FC Bayern München,Hamburger SV,5,0,de.1,FALSE
2025-09-14,Burnley,Liverpool,0,1,en.1,FALSE
2025-09-14,Manchester City,Manchester United,3,0,en.1,FALSE
2025-09-14,RC Celta de Vigo,Girona,1,1,es.1,FALSE
2025-09-14,Levante UD,Real Betis Balompié,2,2,es.1,FALSE
2025-09-14,CA Osasuna,Rayo Vallecano de Madrid,2,0,es.1,FALSE
2025-09-14,FC Barcelona,Valencia CF,6,0,es.1,FALSE
2025-09-14,AS Roma,Torino,0,1,it.1,FALSE
2025-09-14,Atalanta BC,US Lecce,4,1,it.1,FALSE
2025-09-14,AC Pisa 1909,Udinese Calcio,0,1,it.1,FALSE
2025-09-14,US Sassuolo Calcio,SS Lazio,1,0,it.1,FALSE
2025-09-14,AC Milan,Bologna FC 1909,1,0,it.1,FALSE
2025-09-14,FC St. Pauli 1910,FC Augsburg,2,1,de.1,FALSE
2025-09-14,Borussia Mönchengladbach,SV Werder Bremen,0,4,de.1,FALSE
2025-09-15,RCD Espanyol de Barcelona,RCD Mallorca,3,2,es.1,FALSE
2025-09-15,Hellas Verona,US Cremonese,0,0,it.1,FALSE
2025-09-15,Como 1907,Genoa CFC,1,1,it.1,FALSE
2025-09-19,Real Betis Balompié,Real Sociedad de Fútbol,3,1,es.1,FALSE
2025-09-19,US Lecce,Cagliari Calcio,1,2,it.1,FALSE
2025-09-19,VfB Stuttgart,FC St. Pauli 1910,2,0,de.1,FALSE
2025-09-20,Liverpool,Everton,2,1,en.1,FALSE
2025-09-20,Brighton & Hove Albion,Tottenham Hotspur,2,2,en.1,FALSE
2025-09-20,Burnley,Nottingham Forest,1,1,en.1,FALSE
2025-09-20,West Ham United,Crystal Palace,1,2,en.1,FALSE
2025-09-20,Wolverhampton Wanderers,Leeds United,1,3,en.1,FALSE
2025-09-20,Manchester United,Chelsea,2,1,en.1,FALSE
2025-09-20,Fulham,Brentford,3,1,en.1,FALSE
2025-09-20,Girona,Levante UD,0,4,es.1,FALSE
2025-09-20,Real Madrid CF,RCD Espanyol de Barcelona,2,0,es.1,FALSE
2025-09-20,Villarreal CF,CA Osasuna,2,1,es.1,FALSE
2025-09-20,Deportivo Alavés,Sevilla,1,2,es.1,FALSE
2025-09-20,Valencia CF,Athletic Club,2,0,es.1,FALSE
2025-09-20,Bologna FC 1909,Genoa CFC,2,1,it.1,FALSE
2025-09-20,Hellas Verona,Juventus,1,1,it.1,FALSE
2025-09-20,Udinese Calcio,AC Milan,0,3,it.1,FALSE
2025-09-20,SV Werder Bremen,SC Freiburg,0,3,de.1,FALSE
2025-09-20,FC Augsburg,1. FSV Mainz 05,1,4,de.1,FALSE
2025-09-20,TSG 1899 Hoffenheim,FC Bayern München,1,4,de.1,FALSE
2025-09-20,Hamburger SV,1. FC Heidenheim 1846,2,1,de.1,FALSE
2025-09-20,RB Leipzig,1. FC Köln,3,1,de.1,FALSE
2025-09-21,AFC Bournemouth,Newcastle United,0,0,en.1,FALSE
2025-09-21,Sunderland,Aston Villa,1,1,en.1,FALSE
2025-09-21,Arsenal,Manchester City,1,1,en.1,FALSE
2025-09-21,Rayo Vallecano de Madrid,RC Celta de Vigo,1,1,es.1,FALSE
2025-09-21,RCD Mallorca,Club Atlético de Madrid,1,1,es.1,FALSE
2025-09-21,Elche CF,Real Oviedo,1,0,es.1,FALSE
2025-09-21,FC Barcelona,Getafe CF,3,0,es.1,FALSE
2025-09-21,SS Lazio,AS Roma,0,1,it.1,FALSE
2025-09-21,Torino,Atalanta BC,0,3,it.1,FALSE
2025-09-21,US Cremonese,Parma Calcio 1913,0,0,it.1,FALSE
2025-09-21,ACF Fiorentina,Como 1907,1,2,it.1,FALSE
2025-09-21,FC Internazionale Milano,US Sassuolo Calcio,2,1,it.1,FALSE
2025-09-21,Eintracht Frankfurt,1. FC Union Berlin,3,4,de.1,FALSE
2025-09-21,Bayer 04 Leverkusen,Borussia Mönchengladbach,1,1,de.1,FALSE
2025-09-21,Borussia Dortmund,VfL Wolfsburg,1,0,de.1,FALSE
2025-09-22,SSC Napoli,AC Pisa 1909,3,2,it.1,FALSE
2025-09-23,Athletic Club,Girona,1,1,es.1,FALSE
2025-09-23,RCD Espanyol de Barcelona,Valencia CF,2,2,es.1,FALSE
2025-09-23,Levante UD,Real Madrid CF,1,4,es.1,FALSE
2025-09-23,Sevilla,Villarreal CF,1,2,es.1,FALSE
2025-09-24,Getafe CF,Deportivo Alavés,1,1,es.1,FALSE
2025-09-24,Club Atlético de Madrid,Rayo Vallecano de Madrid,3,2,es.1,FALSE
2025-09-24,Real Sociedad de Fútbol,RCD Mallorca,1,0,es.1,FALSE
2025-09-25,CA Osasuna,Elche CF,1,1,es.1,FALSE
2025-09-25,Real Oviedo,FC Barcelona,1,3,es.1,FALSE
2025-09-26,Girona,RCD Espanyol de Barcelona,0,0,es.1,FALSE
2025-09-26,FC Bayern München,SV Werder Bremen,4,0,de.1,FALSE
2025-09-27,Brentford,Manchester United,3,1,en.1,FALSE
2025-09-27,Crystal Palace,Liverpool,2,1,en.1,FALSE
2025-09-27,Chelsea,Brighton & Hove Albion,1,3,en.1,FALSE
2025-09-27,Leeds United,AFC Bournemouth,2,2,en.1,FALSE
2025-09-27,Manchester City,Burnley,5,1,en.1,FALSE
2025-09-27,Nottingham Forest,Sunderland,0,1,en.1,FALSE
2025-09-27,Tottenham Hotspur,Wolverhampton Wanderers,1,1,en.1,FALSE
2025-09-27,Getafe CF,Levante UD,1,1,es.1,FALSE
2025-09-27,Club Atlético de Madrid,Real Madrid CF,5,2,es.1,FALSE
2025-09-27,RCD Mallorca,Deportivo Alavés,1,0,es.1,FALSE
2025-09-27,Villarreal CF,Athletic Club,1,0,es.1,FALSE
2025-09-27,Como 1907,US Cremonese,1,1,it.1,FALSE
2025-09-27,Juventus,Atalanta BC,1,1,it.1,FALSE
2025-09-27,Cagliari Calcio,FC Internazionale Milano,0,2,it.1,FALSE
2025-09-27,1. FSV Mainz 05,Borussia Dortmund,0,2,de.1,FALSE
2025-09-27,VfL Wolfsburg,RB Leipzig,0,1,de.1,FALSE
2025-09-27,FC St. Pauli 1910,Bayer 04 Leverkusen,1,2,de.1,FALSE
2025-09-27,1. FC Heidenheim 1846,FC Augsburg,2,1,de.1,FALSE
2025-09-27,Borussia Mönchengladbach,Eintracht Frankfurt,4,6,de.1,FALSE
2025-09-28,Aston Villa,Fulham,3,1,en.1,FALSE
2025-09-28,Newcastle United,Arsenal,1,2,en.1,FALSE
2025-09-28,Rayo Vallecano de Madrid,Sevilla,0,1,es.1,FALSE
2025-09-28,Elche CF,RC Celta de Vigo,2,1,es.1,FALSE
2025-09-28,FC Barcelona,Real Sociedad de Fútbol,2,1,es.1,FALSE
2025-09-28,Real Betis Balompié,CA Osasuna,2,0,es.1,FALSE
2025-09-28,US Sassuolo Calcio,Udinese Calcio,3,1,it.1,FALSE
2025-09-28,AS Roma,Hellas Verona,2,0,it.1,FALSE
2025-09-28,AC Pisa 1909,ACF Fiorentina,0,0,it.1,FALSE
2025-09-28,US Lecce,Bologna FC 1909,2,2,it.1,FALSE
2025-09-28,AC Milan,SSC Napoli,2,1,it.1,FALSE
2025-09-28,SC Freiburg,TSG 1899 Hoffenheim,1,1,de.1,FALSE
2025-09-28,1. FC Köln,VfB Stuttgart,1,2,de.1,FALSE
2025-09-28,1. FC Union Berlin,Hamburger SV,0,0,de.1,FALSE
2025-09-29,Everton,West Ham United,1,1,en.1,FALSE
2025-09-29,Parma Calcio 1913,Torino,2,1,it.1,FALSE
2025-09-29,Genoa CFC,SS Lazio,0,3,it.1,FALSE
2025-09-30,Valencia CF,Real Oviedo,1,2,es.1,FALSE
2025-10-03,AFC Bournemouth,Fulham,3,1,en.1,FALSE
2025-10-03,CA Osasuna,Getafe CF,2,1,es.1,FALSE
2025-10-03,Hellas Verona,US Sassuolo Calcio,0,1,it.1,FALSE
2025-10-03,TSG 1899 Hoffenheim,1. FC Köln,0,1,de.1,FALSE
2025-10-04,Leeds United,Tottenham Hotspur,1,2,en.1,FALSE
2025-10-04,Arsenal,West Ham United,2,0,en.1,FALSE
2025-10-04,Manchester United,Sunderland,2,0,en.1,FALSE
2025-10-04,Chelsea,Liverpool,2,1,en.1,FALSE
2025-10-04,Real Oviedo,Levante UD,0,2,es.1,FALSE
2025-10-04,Girona,Valencia CF,2,1,es.1,FALSE
2025-10-04,Athletic Club,RCD Mallorca,2,1,es.1,FALSE
2025-10-04,Real Madrid CF,Villarreal CF,3,1,es.1,FALSE
2025-10-04,SS Lazio,Torino,3,3,it.1,FALSE
2025-10-04,Parma Calcio 1913,US Lecce,0,1,it.1,FALSE
2025-10-04,FC Internazionale Milano,US Cremonese,4,1,it.1,FALSE
2025-10-04,Atalanta BC,Como 1907,1,1,it.1,FALSE
2025-10-04,Bayer 04 Leverkusen,1. FC Union Berlin,2,0,de.1,FALSE
2025-10-04,Borussia Dortmund,RB Leipzig,1,1,de.1,FALSE
2025-10-04,SV Werder Bremen,FC St. Pauli 1910,1,0,de.1,FALSE
2025-10-04,FC Augsburg,VfL Wolfsburg,3,1,de.1,FALSE
2025-10-04,Eintracht Frankfurt,FC Bayern München,0,3,de.1,FALSE
2025-10-05,Aston Villa,Burnley,2,1,en.1,FALSE
2025-10-05,Everton,Crystal Palace,2,1,en.1,FALSE
2025-10-05,Newcastle United,Nottingham Forest,2,0,en.1,FALSE
2025-10-05,Wolverhampton Wanderers,Brighton & Hove Albion,1,1,en.1,FALSE
2025-10-05,Brentford,Manchester City,0,1,en.1,FALSE
2025-10-05,Deportivo Alavés,Elche CF,3,1,es.1,FALSE
2025-10-05,Sevilla,FC Barcelona,4,1,es.1,FALSE
2025-10-05,RCD Espanyol de Barcelona,Real Betis Balompié,1,2,es.1,FALSE
2025-10-05,Real Sociedad de Fútbol,Rayo Vallecano de Madrid,0,1,es.1,FALSE
2025-10-05,RC Celta de Vigo,Club Atlético de Madrid,1,1,es.1,FALSE
2025-10-05,Udinese Calcio,Cagliari Calcio,1,1,it.1,FALSE
2025-10-05,ACF Fiorentina,AS Roma,1,2,it.1,FALSE
2025-10-05,Bologna FC 1909,AC Pisa 1909,4,0,it.1,FALSE
2025-10-05,SSC Napoli,Genoa CFC,2,1,it.1,FALSE
2025-10-05,Juventus,AC Milan,0,0,it.1,FALSE
2025-10-05,VfB Stuttgart,1. FC Heidenheim 1846,1,0,de.1,FALSE
2025-10-05,Hamburger SV,1. FSV Mainz 05,4,0,de.1,FALSE
2025-10-05,Borussia Mönchengladbach,SC Freiburg,0,0,de.1,FALSE
2025-10-17,Real Oviedo,RCD Espanyol de Barcelona,0,2,es.1,FALSE
2025-10-17,1. FC Union Berlin,Borussia Mönchengladbach,3,1,de.1,FALSE
2025-10-18,Nottingham Forest,Chelsea,0,3,en.1,FALSE
2025-10-18,Brighton & Hove Albion,Newcastle United,2,1,en.1,FALSE
2025-10-18,Crystal Palace,AFC Bournemouth,3,3,en.1,FALSE
2025-10-18,Burnley,Leeds United,2,0,en.1,FALSE
2025-10-18,Manchester City,Everton,2,0,en.1,FALSE
2025-10-18,Sunderland,Wolverhampton Wanderers,2,0,en.1,FALSE
2025-10-18,Fulham,Arsenal,0,1,en.1,FALSE
2025-10-18,Sevilla,RCD Mallorca,1,3,es.1,FALSE
2025-10-18,FC Barcelona,Girona,2,1,es.1,FALSE
2025-10-18,Villarreal CF,Real Betis Balompié,2,2,es.1,FALSE
2025-10-18,Club Atlético de Madrid,CA Osasuna,1,0,es.1,FALSE
2025-10-18,AC Pisa 1909,Hellas Verona,0,0,it.1,FALSE
2025-10-18,US Lecce,US Sassuolo Calcio,0,0,it.1,FALSE
2025-10-18,Torino,SSC Napoli,1,0,it.1,FALSE
2025-10-18,AS Roma,FC Internazionale Milano,0,1,it.1,FALSE
2025-10-18,1. FSV Mainz 05,Bayer 04 Leverkusen,3,4,de.1,FALSE
2025-10-18,RB Leipzig,Hamburger SV,2,1,de.1,FALSE
2025-10-18,VfL Wolfsburg,VfB Stuttgart,0,3,de.1,FALSE
2025-10-18,1. FC Heidenheim 1846,SV Werder Bremen,2,2,de.1,FALSE
2025-10-18,1. FC Köln,FC Augsburg,1,1,de.1,FALSE
2025-10-18,FC Bayern München,Borussia Dortmund,2,1,de.1,FALSE
2025-10-19,Tottenham Hotspur,Aston Villa,1,2,en.1,FALSE
2025-10-19,Liverpool,Manchester United,1,2,en.1,FALSE
2025-10-19,Elche CF,Athletic Club,0,0,es.1,FALSE
2025-10-19,RC Celta de Vigo,Real Sociedad de Fútbol,1,1,es.1,FALSE
2025-10-19,Levante UD,Rayo Vallecano de Madrid,0,3,es.1,FALSE
2025-10-19,Getafe CF,Real Madrid CF,0,1,es.1,FALSE
2025-10-19,Como 1907,Juventus,2,0,it.1,FALSE
2025-10-19,Cagliari Calcio,Bologna FC 1909,0,2,it.1,FALSE
2025-10-19,Genoa CFC,Parma Calcio 1913,0,0,it.1,FALSE
2025-10-19,Atalanta BC,SS Lazio,0,0,it.1,FALSE
2025-10-19,AC Milan,ACF Fiorentina,2,1,it.1,FALSE
2025-10-19,SC Freiburg,Eintracht Frankfurt,2,2,de.1,FALSE
2025-10-19,FC St. Pauli 1910,TSG 1899 Hoffenheim,0,3,de.1,FALSE
2025-10-20,West Ham United,Brentford,0,2,en.1,FALSE
2025-10-20,Deportivo Alavés,Valencia CF,0,0,es.1,FALSE
2025-10-20,US Cremonese,Udinese Calcio,1,1,it.1,FALSE
2025-10-24,Leeds United,West Ham United,2,1,en.1,FALSE
2025-10-24,Real Sociedad de Fútbol,Sevilla,2,1,es.1,FALSE
2025-10-24,AC Milan,AC Pisa 1909,2,2,it.1,FALSE
2025-10-24,SV Werder Bremen,1. FC Union Berlin,1,0,de.1,FALSE
2025-10-25,Chelsea,Sunderland,1,2,en.1,FALSE
2025-10-25,Newcastle United,Fulham,2,1,en.1,FALSE
2025-10-25,Manchester United,Brighton & Hove Albion,4,2,en.1,FALSE
2025-10-25,Brentford,Liverpool,3,2,en.1,FALSE
2025-10-25,Girona,Real Oviedo,3,3,es.1,FALSE
2025-10-25,RCD Espanyol de Barcelona,Elche CF,1,0,es.1,FALSE
2025-10-25,Athletic Club,Getafe CF,0,1,es.1,FALSE
2025-10-25,Valencia CF,Villarreal CF,0,2,es.1,FALSE
2025-10-25,Parma Calcio 1913,Como 1907,0,0,it.1,FALSE
2025-10-25,Udinese Calcio,US Lecce,3,2,it.1,FALSE
2025-10-25,SSC Napoli,FC Internazionale Milano,3,1,it.1,FALSE
2025-10-25,US Cremonese,Atalanta BC,1,1,it.1,FALSE
2025-10-25,Eintracht Frankfurt,FC St. Pauli 1910,2,0,de.1,FALSE
2025-10-25,FC Augsburg,RB Leipzig,0,6,de.1,FALSE
2025-10-25,TSG 1899 Hoffenheim,1. FC Heidenheim 1846,3,1,de.1,FALSE
2025-10-25,Hamburger SV,VfL Wolfsburg,0,1,de.1,FALSE
2025-10-25,Borussia Mönchengladbach,FC Bayern München,0,3,de.1,FALSE
2025-10-25,Borussia Dortmund,1. FC Köln,1,0,de.1,FALSE
2025-10-26,AFC Bournemouth,Nottingham Forest,2,0,en.1,FALSE
2025-10-26,Aston Villa,Manchester City,1,0,en.1,FALSE
2025-10-26,Arsenal,Crystal Palace,1,0,en.1,FALSE
2025-10-26,Wolverhampton Wanderers,Burnley,2,3,en.1,FALSE
2025-10-26,Everton,Tottenham Hotspur,0,3,en.1,FALSE
2025-10-26,RCD Mallorca,Levante UD,1,1,es.1,FALSE
2025-10-26,Real Madrid CF,FC Barcelona,2,1,es.1,FALSE
2025-10-26,CA Osasuna,RC Celta de Vigo,2,3,es.1,FALSE
2025-10-26,Rayo Vallecano de Madrid,Deportivo Alavés,1,0,es.1,FALSE
2025-10-26,Torino,Genoa CFC,2,1,it.1,FALSE
2025-10-26,Hellas Verona,Cagliari Calcio,2,2,it.1,FALSE
2025-10-26,US Sassuolo Calcio,AS Roma,0,1,it.1,FALSE
2025-10-26,ACF Fiorentina,Bologna FC 1909,2,2,it.1,FALSE
2025-10-26,SS Lazio,Juventus,1,0,it.1,FALSE
2025-10-26,Bayer 04 Leverkusen,SC Freiburg,2,0,de.1,FALSE
2025-10-26,VfB Stuttgart,1. FSV Mainz 05,2,1,de.1,FALSE
2025-10-27,Real Betis Balompié,Club Atlético de Madrid,0,2,es.1,FALSE
2025-10-28,US Lecce,SSC Napoli,0,1,it.1,FALSE
2025-10-28,Atalanta BC,AC Milan,1,1,it.1,FALSE
2025-10-29,AS Roma,Parma Calcio 1913,2,1,it.1,FALSE
2025-10-29,Como 1907,Hellas Verona,3,1,it.1,FALSE
2025-10-29,Juventus,Udinese Calcio,3,1,it.1,FALSE
2025-10-29,Genoa CFC,US Cremonese,0,2,it.1,FALSE
2025-10-29,Bologna FC 1909,Torino,0,0,it.1,FALSE
2025-10-29,FC Internazionale Milano,ACF Fiorentina,3,0,it.1,FALSE
2025-10-30,Cagliari Calcio,US Sassuolo Calcio,1,2,it.1,FALSE
2025-10-30,AC Pisa 1909,SS Lazio,0,0,it.1,FALSE
2025-10-31,Getafe CF,Girona,2,1,es.1,FALSE
2025-10-31,FC Augsburg,Borussia Dortmund,0,1,de.1,FALSE
2025-11-01,Brighton & Hove Albion,Leeds United,3,0,en.1,FALSE
2025-11-01,Crystal Palace,Brentford,2,0,en.1,FALSE
2025-11-01,Burnley,Arsenal,0,2,en.1,FALSE
2025-11-01,Fulham,Wolverhampton Wanderers,3,0,en.1,FALSE
2025-11-01,Nottingham Forest,Manchester United,2,2,en.1,FALSE
2025-11-01,Tottenham Hotspur,Chelsea,0,1,en.1,FALSE
2025-11-01,Liverpool,Aston Villa,2,0,en.1,FALSE
2025-11-01,Villarreal CF,Rayo Vallecano de Madrid,4,0,es.1,FALSE
2025-11-01,Club Atlético de Madrid,Sevilla,3,0,es.1,FALSE
2025-11-01,Real Sociedad de Fútbol,Athletic Club,3,2,es.1,FALSE
2025-11-01,Real Madrid CF,Valencia CF,4,0,es.1,FALSE
2025-11-01,Udinese Calcio,Atalanta BC,1,0,it.1,FALSE
2025-11-01,SSC Napoli,Como 1907,0,0,it.1,FALSE
2025-11-01,US Cremonese,Juventus,1,2,it.1,FALSE
2025-11-01,1. FSV Mainz 05,SV Werder Bremen,1,1,de.1,FALSE
2025-11-01,RB Leipzig,VfB Stuttgart,3,1,de.1,FALSE
2025-11-01,1. FC Union Berlin,SC Freiburg,0,0,de.1,FALSE
2025-11-01,FC St. Pauli 1910,Borussia Mönchengladbach,0,4,de.1,FALSE
2025-11-01,1. FC Heidenheim 1846,Eintracht Frankfurt,1,1,de.1,FALSE
2025-11-01,FC Bayern München,Bayer 04 Leverkusen,3,0,de.1,FALSE
2025-11-02,West Ham United,Newcastle United,3,1,en.1,FALSE
2025-11-02,Manchester City,AFC Bournemouth,3,1,en.1,FALSE
2025-11-02,Levante UD,RC Celta de Vigo,1,2,es.1,FALSE
2025-11-02,Deportivo Alavés,RCD Espanyol de Barcelona,2,1,es.1,FALSE
2025-11-02,FC Barcelona,Elche CF,3,1,es.1,FALSE
2025-11-02,Real Betis Balompié,RCD Mallorca,3,0,es.1,FALSE
2025-11-02,Hellas Verona,FC Internazionale Milano,1,2,it.1,FALSE
2025-11-02,ACF Fiorentina,US Lecce,0,1,it.1,FALSE
2025-11-02,Torino,AC Pisa 1909,2,2,it.1,FALSE
2025-11-02,Parma Calcio 1913,Bologna FC 1909,1,3,it.1,FALSE
2025-11-02,AC Milan,AS Roma,1,0,it.1,FALSE
2025-11-02,1. FC Köln,Hamburger SV,4,1,de.1,FALSE
2025-11-02,VfL Wolfsburg,TSG 1899 Hoffenheim,2,3,de.1,FALSE
2025-11-03,Sunderland,Everton,1,1,en.1,FALSE
2025-11-03,Real Oviedo,CA Osasuna,0,0,es.1,FALSE
2025-11-03,US Sassuolo Calcio,Genoa CFC,1,2,it.1,FALSE
2025-11-03,SS Lazio,Cagliari Calcio,2,0,it.1,FALSE
2025-11-07,Elche CF,Real Sociedad de Fútbol,1,1,es.1,FALSE
2025-11-07,AC Pisa 1909,US Cremonese,1,0,it.1,FALSE
2025-11-07,SV Werder Bremen,VfL Wolfsburg,2,1,de.1,FALSE
2025-11-08,Tottenham Hotspur,Manchester United,2,2,en.1,FALSE
2025-11-08,Everton,Fulham,2,0,en.1,FALSE
2025-11-08,West Ham United,Burnley,3,2,en.1,FALSE
2025-11-08,Sunderland,Arsenal,2,2,en.1,FALSE
2025-11-08,Chelsea,Wolverhampton Wanderers,3,0,en.1,FALSE
2025-11-08,Girona,Deportivo Alavés,1,0,es.1,FALSE
2025-11-08,Sevilla,CA Osasuna,1,0,es.1,FALSE
2025-11-08,Club Atlético de Madrid,Levante UD,3,1,es.1,FALSE
2025-11-08,RCD Espanyol de Barcelona,Villarreal CF,0,2,es.1,FALSE
2025-11-08,Como 1907,Cagliari Calcio,0,0,it.1,FALSE
2025-11-08,US Lecce,Hellas Verona,0,0,it.1,FALSE
2025-11-08,Juventus,Torino,0,0,it.1,FALSE
2025-11-08,Parma Calcio 1913,AC Milan,2,2,it.1,FALSE
2025-11-08,Bayer 04 Leverkusen,1. FC Heidenheim 1846,6,0,de.1,FALSE
2025-11-08,1. FC Union Berlin,FC Bayern München,2,2,de.1,FALSE
2025-11-08,TSG 1899 Hoffenheim,RB Leipzig,3,1,de.1,FALSE
2025-11-08,Hamburger SV,Borussia Dortmund,1,1,de.1,FALSE
2025-11-08,Borussia Mönchengladbach,1. FC Köln,3,1,de.1,FALSE
2025-11-09,Aston Villa,AFC Bournemouth,4,0,en.1,FALSE
2025-11-09,Crystal Palace,Brighton & Hove Albion,0,0,en.1,FALSE
2025-11-09,Brentford,Newcastle United,3,1,en.1,FALSE
2025-11-09,Nottingham Forest,Leeds United,3,1,en.1,FALSE
2025-11-09,Manchester City,Liverpool,3,0,en.1,FALSE
2025-11-09,Athletic Club,Real Oviedo,1,0,es.1,FALSE
2025-11-09,Rayo Vallecano de Madrid,Real Madrid CF,0,0,es.1,FALSE
2025-11-09,Valencia CF,Real Betis Balompié,1,1,es.1,FALSE
2025-11-09,RCD Mallorca,Getafe CF,1,0,es.1,FALSE
2025-11-09,RC Celta de Vigo,FC Barcelona,2,4,es.1,FALSE
2025-11-09,Atalanta BC,US Sassuolo Calcio,0,3,it.1,FALSE
2025-11-09,Genoa CFC,ACF Fiorentina,2,2,it.1,FALSE
2025-11-09,Bologna FC 1909,SSC Napoli,2,0,it.1,FALSE
2025-11-09,AS Roma,Udinese Calcio,2,0,it.1,FALSE
2025-11-09,FC Internazionale Milano,SS Lazio,2,0,it.1,FALSE
2025-11-09,SC Freiburg,FC St. Pauli 1910,2,1,de.1,FALSE
2025-11-09,VfB Stuttgart,FC Augsburg,3,2,de.1,FALSE
2025-11-09,Eintracht Frankfurt,1. FSV Mainz 05,1,0,de.1,FALSE
2025-11-21,Valencia CF,Levante UD,1,0,es.1,FALSE
2025-11-21,1. FSV Mainz 05,TSG 1899 Hoffenheim,1,1,de.1,FALSE
2025-11-22,Burnley,Chelsea,0,2,en.1,FALSE
2025-11-22,AFC Bournemouth,West Ham United,2,2,en.1,FALSE
2025-11-22,Brighton & Hove Albion,Brentford,2,1,en.1,FALSE
2025-11-22,Fulham,Sunderland,1,0,en.1,FALSE
2025-11-22,Liverpool,Nottingham Forest,0,3,en.1,FALSE
2025-11-22,Wolverhampton Wanderers,Crystal Palace,0,2,en.1,FALSE
2025-11-22,Newcastle United,Manchester City,2,1,en.1,FALSE
2025-11-22,Deportivo Alavés,RC Celta de Vigo,0,1,es.1,FALSE
2025-11-22,FC Barcelona,Athletic Club,4,0,es.1,FALSE
2025-11-22,CA Osasuna,Real Sociedad de Fútbol,1,3,es.1,FALSE
2025-11-22,Villarreal CF,RCD Mallorca,2,1,es.1,FALSE
2025-11-22,Cagliari Calcio,Genoa CFC,3,3,it.1,FALSE
2025-11-22,Udinese Calcio,Bologna FC 1909,0,3,it.1,FALSE
2025-11-22,ACF Fiorentina,Juventus,1,1,it.1,FALSE
2025-11-22,SSC Napoli,Atalanta BC,3,1,it.1,FALSE
2025-11-22,FC Bayern München,SC Freiburg,6,2,de.1,FALSE
2025-11-22,Borussia Dortmund,VfB Stuttgart,3,3,de.1,FALSE
2025-11-22,VfL Wolfsburg,Bayer 04 Leverkusen,1,3,de.1,FALSE
2025-11-22,FC Augsburg,Hamburger SV,1,0,de.1,FALSE
2025-11-22,1. FC Heidenheim 1846,Borussia Mönchengladbach,0,3,de.1,FALSE
2025-11-22,1. FC Köln,Eintracht Frankfurt,3,4,de.1,FALSE
2025-11-23,Leeds United,Aston Villa,1,2,en.1,FALSE
2025-11-23,Arsenal,Tottenham Hotspur,4,1,en.1,FALSE
2025-11-23,Real Oviedo,Rayo Vallecano de Madrid,0,0,es.1,FALSE
2025-11-23,Real Betis Balompié,Girona,1,1,es.1,FALSE
2025-11-23,Getafe CF,Club Atlético de Madrid,0,1,es.1,FALSE
2025-11-23,Elche CF,Real Madrid CF,2,2,es.1,FALSE
2025-11-23,Hellas Verona,Parma Calcio 1913,1,2,it.1,FALSE
2025-11-23,US Cremonese,AS Roma,1,3,it.1,FALSE
2025-11-23,SS Lazio,US Lecce,2,0,it.1,FALSE
2025-11-23,FC Internazionale Milano,AC Milan,0,1,it.1,FALSE
2025-11-23,RB Leipzig,SV Werder Bremen,2,0,de.1,FALSE
2025-11-23,FC St. Pauli 1910,1. FC Union Berlin,0,1,de.1,FALSE
2025-11-24,Manchester United,Everton,0,1,en.1,FALSE
2025-11-24,RCD Espanyol de Barcelona,Sevilla,2,1,es.1,FALSE
2025-11-24,Torino,Como 1907,1,5,it.1,FALSE
2025-11-24,US Sassuolo Calcio,AC Pisa 1909,2,2,it.1,FALSE
2025-11-28,Getafe CF,Elche CF,1,0,es.1,FALSE
2025-11-28,Como 1907,US Sassuolo Calcio,2,0,it.1,FALSE
2025-11-28,Borussia Mönchengladbach,RB Leipzig,0,0,de.1,FALSE
2025-11-29,Sunderland,AFC Bournemouth,3,2,en.1,FALSE
2025-11-29,Brentford,Burnley,3,1,en.1,FALSE
2025-11-29,Manchester City,Leeds United,3,2,en.1,FALSE
2025-11-29,Everton,Newcastle United,1,4,en.1,FALSE
2025-11-29,Tottenham Hotspur,Fulham,1,2,en.1,FALSE
2025-11-29,RCD Mallorca,CA Osasuna,2,2,es.1,FALSE
2025-11-29,FC Barcelona,Deportivo Alavés,3,1,es.1,FALSE
2025-11-29,Levante UD,Athletic Club,0,2,es.1,FALSE
2025-11-29,Club Atlético de Madrid,Real Oviedo,2,0,es.1,FALSE
2025-11-29,Genoa CFC,Hellas Verona,2,1,it.1,FALSE
2025-11-29,Parma Calcio 1913,Udinese Calcio,0,2,it.1,FALSE
2025-11-29,Juventus,Cagliari Calcio,2,1,it.1,FALSE
2025-11-29,AC Milan,SS Lazio,1,0,it.1,FALSE
2025-11-29,FC Bayern München,FC St. Pauli 1910,3,1,de.1,FALSE
2025-11-29,SV Werder Bremen,1. FC Köln,1,1,de.1,FALSE
2025-11-29,1. FC Union Berlin,1. FC Heidenheim 1846,1,2,de.1,FALSE
2025-11-29,TSG 1899 Hoffenheim,FC Augsburg,3,0,de.1,FALSE
2025-11-29,Bayer 04 Leverkusen,Borussia Dortmund,1,2,de.1,FALSE
2025-11-30,Crystal Palace,Manchester United,1,2,en.1,FALSE
2025-11-30,Aston Villa,Wolverhampton Wanderers,1,0,en.1,FALSE
2025-11-30,Nottingham Forest,Brighton & Hove Albion,0,2,en.1,FALSE
2025-11-30,West Ham United,Liverpool,0,2,en.1,FALSE
2025-11-30,Chelsea,Arsenal,1,1,en.1,FALSE
2025-11-30,Real Sociedad de Fútbol,Villarreal CF,2,3,es.1,FALSE
2025-11-30,Sevilla,Real Betis Balompié,0,2,es.1,FALSE
2025-11-30,RC Celta de Vigo,RCD Espanyol de Barcelona,0,1,es.1,FALSE
2025-11-30,Girona,Real Madrid CF,1,1,es.1,FALSE
2025-11-30,US Lecce,Torino,2,1,it.1,FALSE
2025-11-30,AC Pisa 1909,FC Internazionale Milano,0,2,it.1,FALSE
2025-11-30,Atalanta BC,ACF Fiorentina,2,0,it.1,FALSE
2025-11-30,AS Roma,SSC Napoli,0,1,it.1,FALSE
2025-11-30,Hamburger SV,VfB Stuttgart,2,1,de.1,FALSE
2025-11-30,Eintracht Frankfurt,VfL Wolfsburg,1,1,de.1,FALSE
2025-11-30,SC Freiburg,1. FSV Mainz 05,4,0,de.1,FALSE
2025-12-01,Rayo Vallecano de Madrid,Valencia CF,1,1,es.1,FALSE
2025-12-01,Bologna FC 1909,US Cremonese,1,3,it.1,FALSE
2025-12-02,AFC Bournemouth,Everton,0,1,en.1,FALSE
2025-12-02,Fulham,Manchester City,4,5,en.1,FALSE
2025-12-02,Newcastle United,Tottenham Hotspur,2,2,en.1,FALSE
2025-12-02,FC Barcelona,Club Atlético de Madrid,3,1,es.1,FALSE
2025-12-03,Brighton & Hove Albion,Aston Villa,3,4,en.1,FALSE
2025-12-03,Arsenal,Brentford,2,0,en.1,FALSE
2025-12-03,Burnley,Crystal Palace,0,1,en.1,FALSE
2025-12-03,Wolverhampton Wanderers,Nottingham Forest,0,1,en.1,FALSE
2025-12-03,Liverpool,Sunderland,1,1,en.1,FALSE
2025-12-03,Leeds United,Chelsea,3,1,en.1,FALSE
2025-12-03,Athletic Club,Real Madrid CF,0,3,es.1,FALSE
2025-12-04,Manchester United,West Ham United,1,1,en.1,FALSE
2025-12-05,Real Oviedo,RCD Mallorca,0,0,es.1,FALSE
2025-12-05,1. FSV Mainz 05,Borussia Mönchengladbach,0,1,de.1,FALSE
2025-12-06,Aston Villa,Arsenal,2,1,en.1,FALSE
2025-12-06,AFC Bournemouth,Chelsea,0,0,en.1,FALSE
2025-12-06,Everton,Nottingham Forest,3,0,en.1,FALSE
2025-12-06,Manchester City,Sunderland,3,0,en.1,FALSE
2025-12-06,Newcastle United,Burnley,2,1,en.1,FALSE
2025-12-06,Tottenham Hotspur,Brentford,2,0,en.1,FALSE
2025-12-06,Leeds United,Liverpool,3,3,en.1,FALSE
2025-12-06,Villarreal CF,Getafe CF,2,0,es.1,FALSE
2025-12-06,Deportivo Alavés,Real Sociedad de Fútbol,1,0,es.1,FALSE
2025-12-06,Real Betis Balompié,FC Barcelona,3,5,es.1,FALSE
2025-12-06,Athletic Club,Club Atlético de Madrid,1,0,es.1,FALSE
2025-12-06,US Sassuolo Calcio,ACF Fiorentina,3,1,it.1,FALSE
2025-12-06,FC Internazionale Milano,Como 1907,4,0,it.1,FALSE
2025-12-06,Hellas Verona,Atalanta BC,3,1,it.1,FALSE
2025-12-06,VfB Stuttgart,FC Bayern München,0,5,de.1,FALSE
2025-12-06,VfL Wolfsburg,1. FC Union Berlin,3,1,de.1,FALSE
2025-12-06,1. FC Heidenheim 1846,SC Freiburg,2,1,de.1,FALSE
2025-12-06,1. FC Köln,FC St. Pauli 1910,1,1,de.1,FALSE
2025-12-06,FC Augsburg,Bayer 04 Leverkusen,2,0,de.1,FALSE
2025-12-06,RB Leipzig,Eintracht Frankfurt,6,0,de.1,FALSE
2025-12-07,Brighton & Hove Albion,West Ham United,1,1,en.1,FALSE
2025-12-07,Fulham,Crystal Palace,1,2,en.1,FALSE
2025-12-07,Elche CF,Girona,3,0,es.1,FALSE
2025-12-07,Valencia CF,Sevilla,1,1,es.1,FALSE
2025-12-07,RCD Espanyol de Barcelona,Rayo Vallecano de Madrid,1,0,es.1,FALSE
2025-12-07,Real Madrid CF,RC Celta de Vigo,0,2,es.1,FALSE
2025-12-07,US Cremonese,US Lecce,2,0,it.1,FALSE
2025-12-07,Cagliari Calcio,AS Roma,1,0,it.1,FALSE
2025-12-07,SS Lazio,Bologna FC 1909,1,1,it.1,FALSE
2025-12-07,SSC Napoli,Juventus,2,1,it.1,FALSE
2025-12-07,Hamburger SV,SV Werder Bremen,3,2,de.1,FALSE
2025-12-07,Borussia Dortmund,TSG 1899 Hoffenheim,2,0,de.1,FALSE
2025-12-08,Wolverhampton Wanderers,Manchester United,1,4,en.1,FALSE
2025-12-08,CA Osasuna,Levante UD,2,0,es.1,FALSE
2025-12-08,AC Pisa 1909,Parma Calcio 1913,0,1,it.1,FALSE
2025-12-08,Udinese Calcio,Genoa CFC,1,2,it.1,FALSE
2025-12-08,Torino,AC Milan,2,3,it.1,FALSE
2025-12-12,Real Sociedad de Fútbol,Girona,1,2,es.1,FALSE
2025-12-12,US Lecce,AC Pisa 1909,1,0,it.1,FALSE
2025-12-12,1. FC Union Berlin,RB Leipzig,3,1,de.1,FALSE
2025-12-13,Chelsea,Everton,2,0,en.1,FALSE
2025-12-13,Liverpool,Brighton & Hove Albion,2,0,en.1,FALSE
2025-12-13,Burnley,Fulham,2,3,en.1,FALSE
2025-12-13,Arsenal,Wolverhampton Wanderers,2,1,en.1,FALSE
2025-12-13,Club Atlético de Madrid,Valencia CF,2,1,es.1,FALSE
2025-12-13,RCD Mallorca,Elche CF,3,1,es.1,FALSE
2025-12-13,FC Barcelona,CA Osasuna,2,0,es.1,FALSE
2025-12-13,Getafe CF,RCD Espanyol de Barcelona,0,1,es.1,FALSE
2025-12-13,Torino,US Cremonese,1,0,it.1,FALSE
2025-12-13,Parma Calcio 1913,SS Lazio,0,1,it.1,FALSE
2025-12-13,Atalanta BC,Cagliari Calcio,2,1,it.1,FALSE
2025-12-13,Eintracht Frankfurt,FC Augsburg,1,0,de.1,FALSE
2025-12-13,Borussia Mönchengladbach,VfL Wolfsburg,1,3,de.1,FALSE
2025-12-13,FC St. Pauli 1910,1. FC Heidenheim 1846,2,1,de.1,FALSE
2025-12-13,TSG 1899 Hoffenheim,Hamburger SV,4,1,de.1,FALSE
2025-12-13,Bayer 04 Leverkusen,1. FC Köln,2,0,de.1,FALSE
2025-12-14,Sunderland,Newcastle United,1,0,en.1,FALSE
2025-12-14,Crystal Palace,Manchester City,0,3,en.1,FALSE
2025-12-14,Nottingham Forest,Tottenham Hotspur,3,0,en.1,FALSE
2025-12-14,West Ham United,Aston Villa,2,3,en.1,FALSE
2025-12-14,Brentford,Leeds United,1,1,en.1,FALSE
2025-12-14,Sevilla,Real Oviedo,4,0,es.1,FALSE
2025-12-14,RC Celta de Vigo,Athletic Club,2,0,es.1,FALSE
2025-12-14,Deportivo Alavés,Real Madrid CF,1,2,es.1,FALSE
2025-12-14,AC Milan,US Sassuolo Calcio,2,2,it.1,FALSE
2025-12-14,ACF Fiorentina,Hellas Verona,1,2,it.1,FALSE
2025-12-14,Udinese Calcio,SSC Napoli,1,0,it.1,FALSE
2025-12-14,Genoa CFC,FC Internazionale Milano,1,2,it.1,FALSE
2025-12-14,Bologna FC 1909,Juventus,0,1,it.1,FALSE
2025-12-14,SC Freiburg,Borussia Dortmund,1,1,de.1,FALSE
2025-12-14,FC Bayern München,1. FSV Mainz 05,2,2,de.1,FALSE
2025-12-14,SV Werder Bremen,VfB Stuttgart,0,4,de.1,FALSE
2025-12-15,Manchester United,AFC Bournemouth,4,4,en.1,FALSE
2025-12-15,Rayo Vallecano de Madrid,Real Betis Balompié,0,0,es.1,FALSE
2025-12-15,AS Roma,Como 1907,1,0,it.1,FALSE
2025-12-19,Valencia CF,RCD Mallorca,1,1,es.1,FALSE
2025-12-19,Borussia Dortmund,Borussia Mönchengladbach,2,0,de.1,FALSE
2025-12-20,Newcastle United,Chelsea,2,2,en.1,FALSE
2025-12-20,AFC Bournemouth,Burnley,1,1,en.1,FALSE
2025-12-20,Brighton & Hove Albion,Sunderland,0,0,en.1,FALSE
2025-12-20,Manchester City,West Ham United,3,0,en.1,FALSE
2025-12-20,Wolverhampton Wanderers,Brentford,0,2,en.1,FALSE
2025-12-20,Tottenham Hotspur,Liverpool,1,2,en.1,FALSE
2025-12-20,Everton,Arsenal,0,1,en.1,FALSE
2025-12-20,Leeds United,Crystal Palace,4,1,en.1,FALSE
2025-12-20,Real Oviedo,RC Celta de Vigo,0,0,es.1,FALSE
2025-12-20,Levante UD,Real Sociedad de Fútbol,1,1,es.1,FALSE
2025-12-20,CA Osasuna,Deportivo Alavés,3,0,es.1,FALSE
2025-12-20,Real Madrid CF,Sevilla,2,0,es.1,FALSE
2025-12-20,SS Lazio,US Cremonese,0,0,it.1,FALSE
2025-12-20,Juventus,AS Roma,2,1,it.1,FALSE
2025-12-20,VfB Stuttgart,TSG 1899 Hoffenheim,0,0,de.1,FALSE
2025-12-20,VfL Wolfsburg,SC Freiburg,3,4,de.1,FALSE
2025-12-20,FC Augsburg,SV Werder Bremen,0,0,de.1,FALSE
2025-12-20,1. FC Köln,1. FC Union Berlin,0,1,de.1,FALSE
2025-12-20,Hamburger SV,Eintracht Frankfurt,1,1,de.1,FALSE
2025-12-20,RB Leipzig,Bayer 04 Leverkusen,1,3,de.1,FALSE
2025-12-21,Aston Villa,Manchester United,2,1,en.1,FALSE
2025-12-21,Girona,Club Atlético de Madrid,0,3,es.1,FALSE
2025-12-21,Villarreal CF,FC Barcelona,0,2,es.1,FALSE
2025-12-21,Elche CF,Rayo Vallecano de Madrid,4,0,es.1,FALSE
2025-12-21,Real Betis Balompié,Getafe CF,4,0,es.1,FALSE
2025-12-21,Cagliari Calcio,AC Pisa 1909,2,2,it.1,FALSE
2025-12-21,US Sassuolo Calcio,Torino,0,1,it.1,FALSE
2025-12-21,ACF Fiorentina,Udinese Calcio,5,1,it.1,FALSE
2025-12-21,Genoa CFC,Atalanta BC,0,1,it.1,FALSE
2025-12-21,1. FSV Mainz 05,FC St. Pauli 1910,0,0,de.1,FALSE
2025-12-21,1. FC Heidenheim 1846,FC Bayern München,0,4,de.1,FALSE
2025-12-22,Fulham,Nottingham Forest,1,0,en.1,FALSE
2025-12-22,Athletic Club,RCD Espanyol de Barcelona,1,2,es.1,FALSE
2025-12-26,Manchester United,Newcastle United,1,0,en.1,FALSE
2025-12-27,Nottingham Forest,Manchester City,1,2,en.1,FALSE
2025-12-27,Arsenal,Brighton & Hove Albion,2,1,en.1,FALSE
2025-12-27,Brentford,AFC Bournemouth,4,1,en.1,FALSE
2025-12-27,Burnley,Everton,0,0,en.1,FALSE
2025-12-27,Liverpool,Wolverhampton Wanderers,2,1,en.1,FALSE
2025-12-27,West Ham United,Fulham,0,1,en.1,FALSE
2025-12-27,Chelsea,Aston Villa,1,2,en.1,FALSE
2025-12-27,Parma Calcio 1913,ACF Fiorentina,1,0,it.1,FALSE
2025-12-27,Torino,Cagliari Calcio,1,2,it.1,FALSE
2025-12-27,US Lecce,Como 1907,0,3,it.1,FALSE
2025-12-27,Udinese Calcio,SS Lazio,1,1,it.1,FALSE
2025-12-27,AC Pisa 1909,Juventus,0,2,it.1,FALSE
2025-12-28,Sunderland,Leeds United,1,1,en.1,FALSE
2025-12-28,Crystal Palace,Tottenham Hotspur,0,1,en.1,FALSE
2025-12-28,AC Milan,Hellas Verona,3,0,it.1,FALSE
2025-12-28,US Cremonese,SSC Napoli,0,2,it.1,FALSE
2025-12-28,Bologna FC 1909,US Sassuolo Calcio,1,1,it.1,FALSE
2025-12-28,Atalanta BC,FC Internazionale Milano,0,1,it.1,FALSE
2025-12-29,AS Roma,Genoa CFC,3,1,it.1,FALSE
2025-12-30,Burnley,Newcastle United,1,3,en.1,FALSE
2025-12-30,Chelsea,AFC Bournemouth,2,2,en.1,FALSE
2025-12-30,Nottingham Forest,Everton,0,2,en.1,FALSE
2025-12-30,West Ham United,Brighton & Hove Albion,2,2,en.1,FALSE
2025-12-30,Arsenal,Aston Villa,4,1,en.1,FALSE
2025-12-30,Manchester United,Wolverhampton Wanderers,1,1,en.1,FALSE
2026-01-01,Crystal Palace,Fulham,1,1,en.1,FALSE
2026-01-01,Liverpool,Leeds United,0,0,en.1,FALSE
2026-01-01,Sunderland,Manchester City,0,0,en.1,FALSE
2026-01-01,Brentford,Tottenham Hotspur,0,0,en.1,FALSE
2026-01-02,Rayo Vallecano de Madrid,Getafe CF,1,1,es.1,FALSE
2026-01-02,Cagliari Calcio,AC Milan,0,1,it.1,FALSE
2026-01-03,Aston Villa,Nottingham Forest,3,1,en.1,FALSE
2026-01-03,Brighton & Hove Albion,Burnley,2,0,en.1,FALSE
2026-01-03,Wolverhampton Wanderers,West Ham United,3,0,en.1,FALSE
2026-01-03,AFC Bournemouth,Arsenal,2,3,en.1,FALSE
2026-01-03,RC Celta de Vigo,Valencia CF,4,1,es.1,FALSE
2026-01-03,CA Osasuna,Athletic Club,1,1,es.1,FALSE
2026-01-03,Elche CF,Villarreal CF,1,3,es.1,FALSE
2026-01-03,RCD Espanyol de Barcelona,FC Barcelona,0,2,es.1,FALSE
2026-01-03,Como 1907,Udinese Calcio,1,0,it.1,FALSE
2026-01-03,Genoa CFC,AC Pisa 1909,1,1,it.1,FALSE
2026-01-03,US Sassuolo Calcio,Parma Calcio 1913,1,1,it.1,FALSE
2026-01-03,Juventus,US Lecce,1,1,it.1,FALSE
2026-01-03,Atalanta BC,AS Roma,1,0,it.1,FALSE
2026-01-04,Leeds United,Manchester United,1,1,en.1,FALSE
2026-01-04,Everton,Brentford,2,4,en.1,FALSE
2026-01-04,Newcastle United,Crystal Palace,2,0,en.1,FALSE
2026-01-04,Tottenham Hotspur,Sunderland,1,1,en.1,FALSE
2026-01-04,Fulham,Liverpool,2,2,en.1,FALSE
2026-01-04,Manchester City,Chelsea,1,1,en.1,FALSE
2026-01-04,Sevilla,Levante UD,0,3,es.1,FALSE
2026-01-04,Real Madrid CF,Real Betis Balompié,5,1,es.1,FALSE
2026-01-04,Deportivo Alavés,Real Oviedo,1,1,es.1,FALSE
2026-01-04,RCD Mallorca,Girona,1,2,es.1,FALSE
2026-01-04,Real Sociedad de Fútbol,Club Atlético de Madrid,1,1,es.1,FALSE
2026-01-04,SS Lazio,SSC Napoli,0,2,it.1,FALSE
2026-01-04,ACF Fiorentina,US Cremonese,1,0,it.1,FALSE
2026-01-04,Hellas Verona,Torino,0,3,it.1,FALSE
2026-01-04,FC Internazionale Milano,Bologna FC 1909,3,1,it.1,FALSE
2026-01-06,West Ham United,Nottingham Forest,1,2,en.1,FALSE
2026-01-06,AC Pisa 1909,Como 1907,0,3,it.1,FALSE
2026-01-06,US Lecce,AS Roma,0,2,it.1,FALSE
2026-01-06,US Sassuolo Calcio,Juventus,0,3,it.1,FALSE
2026-01-07,AFC Bournemouth,Tottenham Hotspur,3,2,en.1,FALSE
2026-01-07,Crystal Palace,Aston Villa,0,0,en.1,FALSE
2026-01-07,Brentford,Sunderland,3,0,en.1,FALSE
2026-01-07,Everton,Wolverhampton Wanderers,1,1,en.1,FALSE
2026-01-07,Fulham,Chelsea,2,1,en.1,FALSE
2026-01-07,Manchester City,Brighton & Hove Albion,1,1,en.1,FALSE
2026-01-07,Burnley,Manchester United,2,2,en.1,FALSE
2026-01-07,Newcastle United,Leeds United,4,3,en.1,FALSE
2026-01-07,Bologna FC 1909,Atalanta BC,0,2,it.1,FALSE
2026-01-07,SSC Napoli,Hellas Verona,2,2,it.1,FALSE
2026-01-07,Torino,Udinese Calcio,1,2,it.1,FALSE
2026-01-07,SS Lazio,ACF Fiorentina,2,2,it.1,FALSE
2026-01-07,Parma Calcio 1913,FC Internazionale Milano,0,2,it.1,FALSE
2026-01-08,Arsenal,Liverpool,0,0,en.1,FALSE
2026-01-08,US Cremonese,Cagliari Calcio,2,2,it.1,FALSE
2026-01-08,AC Milan,Genoa CFC,1,1,it.1,FALSE
2026-01-09,Getafe CF,Real Sociedad de Fútbol,1,2,es.1,FALSE
2026-01-09,Eintracht Frankfurt,Borussia Dortmund,3,3,de.1,FALSE
2026-01-10,Real Oviedo,Real Betis Balompié,1,1,es.1,FALSE
2026-01-10,Villarreal CF,Deportivo Alavés,3,1,es.1,FALSE
2026-01-10,Girona,CA Osasuna,1,0,es.1,FALSE
2026-01-10,Valencia CF,Elche CF,1,1,es.1,FALSE
2026-01-10,Como 1907,Bologna FC 1909,1,1,it.1,FALSE
2026-01-10,Udinese Calcio,AC Pisa 1909,2,2,it.1,FALSE
2026-01-10,AS Roma,US Sassuolo Calcio,2,0,it.1,FALSE
2026-01-10,Atalanta BC,Torino,2,0,it.1,FALSE
2026-01-10,SC Freiburg,Hamburger SV,2,1,de.1,FALSE
2026-01-10,1. FC Union Berlin,1. FSV Mainz 05,2,2,de.1,FALSE
2026-01-10,1. FC Heidenheim 1846,1. FC Köln,2,2,de.1,FALSE
2026-01-10,Bayer 04 Leverkusen,VfB Stuttgart,1,4,de.1,FALSE
2026-01-11,Rayo Vallecano de Madrid,RCD Mallorca,2,1,es.1,FALSE
2026-01-11,Levante UD,RCD Espanyol de Barcelona,1,1,es.1,FALSE
2026-01-11,US Lecce,Parma Calcio 1913,1,2,it.1,FALSE
2026-01-11,ACF Fiorentina,AC Milan,1,1,it.1,FALSE
2026-01-11,Hellas Verona,SS Lazio,0,1,it.1,FALSE
2026-01-11,FC Internazionale Milano,SSC Napoli,2,2,it.1,FALSE
2026-01-11,Borussia Mönchengladbach,FC Augsburg,4,0,de.1,FALSE
2026-01-11,FC Bayern München,VfL Wolfsburg,8,1,de.1,FALSE
2026-01-12,Sevilla,RC Celta de Vigo,0,1,es.1,FALSE
2026-01-12,Genoa CFC,Cagliari Calcio,3,0,it.1,FALSE
2026-01-12,Juventus,US Cremonese,5,0,it.1,FALSE
2026-01-13,VfB Stuttgart,Eintracht Frankfurt,3,2,de.1,FALSE
2026-01-13,Borussia Dortmund,SV Werder Bremen,3,0,de.1,FALSE
2026-01-13,1. FSV Mainz 05,1. FC Heidenheim 1846,2,1,de.1,FALSE
2026-01-14,SSC Napoli,Parma Calcio 1913,0,0,it.1,FALSE
2026-01-14,FC Internazionale Milano,US Lecce,1,0,it.1,FALSE
2026-01-14,VfL Wolfsburg,FC St. Pauli 1910,2,1,de.1,FALSE
2026-01-14,RB Leipzig,SC Freiburg,2,0,de.1,FALSE
2026-01-14,TSG 1899 Hoffenheim,Borussia Mönchengladbach,5,1,de.1,FALSE
2026-01-14,1. FC Köln,FC Bayern München,1,3,de.1,FALSE
2026-01-15,Hellas Verona,Bologna FC 1909,2,3,it.1,FALSE
2026-01-15,Como 1907,AC Milan,1,3,it.1,FALSE
2026-01-15,FC Augsburg,1. FC Union Berlin,1,1,de.1,FALSE
2026-01-16,RCD Espanyol de Barcelona,Girona,0,2,es.1,FALSE
2026-01-16,AC Pisa 1909,Atalanta BC,1,1,it.1,FALSE
2026-01-16,SV Werder Bremen,Eintracht Frankfurt,3,3,de.1,FALSE
2026-01-17,Manchester United,Manchester City,2,0,en.1,FALSE
2026-01-17,Sunderland,Crystal Palace,2,1,en.1,FALSE
2026-01-17,Chelsea,Brentford,2,0,en.1,FALSE
2026-01-17,Liverpool,Burnley,1,1,en.1,FALSE
2026-01-17,Leeds United,Fulham,1,0,en.1,FALSE
2026-01-17,Tottenham Hotspur,West Ham United,1,2,en.1,FALSE
2026-01-17,Nottingham Forest,Arsenal,0,0,en.1,FALSE
2026-01-17,Real Madrid CF,Levante UD,2,0,es.1,FALSE
2026-01-17,RCD Mallorca,Athletic Club,3,2,es.1,FALSE
2026-01-17,CA Osasuna,Real Oviedo,3,2,es.1,FALSE
2026-01-17,Real Betis Balompié,Villarreal CF,2,0,es.1,FALSE
2026-01-17,Udinese Calcio,FC Internazionale Milano,0,1,it.1,FALSE
2026-01-17,SSC Napoli,US Sassuolo Calcio,1,0,it.1,FALSE
2026-01-17,Cagliari Calcio,Juventus,1,0,it.1,FALSE
2026-01-17,TSG 1899 Hoffenheim,Bayer 04 Leverkusen,1,0,de.1,FALSE
2026-01-17,1. FC Köln,1. FSV Mainz 05,2,1,de.1,FALSE
2026-01-17,Hamburger SV,Borussia Mönchengladbach,0,0,de.1,FALSE
2026-01-17,Borussia Dortmund,FC St. Pauli 1910,3,2,de.1,FALSE
2026-01-17,VfL Wolfsburg,1. FC Heidenheim 1846,1,1,de.1,FALSE
2026-01-17,RB Leipzig,FC Bayern München,1,5,de.1,FALSE
2026-01-18,Wolverhampton Wanderers,Newcastle United,0,0,en.1,FALSE
2026-01-18,Aston Villa,Everton,0,1,en.1,FALSE
2026-01-18,Getafe CF,Valencia CF,0,1,es.1,FALSE
2026-01-18,Club Atlético de Madrid,Deportivo Alavés,1,0,es.1,FALSE
2026-01-18,RC Celta de Vigo,Rayo Vallecano de Madrid,3,0,es.1,FALSE
2026-01-18,Real Sociedad de Fútbol,FC Barcelona,2,1,es.1,FALSE
2026-01-18,Parma Calcio 1913,Genoa CFC,0,0,it.1,FALSE
2026-01-18,Bologna FC 1909,ACF Fiorentina,1,2,it.1,FALSE
2026-01-18,Torino,AS Roma,0,2,it.1,FALSE
2026-01-18,AC Milan,US Lecce,1,0,it.1,FALSE
2026-01-18,VfB Stuttgart,1. FC Union Berlin,1,1,de.1,FALSE
2026-01-18,FC Augsburg,SC Freiburg,2,2,de.1,FALSE
2026-01-19,Brighton & Hove Albion,AFC Bournemouth,1,1,en.1,FALSE
2026-01-19,Elche CF,Sevilla,2,2,es.1,FALSE
2026-01-19,US Cremonese,Hellas Verona,0,0,it.1,FALSE
2026-01-19,SS Lazio,Como 1907,0,3,it.1,FALSE
2026-01-23,Levante UD,Elche CF,3,2,es.1,FALSE
2026-01-23,FC Internazionale Milano,AC Pisa 1909,6,2,it.1,FALSE
2026-01-23,FC St. Pauli 1910,Hamburger SV,0,0,de.1,FALSE
2026-01-24,West Ham United,Sunderland,3,1,en.1,FALSE
2026-01-24,Burnley,Tottenham Hotspur,2,2,en.1,FALSE
2026-01-24,Fulham,Brighton & Hove Albion,2,1,en.1,FALSE
2026-01-24,Manchester City,Wolverhampton Wanderers,2,0,en.1,FALSE
2026-01-24,AFC Bournemouth,Liverpool,3,2,en.1,FALSE
2026-01-24,Rayo Vallecano de Madrid,CA Osasuna,1,3,es.1,FALSE
2026-01-24,Valencia CF,RCD Espanyol de Barcelona,3,2,es.1,FALSE
2026-01-24,Sevilla,Athletic Club,2,1,es.1,FALSE
2026-01-24,Villarreal CF,Real Madrid CF,0,2,es.1,FALSE
2026-01-24,Como 1907,Torino,6,0,it.1,FALSE
2026-01-24,ACF Fiorentina,Cagliari Calcio,1,2,it.1,FALSE
2026-01-24,US Lecce,SS Lazio,0,0,it.1,FALSE
2026-01-24,1. FC Heidenheim 1846,RB Leipzig,0,3,de.1,FALSE
2026-01-24,Bayer 04 Leverkusen,SV Werder Bremen,1,0,de.1,FALSE
2026-01-24,1. FSV Mainz 05,VfL Wolfsburg,3,1,de.1,FALSE
2026-01-24,FC Bayern München,FC Augsburg,1,2,de.1,FALSE
2026-01-24,Eintracht Frankfurt,TSG 1899 Hoffenheim,1,3,de.1,FALSE
2026-01-24,1. FC Union Berlin,Borussia Dortmund,0,3,de.1,FALSE
2026-01-25,Crystal Palace,Chelsea,1,3,en.1,FALSE
2026-01-25,Brentford,Nottingham Forest,0,2,en.1,FALSE
2026-01-25,Newcastle United,Aston Villa,0,2,en.1,FALSE
2026-01-25,Arsenal,Manchester United,2,3,en.1,FALSE
2026-01-25,Club Atlético de Madrid,RCD Mallorca,3,0,es.1,FALSE
2026-01-25,FC Barcelona,Real Oviedo,3,0,es.1,FALSE
2026-01-25,Real Sociedad de Fútbol,RC Celta de Vigo,3,1,es.1,FALSE
2026-01-25,Deportivo Alavés,Real Betis Balompié,2,1,es.1,FALSE
2026-01-25,US Sassuolo Calcio,US Cremonese,1,0,it.1,FALSE
2026-01-25,Atalanta BC,Parma Calcio 1913,4,0,it.1,FALSE
2026-01-25,Genoa CFC,Bologna FC 1909,3,2,it.1,FALSE
2026-01-25,Juventus,SSC Napoli,3,0,it.1,FALSE
2026-01-25,AS Roma,AC Milan,1,1,it.1,FALSE
2026-01-25,Borussia Mönchengladbach,VfB Stuttgart,0,3,de.1,FALSE
2026-01-25,SC Freiburg,1. FC Köln,2,1,de.1,FALSE
2026-01-26,Everton,Leeds United,1,1,en.1,FALSE
2026-01-26,Girona,Getafe CF,1,1,es.1,FALSE
2026-01-26,Hellas Verona,Udinese Calcio,1,3,it.1,FALSE
2026-01-27,SV Werder Bremen,TSG 1899 Hoffenheim,0,2,de.1,FALSE
2026-01-27,FC St. Pauli 1910,RB Leipzig,1,1,de.1,FALSE
2026-01-30,RCD Espanyol de Barcelona,Deportivo Alavés,1,2,es.1,FALSE
2026-01-30,SS Lazio,Genoa CFC,3,2,it.1,FALSE
2026-01-30,1. FC Köln,VfL Wolfsburg,1,0,de.1,FALSE
2026-01-31,Brighton & Hove Albion,Everton,1,1,en.1,FALSE
2026-01-31,Leeds United,Arsenal,0,4,en.1,FALSE
2026-01-31,Wolverhampton Wanderers,AFC Bournemouth,0,2,en.1,FALSE
2026-01-31,Chelsea,West Ham United,3,2,en.1,FALSE
2026-01-31,Liverpool,Newcastle United,4,1,en.1,FALSE
2026-01-31,Real Oviedo,Girona,1,0,es.1,FALSE
2026-01-31,CA Osasuna,Villarreal CF,2,2,es.1,FALSE
2026-01-31,Levante UD,Club Atlético de Madrid,0,0,es.1,FALSE
2026-01-31,Elche CF,FC Barcelona,1,3,es.1,FALSE
2026-01-31,AC Pisa 1909,US Sassuolo Calcio,1,3,it.1,FALSE
2026-01-31,SSC Napoli,ACF Fiorentina,2,1,it.1,FALSE
2026-01-31,Cagliari Calcio,Hellas Verona,4,0,it.1,FALSE
2026-01-31,Eintracht Frankfurt,Bayer 04 Leverkusen,1,3,de.1,FALSE
2026-01-31,RB Leipzig,1. FSV Mainz 05,1,2,de.1,FALSE
2026-01-31,SV Werder Bremen,Borussia Mönchengladbach,1,1,de.1,FALSE
2026-01-31,TSG 1899 Hoffenheim,1. FC Union Berlin,3,1,de.1,FALSE
2026-01-31,FC Augsburg,FC St. Pauli 1910,2,1,de.1,FALSE
2026-01-31,Hamburger SV,FC Bayern München,2,2,de.1,FALSE
2026-02-01,Aston Villa,Brentford,0,1,en.1,FALSE
2026-02-01,Manchester United,Fulham,3,2,en.1,FALSE
2026-02-01,Nottingham Forest,Crystal Palace,1,1,en.1,FALSE
2026-02-01,Tottenham Hotspur,Manchester City,2,2,en.1,FALSE
2026-02-01,Real Madrid CF,Rayo Vallecano de Madrid,2,1,es.1,FALSE
2026-02-01,Real Betis Balompié,Valencia CF,2,1,es.1,FALSE
2026-02-01,Getafe CF,RC Celta de Vigo,0,0,es.1,FALSE
2026-02-01,Athletic Club,Real Sociedad de Fútbol,1,1,es.1,FALSE
2026-02-01,Torino,US Lecce,1,0,it.1,FALSE
2026-02-01,Como 1907,Atalanta BC,0,0,it.1,FALSE
2026-02-01,US Cremonese,FC Internazionale Milano,0,2,it.1,FALSE
2026-02-01,Parma Calcio 1913,Juventus,1,4,it.1,FALSE
2026-02-01,VfB Stuttgart,SC Freiburg,1,0,de.1,FALSE
2026-02-01,Borussia Dortmund,1. FC Heidenheim 1846,3,2,de.1,FALSE
2026-02-02,Sunderland,Burnley,3,0,en.1,FALSE
2026-02-02,RCD Mallorca,Sevilla,4,1,es.1,FALSE
2026-02-02,Udinese Calcio,AS Roma,1,0,it.1,FALSE
2026-02-03,Bologna FC 1909,AC Milan,0,3,it.1,FALSE
2026-02-06,Leeds United,Nottingham Forest,3,1,en.1,FALSE
2026-02-06,RC Celta de Vigo,CA Osasuna,1,2,es.1,FALSE
2026-02-06,Hellas Verona,AC Pisa 1909,0,0,it.1,FALSE
2026-02-06,1. FC Union Berlin,Eintracht Frankfurt,1,1,de.1,FALSE
2026-02-07,Manchester United,Tottenham Hotspur,2,0,en.1,FALSE
2026-02-07,AFC Bournemouth,Aston Villa,1,1,en.1,FALSE
2026-02-07,Arsenal,Sunderland,3,0,en.1,FALSE
2026-02-07,Burnley,West Ham United,0,2,en.1,FALSE
2026-02-07,Fulham,Everton,1,2,en.1,FALSE
2026-02-07,Wolverhampton Wanderers,Chelsea,1,3,en.1,FALSE
2026-02-07,Newcastle United,Brentford,2,3,en.1,FALSE
2026-02-07,FC Barcelona,RCD Mallorca,3,0,es.1,FALSE
2026-02-07,Real Sociedad de Fútbol,Elche CF,3,1,es.1,FALSE
2026-02-07,Genoa CFC,SSC Napoli,2,3,it.1,FALSE
2026-02-07,ACF Fiorentina,Torino,2,2,it.1,FALSE
2026-02-07,VfL Wolfsburg,Borussia Dortmund,1,2,de.1,FALSE
2026-02-07,SC Freiburg,SV Werder Bremen,1,0,de.1,FALSE
2026-02-07,FC St. Pauli 1910,VfB Stuttgart,2,1,de.1,FALSE
2026-02-07,1. FSV Mainz 05,FC Augsburg,2,0,de.1,FALSE
2026-02-07,1. FC Heidenheim 1846,Hamburger SV,0,2,de.1,FALSE
2026-02-07,Borussia Mönchengladbach,Bayer 04 Leverkusen,1,1,de.1,FALSE
2026-02-08,Brighton & Hove Albion,Crystal Palace,0,1,en.1,FALSE
2026-02-08,Liverpool,Manchester City,1,2,en.1,FALSE
2026-02-08,Deportivo Alavés,Getafe CF,0,2,es.1,FALSE
2026-02-08,Athletic Club,Levante UD,4,2,es.1,FALSE
2026-02-08,Sevilla,Girona,1,1,es.1,FALSE
2026-02-08,Club Atlético de Madrid,Real Betis Balompié,0,1,es.1,FALSE
2026-02-08,Valencia CF,Real Madrid CF,0,2,es.1,FALSE
2026-02-08,Bologna FC 1909,Parma Calcio 1913,0,1,it.1,FALSE
2026-02-08,US Lecce,Udinese Calcio,2,1,it.1,FALSE
2026-02-08,US Sassuolo Calcio,FC Internazionale Milano,0,5,it.1,FALSE
2026-02-08,Juventus,SS Lazio,2,2,it.1,FALSE
2026-02-08,1. FC Köln,RB Leipzig,1,2,de.1,FALSE
2026-02-08,FC Bayern München,TSG 1899 Hoffenheim,5,1,de.1,FALSE
2026-02-09,Villarreal CF,RCD Espanyol de Barcelona,4,1,es.1,FALSE
2026-02-09,Atalanta BC,US Cremonese,2,1,it.1,FALSE
2026-02-09,AS Roma,Cagliari Calcio,2,0,it.1,FALSE
2026-02-10,Chelsea,Leeds United,2,2,en.1,FALSE
2026-02-10,Everton,AFC Bournemouth,1,2,en.1,FALSE
2026-02-10,Tottenham Hotspur,Newcastle United,1,2,en.1,FALSE
2026-02-10,West Ham United,Manchester United,1,1,en.1,FALSE
2026-02-11,Aston Villa,Brighton & Hove Albion,1,0,en.1,FALSE
2026-02-11,Manchester City,Fulham,3,0,en.1,FALSE
2026-02-11,Nottingham Forest,Wolverhampton Wanderers,0,0,en.1,FALSE
2026-02-11,Crystal Palace,Burnley,2,3,en.1,FALSE
2026-02-11,Sunderland,Liverpool,0,1,en.1,FALSE
2026-02-12,Brentford,Arsenal,1,1,en.1,FALSE
2026-02-13,Elche CF,CA Osasuna,0,0,es.1,FALSE
2026-02-13,AC Pisa 1909,AC Milan,1,2,it.1,FALSE
2026-02-13,Borussia Dortmund,1. FSV Mainz 05,4,0,de.1,FALSE
2026-02-14,RCD Espanyol de Barcelona,RC Celta de Vigo,2,2,es.1,FALSE
2026-02-14,Getafe CF,Villarreal CF,2,1,es.1,FALSE
2026-02-14,Sevilla,Deportivo Alavés,1,1,es.1,FALSE
2026-02-14,Real Madrid CF,Real Sociedad de Fútbol,4,1,es.1,FALSE
2026-02-14,Como 1907,ACF Fiorentina,1,2,it.1,FALSE
2026-02-14,SS Lazio,Atalanta BC,0,2,it.1,FALSE
2026-02-14,FC Internazionale Milano,Juventus,3,2,it.1,FALSE
2026-02-14,SV Werder Bremen,FC Bayern München,0,3,de.1,FALSE
2026-02-14,TSG 1899 Hoffenheim,SC Freiburg,3,0,de.1,FALSE
2026-02-14,Eintracht Frankfurt,Borussia Mönchengladbach,3,0,de.1,FALSE
2026-02-14,Hamburger SV,1. FC Union Berlin,3,2,de.1,FALSE
2026-02-14,Bayer 04 Leverkusen,FC St. Pauli 1910,4,0,de.1,FALSE
2026-02-14,VfB Stuttgart,1. FC Köln,3,1,de.1,FALSE
2026-02-15,Real Oviedo,Athletic Club,1,2,es.1,FALSE
2026-02-15,Rayo Vallecano de Madrid,Club Atlético de Madrid,3,0,es.1,FALSE
2026-02-15,Levante UD,Valencia CF,0,2,es.1,FALSE
2026-02-15,RCD Mallorca,Real Betis Balompié,1,2,es.1,FALSE
2026-02-15,Udinese Calcio,US Sassuolo Calcio,1,2,it.1,FALSE
2026-02-15,Parma Calcio 1913,Hellas Verona,2,1,it.1,FALSE
2026-02-15,US Cremonese,Genoa CFC,0,0,it.1,FALSE
2026-02-15,Torino,Bologna FC 1909,1,2,it.1,FALSE
2026-02-15,SSC Napoli,AS Roma,2,2,it.1,FALSE
2026-02-15,FC Augsburg,1. FC Heidenheim 1846,1,0,de.1,FALSE
2026-02-15,RB Leipzig,VfL Wolfsburg,2,2,de.1,FALSE
2026-02-16,Girona,FC Barcelona,2,1,es.1,FALSE
2026-02-16,Cagliari Calcio,US Lecce,0,2,it.1,FALSE
2026-02-18,Wolverhampton Wanderers,Arsenal,2,2,en.1,FALSE
2026-02-18,Levante UD,Villarreal CF,0,1,es.1,FALSE
2026-02-18,AC Milan,Como 1907,1,1,it.1,FALSE
2026-02-20,Athletic Club,Elche CF,2,1,es.1,FALSE
2026-02-20,US Sassuolo Calcio,Hellas Verona,3,0,it.1,FALSE
2026-02-20,1. FSV Mainz 05,Hamburger SV,1,1,de.1,FALSE
2026-02-21,Aston Villa,Leeds United,1,1,en.1,FALSE
2026-02-21,Brentford,Brighton & Hove Albion,0,2,en.1,FALSE
2026-02-21,Chelsea,Burnley,1,1,en.1,FALSE
2026-02-21,West Ham United,AFC Bournemouth,0,0,en.1,FALSE
2026-02-21,Manchester City,Newcastle United,2,1,en.1,FALSE
2026-02-21,Real Sociedad de Fútbol,Real Oviedo,3,3,es.1,FALSE
2026-02-21,Real Betis Balompié,Rayo Vallecano de Madrid,1,1,es.1,FALSE
2026-02-21,CA Osasuna,Real Madrid CF,2,1,es.1,FALSE
2026-02-21,Club Atlético de Madrid,RCD Espanyol de Barcelona,4,2,es.1,FALSE
2026-02-21,Juventus,Como 1907,0,2,it.1,FALSE
2026-02-21,US Lecce,FC Internazionale Milano,0,2,it.1,FALSE
2026-02-21,Cagliari Calcio,SS Lazio,0,0,it.1,FALSE
2026-02-21,1. FC Union Berlin,Bayer 04 Leverkusen,1,0,de.1,FALSE
2026-02-21,FC Bayern München,Eintracht Frankfurt,3,2,de.1,FALSE
2026-02-21,VfL Wolfsburg,FC Augsburg,2,3,de.1,FALSE
2026-02-21,1. FC Köln,TSG 1899 Hoffenheim,2,2,de.1,FALSE
2026-02-21,RB Leipzig,Borussia Dortmund,2,2,de.1,FALSE
2026-02-22,Sunderland,Fulham,1,3,en.1,FALSE
2026-02-22,Crystal Palace,Wolverhampton Wanderers,1,0,en.1,FALSE
2026-02-22,Nottingham Forest,Liverpool,0,1,en.1,FALSE
2026-02-22,Tottenham Hotspur,Arsenal,1,4,en.1,FALSE
2026-02-22,Getafe CF,Sevilla,0,1,es.1,FALSE
2026-02-22,FC Barcelona,Levante UD,3,0,es.1,FALSE
2026-02-22,RC Celta de Vigo,RCD Mallorca,2,0,es.1,FALSE
2026-02-22,Villarreal CF,Valencia CF,2,1,es.1,FALSE
2026-02-22,Genoa CFC,Torino,3,0,it.1,FALSE
2026-02-22,Atalanta BC,SSC Napoli,2,1,it.1,FALSE
2026-02-22,AC Milan,Parma Calcio 1913,0,1,it.1,FALSE
2026-02-22,AS Roma,US Cremonese,3,0,it.1,FALSE
2026-02-22,SC Freiburg,Borussia Mönchengladbach,2,1,de.1,FALSE
2026-02-22,FC St. Pauli 1910,SV Werder Bremen,2,1,de.1,FALSE
2026-02-22,1. FC Heidenheim 1846,VfB Stuttgart,3,3,de.1,FALSE
2026-02-23,Everton,Manchester United,0,1,en.1,FALSE
2026-02-23,Deportivo Alavés,Girona,2,2,es.1,FALSE
2026-02-23,ACF Fiorentina,AC Pisa 1909,1,0,it.1,FALSE
2026-02-23,Bologna FC 1909,Udinese Calcio,1,0,it.1,FALSE
2026-02-27,Wolverhampton Wanderers,Aston Villa,2,0,en.1,FALSE
2026-02-27,Levante UD,Deportivo Alavés,2,0,es.1,FALSE
2026-02-27,Parma Calcio 1913,Cagliari Calcio,1,1,it.1,FALSE
2026-02-27,FC Augsburg,1. FC Köln,2,0,de.1,FALSE
2026-02-28,AFC Bournemouth,Sunderland,1,1,en.1,FALSE
2026-02-28,Burnley,Brentford,3,4,en.1,FALSE
2026-02-28,Liverpool,West Ham United,5,2,en.1,FALSE
2026-02-28,Newcastle United,Everton,2,3,en.1,FALSE
2026-02-28,Leeds United,Manchester City,0,1,en.1,FALSE
2026-02-28,Rayo Vallecano de Madrid,Athletic Club,1,1,es.1,FALSE
2026-02-28,FC Barcelona,Villarreal CF,4,1,es.1,FALSE
2026-02-28,RCD Mallorca,Real Sociedad de Fútbol,0,1,es.1,FALSE
2026-02-28,Real Oviedo,Club Atlético de Madrid,0,1,es.1,FALSE
2026-02-28,Como 1907,US Lecce,3,1,it.1,FALSE
2026-02-28,Hellas Verona,SSC Napoli,1,2,it.1,FALSE
2026-02-28,FC Internazionale Milano,Genoa CFC,2,0,it.1,FALSE
2026-02-28,Bayer 04 Leverkusen,1. FSV Mainz 05,1,1,de.1,FALSE
2026-02-28,Borussia Mönchengladbach,1. FC Union Berlin,1,0,de.1,FALSE
2026-02-28,TSG 1899 Hoffenheim,FC St. Pauli 1910,0,1,de.1,FALSE
2026-02-28,SV Werder Bremen,1. FC Heidenheim 1846,2,0,de.1,FALSE
2026-02-28,Borussia Dortmund,FC Bayern München,2,3,de.1,FALSE
2026-03-01,Brighton & Hove Albion,Nottingham Forest,2,1,en.1,FALSE
2026-03-01,Fulham,Tottenham Hotspur,2,1,en.1,FALSE
2026-03-01,Manchester United,Crystal Palace,2,1,en.1,FALSE
2026-03-01,Arsenal,Chelsea,2,1,en.1,FALSE
2026-03-01,Elche CF,RCD Espanyol de Barcelona,2,2,es.1,FALSE
2026-03-01,Valencia CF,CA Osasuna,1,0,es.1,FALSE
2026-03-01,Real Betis Balompié,Sevilla,2,2,es.1,FALSE
2026-03-01,Girona,RC Celta de Vigo,1,2,es.1,FALSE
2026-03-01,US Cremonese,AC Milan,0,2,it.1,FALSE
2026-03-01,US Sassuolo Calcio,Atalanta BC,2,1,it.1,FALSE
2026-03-01,Torino,SS Lazio,2,0,it.1,FALSE
2026-03-01,AS Roma,Juventus,3,3,it.1,FALSE
2026-03-01,VfB Stuttgart,VfL Wolfsburg,4,0,de.1,FALSE
2026-03-01,Eintracht Frankfurt,SC Freiburg,2,0,de.1,FALSE
2026-03-01,Hamburger SV,RB Leipzig,1,2,de.1,FALSE
2026-03-02,Real Madrid CF,Getafe CF,0,1,es.1,FALSE
2026-03-02,AC Pisa 1909,Bologna FC 1909,0,1,it.1,FALSE
2026-03-02,Udinese Calcio,ACF Fiorentina,3,0,it.1,FALSE
2026-03-03,AFC Bournemouth,Brentford,0,0,en.1,FALSE
2026-03-03,Everton,Burnley,2,0,en.1,FALSE
2026-03-03,Leeds United,Sunderland,0,1,en.1,FALSE
2026-03-03,Wolverhampton Wanderers,Liverpool,2,1,en.1,FALSE
2026-03-04,Aston Villa,Chelsea,1,4,en.1,FALSE
2026-03-04,Brighton & Hove Albion,Arsenal,0,1,en.1,FALSE
2026-03-04,Fulham,West Ham United,0,1,en.1,FALSE
2026-03-04,Manchester City,Nottingham Forest,2,2,en.1,FALSE
2026-03-04,Newcastle United,Manchester United,2,1,en.1,FALSE
2026-03-04,Rayo Vallecano de Madrid,Real Oviedo,3,0,es.1,FALSE
2026-03-04,Hamburger SV,Bayer 04 Leverkusen,0,1,de.1,FALSE
2026-03-05,Tottenham Hotspur,Crystal Palace,1,3,en.1,FALSE
2026-03-06,RC Celta de Vigo,Real Madrid CF,1,2,es.1,FALSE
2026-03-06,SSC Napoli,Torino,2,1,it.1,FALSE
2026-03-06,FC Bayern München,Borussia Mönchengladbach,4,1,de.1,FALSE
2026-03-07,CA Osasuna,RCD Mallorca,2,2,es.1,FALSE
2026-03-07,Levante UD,Girona,1,1,es.1,FALSE
2026-03-07,Club Atlético de Madrid,Real Sociedad de Fútbol,3,2,es.1,FALSE
2026-03-07,Athletic Club,FC Barcelona,0,1,es.1,FALSE
2026-03-07,Cagliari Calcio,Como 1907,1,2,it.1,FALSE
2026-03-07,Atalanta BC,Udinese Calcio,2,2,it.1,FALSE
2026-03-07,Juventus,AC Pisa 1909,4,0,it.1,FALSE
2026-03-07,SC Freiburg,Bayer 04 Leverkusen,3,3,de.1,FALSE
2026-03-07,1. FSV Mainz 05,VfB Stuttgart,2,2,de.1,FALSE
2026-03-07,RB Leipzig,FC Augsburg,2,1,de.1,FALSE
2026-03-07,1. FC Heidenheim 1846,TSG 1899 Hoffenheim,2,4,de.1,FALSE
2026-03-07,VfL Wolfsburg,Hamburger SV,1,2,de.1,FALSE
2026-03-07,1. FC Köln,Borussia Dortmund,1,2,de.1,FALSE
2026-03-08,Villarreal CF,Elche CF,2,1,es.1,FALSE
2026-03-08,Getafe CF,Real Betis Balompié,2,0,es.1,FALSE
2026-03-08,Sevilla,Rayo Vallecano de Madrid,1,1,es.1,FALSE
2026-03-08,Valencia CF,Deportivo Alavés,3,2,es.1,FALSE
2026-03-08,US Lecce,US Cremonese,2,1,it.1,FALSE
2026-03-08,Bologna FC 1909,Hellas Verona,1,2,it.1,FALSE
2026-03-08,ACF Fiorentina,Parma Calcio 1913,0,0,it.1,FALSE
2026-03-08,Genoa CFC,AS Roma,2,1,it.1,FALSE
2026-03-08,AC Milan,FC Internazionale Milano,1,0,it.1,FALSE
2026-03-08,FC St. Pauli 1910,Eintracht Frankfurt,0,0,de.1,FALSE
2026-03-08,1. FC Union Berlin,SV Werder Bremen,1,4,de.1,FALSE
2026-03-09,RCD Espanyol de Barcelona,Real Oviedo,1,1,es.1,FALSE
2026-03-09,SS Lazio,US Sassuolo Calcio,2,1,it.1,FALSE
2026-03-13,Deportivo Alavés,Villarreal CF,1,1,es.1,FALSE
2026-03-13,Torino,Parma Calcio 1913,4,1,it.1,FALSE
2026-03-13,Borussia Mönchengladbach,FC St. Pauli 1910,2,0,de.1,FALSE
2026-03-14,Sunderland,Brighton & Hove Albion,0,1,en.1,FALSE
2026-03-14,Burnley,AFC Bournemouth,0,0,en.1,FALSE
2026-03-14,Arsenal,Everton,2,0,en.1,FALSE
2026-03-14,Chelsea,Newcastle United,0,1,en.1,FALSE
2026-03-14,West Ham United,Manchester City,1,1,en.1,FALSE
2026-03-14,Girona,Athletic Club,3,0,es.1,FALSE
2026-03-14,Club Atlético de Madrid,Getafe CF,1,0,es.1,FALSE
2026-03-14,Real Oviedo,Valencia CF,1,0,es.1,FALSE
2026-03-14,Real Madrid CF,Elche CF,4,1,es.1,FALSE
2026-03-14,FC Internazionale Milano,Atalanta BC,1,1,it.1,FALSE
2026-03-14,SSC Napoli,US Lecce,2,1,it.1,FALSE
2026-03-14,Udinese Calcio,Juventus,0,1,it.1,FALSE
2026-03-14,Bayer 04 Leverkusen,FC Bayern München,1,1,de.1,FALSE
2026-03-14,TSG 1899 Hoffenheim,VfL Wolfsburg,1,1,de.1,FALSE
2026-03-14,Borussia Dortmund,FC Augsburg,2,0,de.1,FALSE
2026-03-14,Eintracht Frankfurt,1. FC Heidenheim 1846,1,0,de.1,FALSE
2026-03-14,Hamburger SV,1. FC Köln,1,1,de.1,FALSE
2026-03-15,Crystal Palace,Leeds United,0,0,en.1,FALSE
2026-03-15,Manchester United,Aston Villa,3,1,en.1,FALSE
2026-03-15,Nottingham Forest,Fulham,0,0,en.1,FALSE
2026-03-15,Liverpool,Tottenham Hotspur,1,1,en.1,FALSE
2026-03-15,RCD Mallorca,RCD Espanyol de Barcelona,2,1,es.1,FALSE
2026-03-15,FC Barcelona,Sevilla,5,2,es.1,FALSE
2026-03-15,Real Betis Balompié,RC Celta de Vigo,1,1,es.1,FALSE
2026-03-15,Real Sociedad de Fútbol,CA Osasuna,3,1,es.1,FALSE
2026-03-15,Hellas Verona,Genoa CFC,0,2,it.1,FALSE
2026-03-15,AC Pisa 1909,Cagliari Calcio,3,1,it.1,FALSE
2026-03-15,US Sassuolo Calcio,Bologna FC 1909,0,1,it.1,FALSE
2026-03-15,Como 1907,AS Roma,2,1,it.1,FALSE
2026-03-15,SS Lazio,AC Milan,1,0,it.1,FALSE
2026-03-15,SV Werder Bremen,1. FSV Mainz 05,0,2,de.1,FALSE
2026-03-15,SC Freiburg,1. FC Union Berlin,0,1,de.1,FALSE
2026-03-15,VfB Stuttgart,RB Leipzig,1,0,de.1,FALSE
2026-03-16,Brentford,Wolverhampton Wanderers,2,2,en.1,FALSE
2026-03-16,Rayo Vallecano de Madrid,Levante UD,1,1,es.1,FALSE
2026-03-16,US Cremonese,ACF Fiorentina,1,4,it.1,FALSE
2026-03-20,AFC Bournemouth,Manchester United,2,2,en.1,FALSE
2026-03-20,Villarreal CF,Real Sociedad de Fútbol,3,1,es.1,FALSE
2026-03-20,Cagliari Calcio,SSC Napoli,0,1,it.1,FALSE
2026-03-20,Genoa CFC,Udinese Calcio,0,2,it.1,FALSE
2026-03-20,RB Leipzig,TSG 1899 Hoffenheim,5,0,de.1,FALSE
2026-03-21,Brighton & Hove Albion,Liverpool,2,1,en.1,FALSE
2026-03-21,Fulham,Burnley,3,1,en.1,FALSE
2026-03-21,Everton,Chelsea,3,0,en.1,FALSE
2026-03-21,Leeds United,Brentford,0,0,en.1,FALSE
2026-03-21,Elche CF,RCD Mallorca,2,1,es.1,FALSE
2026-03-21,RCD Espanyol de Barcelona,Getafe CF,1,2,es.1,FALSE
2026-03-21,Levante UD,Real Oviedo,4,2,es.1,FALSE
2026-03-21,CA Osasuna,Girona,1,0,es.1,FALSE
2026-03-21,Sevilla,Valencia CF,0,2,es.1,FALSE
2026-03-21,Parma Calcio 1913,US Cremonese,0,2,it.1,FALSE
2026-03-21,AC Milan,Torino,3,2,it.1,FALSE
2026-03-21,Juventus,US Sassuolo Calcio,1,1,it.1,FALSE
2026-03-21,1. FC Heidenheim 1846,Bayer 04 Leverkusen,3,3,de.1,FALSE
2026-03-21,VfL Wolfsburg,SV Werder Bremen,0,1,de.1,FALSE
2026-03-21,1. FC Köln,Borussia Mönchengladbach,3,3,de.1,FALSE
2026-03-21,FC Bayern München,1. FC Union Berlin,4,0,de.1,FALSE
2026-03-21,Borussia Dortmund,Hamburger SV,3,2,de.1,FALSE
2026-03-22,Newcastle United,Sunderland,1,2,en.1,FALSE
2026-03-22,Aston Villa,West Ham United,2,0,en.1,FALSE
2026-03-22,Tottenham Hotspur,Nottingham Forest,0,3,en.1,FALSE
2026-03-22,FC Barcelona,Rayo Vallecano de Madrid,1,0,es.1,FALSE
2026-03-22,RC Celta de Vigo,Deportivo Alavés,3,4,es.1,FALSE
2026-03-22,Athletic Club,Real Betis Balompié,2,1,es.1,FALSE
2026-03-22,Real Madrid CF,Club Atlético de Madrid,3,2,es.1,FALSE
2026-03-22,Como 1907,AC Pisa 1909,5,0,it.1,FALSE
2026-03-22,Atalanta BC,Hellas Verona,1,0,it.1,FALSE
2026-03-22,Bologna FC 1909,SS Lazio,0,2,it.1,FALSE
2026-03-22,AS Roma,US Lecce,1,0,it.1,FALSE
2026-03-22,ACF Fiorentina,FC Internazionale Milano,1,1,it.1,FALSE
2026-03-22,1. FSV Mainz 05,Eintracht Frankfurt,2,1,de.1,FALSE
2026-03-22,FC St. Pauli 1910,SC Freiburg,1,2,de.1,FALSE
2026-03-22,FC Augsburg,VfB Stuttgart,2,5,de.1,FALSE
2026-04-03,Rayo Vallecano de Madrid,Elche CF,1,0,es.1,FALSE
2026-04-04,Real Sociedad de Fútbol,Levante UD,2,0,es.1,FALSE
2026-04-04,RCD Mallorca,Real Madrid CF,2,1,es.1,FALSE
2026-04-04,Real Betis Balompié,RCD Espanyol de Barcelona,0,0,es.1,FALSE
2026-04-04,Club Atlético de Madrid,FC Barcelona,1,2,es.1,FALSE
2026-04-04,US Sassuolo Calcio,Cagliari Calcio,2,1,it.1,FALSE
2026-04-04,Hellas Verona,ACF Fiorentina,0,1,it.1,FALSE
2026-04-04,SS Lazio,Parma Calcio 1913,1,1,it.1,FALSE
2026-04-04,SC Freiburg,FC Bayern München,2,3,de.1,FALSE
2026-04-04,TSG 1899 Hoffenheim,1. FSV Mainz 05,1,2,de.1,FALSE
2026-04-04,SV Werder Bremen,RB Leipzig,1,2,de.1,FALSE
2026-04-04,Bayer 04 Leverkusen,VfL Wolfsburg,6,3,de.1,FALSE
2026-04-04,Hamburger SV,FC Augsburg,1,1,de.1,FALSE
2026-04-04,Borussia Mönchengladbach,1. FC Heidenheim 1846,2,2,de.1,FALSE
2026-04-04,VfB Stuttgart,Borussia Dortmund,0,2,de.1,FALSE
2026-04-05,Getafe CF,Athletic Club,2,0,es.1,FALSE
2026-04-05,Valencia CF,RC Celta de Vigo,2,3,es.1,FALSE
2026-04-05,Real Oviedo,Sevilla,1,0,es.1,FALSE
2026-04-05,Deportivo Alavés,CA Osasuna,2,2,es.1,FALSE
2026-04-05,US Cremonese,Bologna FC 1909,1,2,it.1,FALSE
2026-04-05,AC Pisa 1909,Torino,0,1,it.1,FALSE
2026-04-05,FC Internazionale Milano,AS Roma,5,2,it.1,FALSE
2026-04-05,1. FC Union Berlin,FC St. Pauli 1910,1,1,de.1,FALSE
2026-04-05,Eintracht Frankfurt,1. FC Köln,2,2,de.1,FALSE
2026-04-06,Girona,Villarreal CF,1,0,es.1,FALSE
2026-04-06,Udinese Calcio,Como 1907,0,0,it.1,FALSE
2026-04-06,US Lecce,Atalanta BC,0,3,it.1,FALSE
2026-04-06,Juventus,Genoa CFC,2,0,it.1,FALSE
2026-04-06,SSC Napoli,AC Milan,1,0,it.1,FALSE
2026-04-10,West Ham United,Wolverhampton Wanderers,4,0,en.1,FALSE
2026-04-10,Real Madrid CF,Girona,1,1,es.1,FALSE
2026-04-10,AS Roma,AC Pisa 1909,3,0,it.1,FALSE
2026-04-10,FC Augsburg,TSG 1899 Hoffenheim,2,2,de.1,FALSE
2026-04-11,Arsenal,AFC Bournemouth,1,2,en.1,FALSE
2026-04-11,Brentford,Everton,2,2,en.1,FALSE
2026-04-11,Burnley,Brighton & Hove Albion,0,2,en.1,FALSE
2026-04-11,Liverpool,Fulham,2,0,en.1,FALSE
2026-04-11,Real Sociedad de Fútbol,Deportivo Alavés,3,3,es.1,FALSE
2026-04-11,Elche CF,Valencia CF,1,0,es.1,FALSE
2026-04-11,FC Barcelona,RCD Espanyol de Barcelona,4,1,es.1,FALSE
2026-04-11,Sevilla,Club Atlético de Madrid,2,1,es.1,FALSE
2026-04-11,Cagliari Calcio,US Cremonese,1,0,it.1,FALSE
2026-04-11,Torino,Hellas Verona,2,1,it.1,FALSE
2026-04-11,AC Milan,Udinese Calcio,0,3,it.1,FALSE
2026-04-11,Atalanta BC,Juventus,0,1,it.1,FALSE
2026-04-11,Borussia Dortmund,Bayer 04 Leverkusen,0,1,de.1,FALSE
2026-04-11,VfL Wolfsburg,Eintracht Frankfurt,1,2,de.1,FALSE
2026-04-11,RB Leipzig,Borussia Mönchengladbach,1,0,de.1,FALSE
2026-04-11,1. FC Heidenheim 1846,1. FC Union Berlin,3,1,de.1,FALSE
2026-04-11,FC St. Pauli 1910,FC Bayern München,0,5,de.1,FALSE
2026-04-12,Sunderland,Tottenham Hotspur,1,0,en.1,FALSE
2026-04-12,Crystal Palace,Newcastle United,2,1,en.1,FALSE
2026-04-12,Nottingham Forest,Aston Villa,1,1,en.1,FALSE
2026-04-12,Chelsea,Manchester City,0,3,en.1,FALSE
2026-04-12,CA Osasuna,Real Betis Balompié,1,1,es.1,FALSE
2026-04-12,RCD Mallorca,Rayo Vallecano de Madrid,3,0,es.1,FALSE
2026-04-12,RC Celta de Vigo,Real Oviedo,0,3,es.1,FALSE
2026-04-12,Athletic Club,Villarreal CF,1,2,es.1,FALSE
2026-04-12,Genoa CFC,US Sassuolo Calcio,2,1,it.1,FALSE
2026-04-12,Parma Calcio 1913,SSC Napoli,1,1,it.1,FALSE
2026-04-12,Bologna FC 1909,US Lecce,2,0,it.1,FALSE
2026-04-12,Como 1907,FC Internazionale Milano,3,4,it.1,FALSE
2026-04-12,1. FC Köln,SV Werder Bremen,3,1,de.1,FALSE
2026-04-12,VfB Stuttgart,Hamburger SV,4,0,de.1,FALSE
2026-04-12,1. FSV Mainz 05,SC Freiburg,0,1,de.1,FALSE
2026-04-13,Manchester United,Leeds United,1,2,en.1,FALSE
2026-04-13,Levante UD,Getafe CF,1,0,es.1,FALSE
2026-04-13,ACF Fiorentina,SS Lazio,1,0,it.1,FALSE
2026-04-17,US Sassuolo Calcio,Como 1907,2,1,it.1,FALSE
2026-04-17,FC Internazionale Milano,Cagliari Calcio,3,0,it.1,FALSE
2026-04-17,FC St. Pauli 1910,1. FC Köln,1,1,de.1,FALSE
2026-04-18,Brentford,Fulham,0,0,en.1,FALSE
2026-04-18,Newcastle United,AFC Bournemouth,1,2,en.1,FALSE
2026-04-18,Leeds United,Wolverhampton Wanderers,3,0,en.1,FALSE
2026-04-18,Tottenham Hotspur,Brighton & Hove Albion,2,2,en.1,FALSE
2026-04-18,Chelsea,Manchester United,0,1,en.1,FALSE
2026-04-18,Udinese Calcio,Parma Calcio 1913,0,1,it.1,FALSE
2026-04-18,SSC Napoli,SS Lazio,0,2,it.1,FALSE
2026-04-18,AS Roma,Atalanta BC,1,1,it.1,FALSE
2026-04-18,SV Werder Bremen,Hamburger SV,3,1,de.1,FALSE
2026-04-18,Bayer 04 Leverkusen,FC Augsburg,1,2,de.1,FALSE
2026-04-18,TSG 1899 Hoffenheim,Borussia Dortmund,2,1,de.1,FALSE
2026-04-18,1. FC Union Berlin,VfL Wolfsburg,1,2,de.1,FALSE
2026-04-18,Eintracht Frankfurt,RB Leipzig,1,3,de.1,FALSE
2026-04-19,Nottingham Forest,Burnley,4,1,en.1,FALSE
2026-04-19,Aston Villa,Sunderland,4,3,en.1,FALSE
2026-04-19,Everton,Liverpool,1,2,en.1,FALSE
2026-04-19,Manchester City,Arsenal,2,1,en.1,FALSE
2026-04-19,US Cremonese,Torino,0,0,it.1,FALSE
2026-04-19,Hellas Verona,AC Milan,0,1,it.1,FALSE
2026-04-19,AC Pisa 1909,Genoa CFC,1,2,it.1,FALSE
2026-04-19,Juventus,Bologna FC 1909,2,0,it.1,FALSE
2026-04-19,SC Freiburg,1. FC Heidenheim 1846,2,1,de.1,FALSE
2026-04-19,FC Bayern München,VfB Stuttgart,4,2,de.1,FALSE
2026-04-19,Borussia Mönchengladbach,1. FSV Mainz 05,1,1,de.1,FALSE
2026-04-20,Crystal Palace,West Ham United,0,0,en.1,FALSE
2026-04-20,US Lecce,ACF Fiorentina,1,1,it.1,FALSE
2026-04-21,Brighton & Hove Albion,Chelsea,3,0,en.1,FALSE
2026-04-21,Athletic Club,CA Osasuna,1,0,es.1,FALSE
2026-04-21,RCD Mallorca,Valencia CF,1,1,es.1,FALSE
2026-04-21,Real Madrid CF,Deportivo Alavés,2,1,es.1,FALSE
2026-04-21,Girona,Real Betis Balompié,2,3,es.1,FALSE
2026-04-22,AFC Bournemouth,Leeds United,2,2,en.1,FALSE
2026-04-22,Burnley,Manchester City,0,1,en.1,FALSE
2026-04-22,Elche CF,Club Atlético de Madrid,3,2,es.1,FALSE
2026-04-22,Real Sociedad de Fútbol,Getafe CF,0,1,es.1,FALSE
2026-04-22,FC Barcelona,RC Celta de Vigo,1,0,es.1,FALSE
2026-04-23,Levante UD,Sevilla,2,0,es.1,FALSE
2026-04-23,Rayo Vallecano de Madrid,RCD Espanyol de Barcelona,1,0,es.1,FALSE
2026-04-23,Real Oviedo,Villarreal CF,1,1,es.1,FALSE
2026-04-24,Sunderland,Nottingham Forest,0,5,en.1,FALSE
2026-04-24,Real Betis Balompié,Real Madrid CF,1,1,es.1,FALSE
2026-04-24,SSC Napoli,US Cremonese,4,0,it.1,FALSE
2026-04-24,RB Leipzig,1. FC Union Berlin,3,1,de.1,FALSE
2026-04-25,Fulham,Aston Villa,1,0,en.1,FALSE
2026-04-25,Liverpool,Crystal Palace,3,1,en.1,FALSE
2026-04-25,West Ham United,Everton,2,1,en.1,FALSE
2026-04-25,Wolverhampton Wanderers,Tottenham Hotspur,0,1,en.1,FALSE
2026-04-25,Arsenal,Newcastle United,1,0,en.1,FALSE
2026-04-25,Deportivo Alavés,RCD Mallorca,2,1,es.1,FALSE
2026-04-25,Getafe CF,FC Barcelona,0,2,es.1,FALSE
2026-04-25,Valencia CF,Girona,2,1,es.1,FALSE
2026-04-25,Club Atlético de Madrid,Athletic Club,3,2,es.1,FALSE
2026-04-25,Parma Calcio 1913,AC Pisa 1909,1,0,it.1,FALSE
2026-04-25,Bologna FC 1909,AS Roma,0,2,it.1,FALSE
2026-04-25,Hellas Verona,US Lecce,0,0,it.1,FALSE
2026-04-25,1. FSV Mainz 05,FC Bayern München,3,4,de.1,FALSE
2026-04-25,1. FC Köln,Bayer 04 Leverkusen,1,2,de.1,FALSE
2026-04-25,FC Augsburg,Eintracht Frankfurt,1,1,de.1,FALSE
2026-04-25,VfL Wolfsburg,Borussia Mönchengladbach,0,0,de.1,FALSE
2026-04-25,1. FC Heidenheim 1846,FC St. Pauli 1910,2,0,de.1,FALSE
2026-04-25,Hamburger SV,TSG 1899 Hoffenheim,1,2,de.1,FALSE
2026-04-26,Rayo Vallecano de Madrid,Real Sociedad de Fútbol,3,3,es.1,FALSE
2026-04-26,Real Oviedo,Elche CF,1,2,es.1,FALSE
2026-04-26,CA Osasuna,Sevilla,2,1,es.1,FALSE
2026-04-26,Villarreal CF,RC Celta de Vigo,2,1,es.1,FALSE
2026-04-26,ACF Fiorentina,US Sassuolo Calcio,0,0,it.1,FALSE
2026-04-26,Genoa CFC,Como 1907,0,2,it.1,FALSE
2026-04-26,Torino,FC Internazionale Milano,2,2,it.1,FALSE
2026-04-26,AC Milan,Juventus,0,0,it.1,FALSE
2026-04-26,VfB Stuttgart,SV Werder Bremen,1,1,de.1,FALSE
2026-04-26,Borussia Dortmund,SC Freiburg,4,0,de.1,FALSE
2026-04-27,Manchester United,Brentford,2,1,en.1,FALSE
2026-04-27,RCD Espanyol de Barcelona,Levante UD,0,0,es.1,FALSE
2026-04-27,Cagliari Calcio,Atalanta BC,3,2,it.1,FALSE
2026-04-27,SS Lazio,Udinese Calcio,3,3,it.1,FALSE
2026-05-01,Leeds United,Burnley,3,1,en.1,FALSE
2026-05-01,Girona,RCD Mallorca,0,1,es.1,FALSE
2026-05-01,AC Pisa 1909,US Lecce,1,2,it.1,FALSE
2026-05-02,Brentford,West Ham United,3,0,en.1,FALSE
2026-05-02,Newcastle United,Brighton & Hove Albion,3,1,en.1,FALSE
2026-05-02,Wolverhampton Wanderers,Sunderland,1,1,en.1,FALSE
2026-05-02,Arsenal,Fulham,3,0,en.1,FALSE
2026-05-02,Villarreal CF,Levante UD,5,1,es.1,FALSE
2026-05-02,Valencia CF,Club Atlético de Madrid,0,2,es.1,FALSE
2026-05-02,Deportivo Alavés,Athletic Club,2,4,es.1,FALSE
2026-05-02,CA Osasuna,FC Barcelona,1,2,es.1,FALSE
2026-05-02,Udinese Calcio,Torino,2,0,it.1,FALSE
2026-05-02,Como 1907,SSC Napoli,0,0,it.1,FALSE
2026-05-02,Atalanta BC,Genoa CFC,0,0,it.1,FALSE
2026-05-02,TSG 1899 Hoffenheim,VfB Stuttgart,3,3,de.1,FALSE
2026-05-02,SV Werder Bremen,FC Augsburg,1,3,de.1,FALSE
2026-05-02,FC Bayern München,1. FC Heidenheim 1846,3,3,de.1,FALSE
2026-05-02,1. FC Union Berlin,1. FC Köln,2,2,de.1,FALSE
2026-05-02,Eintracht Frankfurt,Hamburger SV,1,2,de.1,FALSE
2026-05-02,Bayer 04 Leverkusen,RB Leipzig,4,1,de.1,FALSE
2026-05-03,AFC Bournemouth,Crystal Palace,3,0,en.1,FALSE
2026-05-03,Manchester United,Liverpool,3,2,en.1,FALSE
2026-05-03,Aston Villa,Tottenham Hotspur,1,2,en.1,FALSE
2026-05-03,RC Celta de Vigo,Elche CF,3,1,es.1,FALSE
2026-05-03,Getafe CF,Rayo Vallecano de Madrid,0,2,es.1,FALSE
2026-05-03,Real Betis Balompié,Real Oviedo,3,0,es.1,FALSE
2026-05-03,RCD Espanyol de Barcelona,Real Madrid CF,0,2,es.1,FALSE
2026-05-03,Bologna FC 1909,Cagliari Calcio,0,0,it.1,FALSE
2026-05-03,US Sassuolo Calcio,AC Milan,2,0,it.1,FALSE
2026-05-03,Juventus,Hellas Verona,1,1,it.1,FALSE
2026-05-03,FC Internazionale Milano,Parma Calcio 1913,2,0,it.1,FALSE
2026-05-03,FC St. Pauli 1910,1. FSV Mainz 05,1,2,de.1,FALSE
2026-05-03,Borussia Mönchengladbach,Borussia Dortmund,1,0,de.1,FALSE
2026-05-03,SC Freiburg,VfL Wolfsburg,1,1,de.1,FALSE
2026-05-04,Chelsea,Nottingham Forest,1,3,en.1,FALSE
2026-05-04,Everton,Manchester City,3,3,en.1,FALSE
2026-05-04,Sevilla,Real Sociedad de Fútbol,1,0,es.1,FALSE
2026-05-04,US Cremonese,SS Lazio,1,2,it.1,FALSE
2026-05-04,AS Roma,ACF Fiorentina,4,0,it.1,FALSE
2026-05-08,Levante UD,CA Osasuna,3,2,es.1,FALSE
2026-05-08,Torino,US Sassuolo Calcio,2,1,it.1,FALSE
2026-05-08,Borussia Dortmund,Eintracht Frankfurt,3,2,de.1,FALSE
2026-05-09,Liverpool,Chelsea,1,1,en.1,FALSE
2026-05-09,Sunderland,Manchester United,0,0,en.1,FALSE
2026-05-09,Brighton & Hove Albion,Wolverhampton Wanderers,3,0,en.1,FALSE
2026-05-09,Fulham,AFC Bournemouth,0,1,en.1,FALSE
2026-05-09,Manchester City,Brentford,3,0,en.1,FALSE
2026-05-09,Elche CF,Deportivo Alavés,1,1,es.1,FALSE
2026-05-09,Sevilla,RCD Espanyol de Barcelona,2,1,es.1,FALSE
2026-05-09,Club Atlético de Madrid,RC Celta de Vigo,0,1,es.1,FALSE
2026-05-09,Real Sociedad de Fútbol,Real Betis Balompié,2,2,es.1,FALSE
2026-05-09,Cagliari Calcio,Udinese Calcio,0,2,it.1,FALSE
2026-05-09,SS Lazio,FC Internazionale Milano,0,3,it.1,FALSE
2026-05-09,US Lecce,Juventus,0,1,it.1,FALSE
2026-05-09,VfB Stuttgart,Bayer 04 Leverkusen,3,1,de.1,FALSE
2026-05-09,TSG 1899 Hoffenheim,SV Werder Bremen,1,0,de.1,FALSE
2026-05-09,FC Augsburg,Borussia Mönchengladbach,3,1,de.1,FALSE
2026-05-09,RB Leipzig,FC St. Pauli 1910,2,1,de.1,FALSE
2026-05-09,VfL Wolfsburg,FC Bayern München,0,1,de.1,FALSE
2026-05-10,Crystal Palace,Everton,2,2,en.1,FALSE
2026-05-10,Burnley,Aston Villa,2,2,en.1,FALSE
2026-05-10,Nottingham Forest,Newcastle United,1,1,en.1,FALSE
2026-05-10,West Ham United,Arsenal,0,1,en.1,FALSE
2026-05-10,RCD Mallorca,Villarreal CF,1,1,es.1,FALSE
2026-05-10,Athletic Club,Valencia CF,0,1,es.1,FALSE
2026-05-10,Real Oviedo,Getafe CF,0,0,es.1,FALSE
2026-05-10,FC Barcelona,Real Madrid CF,2,0,es.1,FALSE
2026-05-10,Hellas Verona,Como 1907,0,1,it.1,FALSE
2026-05-10,ACF Fiorentina,Genoa CFC,0,0,it.1,FALSE
2026-05-10,US Cremonese,AC Pisa 1909,3,0,it.1,FALSE
2026-05-10,Parma Calcio 1913,AS Roma,2,3,it.1,FALSE
2026-05-10,AC Milan,Atalanta BC,2,3,it.1,FALSE
2026-05-10,Hamburger SV,SC Freiburg,3,2,de.1,FALSE
2026-05-10,1. FC Köln,1. FC Heidenheim 1846,1,3,de.1,FALSE
2026-05-10,1. FSV Mainz 05,1. FC Union Berlin,1,3,de.1,FALSE
2026-05-11,Tottenham Hotspur,Leeds United,1,1,en.1,FALSE
2026-05-11,Rayo Vallecano de Madrid,Girona,1,1,es.1,FALSE
2026-05-11,SSC Napoli,Bologna FC 1909,2,3,it.1,FALSE
2026-05-12,RC Celta de Vigo,Levante UD,2,3,es.1,FALSE
2026-05-12,Real Betis Balompié,Elche CF,2,1,es.1,FALSE
2026-05-12,CA Osasuna,Club Atlético de Madrid,1,2,es.1,FALSE
2026-05-13,Manchester City,Crystal Palace,3,0,en.1,FALSE
2026-05-13,RCD Espanyol de Barcelona,Athletic Club,2,0,es.1,FALSE
2026-05-13,Villarreal CF,Sevilla,2,3,es.1,FALSE
2026-05-13,Deportivo Alavés,FC Barcelona,1,0,es.1,FALSE
2026-05-13,Getafe CF,RCD Mallorca,3,1,es.1,FALSE
2026-05-14,Valencia CF,Rayo Vallecano de Madrid,1,1,es.1,FALSE
2026-05-14,Girona,Real Sociedad de Fútbol,1,1,es.1,FALSE
2026-05-14,Real Madrid CF,Real Oviedo,2,0,es.1,FALSE
2026-05-15,Aston Villa,Liverpool,4,2,en.1,FALSE
2026-05-16,SV Werder Bremen,Borussia Dortmund,0,2,de.1,FALSE
2026-05-16,1. FC Heidenheim 1846,1. FSV Mainz 05,0,2,de.1,FALSE
2026-05-16,SC Freiburg,RB Leipzig,4,1,de.1,FALSE
2026-05-16,Eintracht Frankfurt,VfB Stuttgart,2,2,de.1,FALSE
2026-05-16,FC St. Pauli 1910,VfL Wolfsburg,1,3,de.1,FALSE
2026-05-16,1. FC Union Berlin,FC Augsburg,4,0,de.1,FALSE
2026-05-16,Borussia Mönchengladbach,TSG 1899 Hoffenheim,4,0,de.1,FALSE
2026-05-16,FC Bayern München,1. FC Köln,5,1,de.1,FALSE
2026-05-16,Bayer 04 Leverkusen,Hamburger SV,1,1,de.1,FALSE
2026-05-17,Manchester United,Nottingham Forest,3,2,en.1,FALSE
2026-05-17,Brentford,Crystal Palace,2,2,en.1,FALSE
2026-05-17,Everton,Sunderland,1,3,en.1,FALSE
2026-05-17,Leeds United,Brighton & Hove Albion,1,0,en.1,FALSE
2026-05-17,Wolverhampton Wanderers,Fulham,1,1,en.1,FALSE
2026-05-17,Newcastle United,West Ham United,3,1,en.1,FALSE
2026-05-17,Athletic Club,RC Celta de Vigo,1,1,es.1,FALSE
2026-05-17,Club Atlético de Madrid,Girona,1,0,es.1,FALSE
2026-05-17,Elche CF,Getafe CF,1,0,es.1,FALSE
2026-05-17,Levante UD,RCD Mallorca,2,0,es.1,FALSE
2026-05-17,Rayo Vallecano de Madrid,Villarreal CF,2,0,es.1,FALSE
2026-05-17,Real Sociedad de Fútbol,Valencia CF,3,4,es.1,FALSE
2026-05-17,Real Oviedo,Deportivo Alavés,0,1,es.1,FALSE
2026-05-17,CA Osasuna,RCD Espanyol de Barcelona,1,2,es.1,FALSE
2026-05-17,Sevilla,Real Madrid CF,0,1,es.1,FALSE
2026-05-17,FC Barcelona,Real Betis Balompié,3,1,es.1,FALSE
2026-05-17,AS Roma,SS Lazio,2,0,it.1,FALSE
2026-05-17,Genoa CFC,AC Milan,1,2,it.1,FALSE
2026-05-17,Como 1907,Parma Calcio 1913,1,0,it.1,FALSE
2026-05-17,Juventus,ACF Fiorentina,0,2,it.1,FALSE
2026-05-17,AC Pisa 1909,SSC Napoli,0,3,it.1,FALSE
2026-05-17,FC Internazionale Milano,Hellas Verona,1,1,it.1,FALSE
2026-05-17,Atalanta BC,Bologna FC 1909,0,1,it.1,FALSE
2026-05-17,Cagliari Calcio,Torino,2,1,it.1,FALSE
2026-05-17,US Sassuolo Calcio,US Lecce,2,3,it.1,FALSE
2026-05-17,Udinese Calcio,US Cremonese,0,1,it.1,FALSE
2026-05-18,Arsenal,Burnley,1,0,en.1,FALSE
2026-05-19,AFC Bournemouth,Manchester City,1,1,en.1,FALSE
2026-05-19,Chelsea,Tottenham Hotspur,2,1,en.1,FALSE
2026-05-22,ACF Fiorentina,Atalanta BC,1,1,it.1,FALSE
2026-05-23,Deportivo Alavés,Rayo Vallecano de Madrid,1,2,es.1,FALSE
2026-05-23,Real Betis Balompié,Levante UD,2,1,es.1,FALSE
2026-05-23,RC Celta de Vigo,Sevilla,1,0,es.1,FALSE
2026-05-23,RCD Espanyol de Barcelona,Real Sociedad de Fútbol,1,1,es.1,FALSE
2026-05-23,Getafe CF,CA Osasuna,1,0,es.1,FALSE
2026-05-23,RCD Mallorca,Real Oviedo,3,0,es.1,FALSE
2026-05-23,Real Madrid CF,Athletic Club,4,2,es.1,FALSE
2026-05-23,Valencia CF,FC Barcelona,3,1,es.1,FALSE
2026-05-23,Girona,Elche CF,1,1,es.1,FALSE
2026-05-23,Bologna FC 1909,FC Internazionale Milano,3,3,it.1,FALSE
2026-05-23,SS Lazio,AC Pisa 1909,2,1,it.1,FALSE
2026-05-24,Sunderland,Chelsea,2,1,en.1,FALSE
2026-05-24,Brighton & Hove Albion,Manchester United,0,3,en.1,FALSE
2026-05-24,Crystal Palace,Arsenal,1,2,en.1,FALSE
2026-05-24,Burnley,Wolverhampton Wanderers,1,1,en.1,FALSE
2026-05-24,Fulham,Newcastle United,2,0,en.1,FALSE
2026-05-24,Liverpool,Brentford,1,1,en.1,FALSE
2026-05-24,Manchester City,Aston Villa,1,2,en.1,FALSE
2026-05-24,Nottingham Forest,AFC Bournemouth,1,1,en.1,FALSE
2026-05-24,Tottenham Hotspur,Everton,1,0,en.1,FALSE
2026-05-24,West Ham United,Leeds United,3,0,en.1,FALSE
2026-05-24,Villarreal CF,Club Atlético de Madrid,5,1,es.1,FALSE
2026-05-24,Parma Calcio 1913,US Sassuolo Calcio,1,0,it.1,FALSE
2026-05-24,SSC Napoli,Udinese Calcio,1,0,it.1,FALSE
2026-05-24,AC Milan,Cagliari Calcio,1,2,it.1,FALSE
2026-05-24,Hellas Verona,AS Roma,0,2,it.1,FALSE
2026-05-24,US Cremonese,Como 1907,1,4,it.1,FALSE
2026-05-24,US Lecce,Genoa CFC,1,0,it.1,FALSE
2026-05-24,Torino,Juventus,2,2,it.1,FALSE
